name1,name2,is_match,name1_clean,name2_clean,name1_clean,name2_clean,cosine_sim,sbert_sim,jaro_sim,metaphone_match,soundex_match,Levenshtein,jaccard,token_set_ratio,similar_gender,is_abbreviation,predicted_match,match_probability
md mohsin hashmi,m hashmi,1,md mohsin hashmi,m hashmi,md mohsin hashmi,m hashmi,0.576460301501468,0.6498376,0.6755952380952381,0,0,8,0.25,0.86,1,1,1,0.89895767
venu bhargava mulpuri surgical gastroenterologist,m venu bhargava,0,venu bhargava mulpuri surgical,m venu bhargava,venu bhargava mulpuri surgical,m venu bhargava,0.5718633065623654,0.7060061,0.6777777777777777,0,0,19,0.4,0.93,1,1,1,0.89895767
sudhansu sekhar sutar,s sutar,0,sudhansu sekhar sutar,s sutar,sudhansu sekhar sutar,s sutar,0.5863914690548548,0.536058,0.6031746031746031,0,0,14,0.25,0.83,0,1,1,0.89895767
shiv kishor,shiva kishore,1,shiv kishor,shiva kishore,shiv kishor,shiva kishore,0.6731304054921563,0.50858396,0.9692307692307692,1,1,2,0.0,0.92,0,0,1,0.88466895
bhardwaj vijayesh,vijyesh bharadwaj,1,bhardwaj vijayesh,vijyesh bharadwaj,bhardwaj vijayesh,vijyesh bharadwaj,0.5689010159601953,0.6510954,0.46498599439775906,0,0,16,0.0,0.94,0,0,1,0.5659059
suresh kumar sarawgi,s sarawgi,1,suresh kumar sarawgi,s sarawgi,suresh kumar sarawgi,s sarawgi,0.8070159791084492,0.5902618,0.6,0,0,11,0.25,0.88,1,1,1,0.89895767
dekanilotpal,deka nilotpal,1,deka nilotpal,deka nilotpal,deka nilotpal,deka nilotpal,1.0,1.0,1.0,1,1,0,1.0,1.0,1,1,1,0.89880055
hemasundar,hema sundar,1,hema sundar,hema sundar,hema sundar,hema sundar,1.0,1.0,1.0,1,1,0,1.0,1.0,1,1,1,0.89880055
mujawar parvej abdul jabbar surgeon doctor in dhule,parvej mujawar,0,mujawar parvej abdul jabbar in dhule,parvej mujawar,mujawar parvej abdul jabbar in dhule,parvej mujawar,0.665323196183324,0.68218285,0.6296296296296297,0,0,24,0.3333333333333333,1.0,0,1,1,0.89895767
m r attri,mohan r attri,1,m r attri,mohan r attri,m r attri,mohan r attri,0.8242792379720556,0.58229506,0.841025641025641,0,0,4,0.5,0.88,1,1,1,0.89895767
gundam siva srinivasa reddy,b srinivasa reddy,0,gundam siva srinivasa reddy,b srinivasa reddy,gundam siva srinivasa reddy,b srinivasa reddy,0.7458632070111211,0.598951,0.740423021060276,0,0,11,0.4,0.94,1,0,1,0.88408244
n suresh anand,n suresh,1,n suresh anand,n suresh,n suresh anand,n suresh,0.7618092344474886,0.4831714,0.9142857142857143,0,1,6,0.6666666666666666,1.0,0,1,1,0.89279956
balamurali,bala murali,1,bala murali,bala murali,bala murali,bala murali,1.0000000000000002,1.0,1.0,1,1,0,1.0,1.0,1,1,1,0.89880055
kunwar roop singh,s kunwar,0,kunwar roop singh,s kunwar,kunwar roop singh,s kunwar,0.670722283571681,0.6114783,0.6193977591036414,0,0,13,0.25,0.86,0,1,1,0.89895767
aditya prasad padhy,p padhy,0,aditya prasad padhy,p padhy,aditya prasad padhy,p padhy,0.594753115630638,0.6241745,0.5258145363408522,0,0,12,0.25,0.83,0,1,1,0.89895767
mageswaran perumal,m perumal,0,mageswaran perumal,m perumal,mageswaran perumal,m perumal,0.6828645519525351,0.5048665,0.47222222222222215,0,0,9,0.3333333333333333,0.88,0,1,1,0.89895767
devender singh,devender dr,0,devender singh,devender,devender singh,devender,0.8632657707611046,0.6098958,0.9142857142857143,0,1,6,0.5,1.0,0,0,1,0.62057614
pksharma,p k sharma,1,p k sharma,p k sharma,p k sharma,p k sharma,1.0,1.0,1.0,1,1,0,1.0,1.0,1,1,1,0.89880055
seshadri ln,p sheshadri,0,seshadri ln,p sheshadri,seshadri ln,p sheshadri,0.545142843577413,0.5753182,0.7765151515151515,0,0,6,0.0,0.82,1,0,1,0.8501488
rahman altabur,altabur rahaman,1,rahman altabur,altabur rahaman,rahman altabur,altabur rahaman,0.8339468527489239,0.63478875,0.5603174603174603,0,0,12,0.3333333333333333,0.97,0,0,1,0.88654673
g aurobinda mohapatra,a mohapatra,0,g aurobinda mohapatra,a mohapatra,g aurobinda mohapatra,a mohapatra,0.64940879590888,0.6340273,0.5613275613275613,0,0,10,0.25,0.9,1,1,1,0.89895767
saba shaheen,sabha saheen,1,saba shaheen,sabha saheen,saba shaheen,sabha saheen,0.5570842032257579,0.48675248,0.9611111111111111,0,1,2,0.0,0.92,1,0,1,0.8873722
m muthuraman,muthu raman,0,m muthuraman,muthu raman,m muthuraman,muthu raman,0.7267992260271838,0.60744923,0.9204545454545455,0,0,3,0.0,0.87,0,0,1,0.881361
n c obul reddy,n c obul,1,n c obul reddy,n c obul,n c obul reddy,n c obul,0.8262393410229044,0.6375463,0.9142857142857143,0,1,6,0.75,1.0,0,1,1,0.89880055
ananthasamy,anantha samy,1,anantha samy,anantha samy,anantha samy,anantha samy,1.0,1.0000001,1.0,1,1,0,1.0,1.0,1,1,1,0.89880055
vaidya hiren premshand surgeon doctor in surat,hiren vaidya,0,vaidya hiren premshand in surat,hiren vaidya,vaidya hiren premshand in surat,hiren vaidya,0.656955001744839,0.7670254,0.656810035842294,0,0,22,0.4,1.0,1,1,1,0.89895767
drkotaiah voguri,oguri kotaiah,0,drkotaiah voguri,oguri kotaiah,drkotaiah voguri,oguri kotaiah,0.6545365686387761,0.45044047,0.6930361305361306,0,0,12,0.0,0.9,1,0,1,0.83672446
ingilela sireesh,sireesh i,0,ingilela sireesh,sireesh i,ingilela sireesh,sireesh i,0.5844832898158984,0.38187015,0.5560185185185186,0,0,11,0.3333333333333333,0.88,0,1,1,0.86786854
kingsly iyyankutty,kingsley ayyankutty,0,kingsly iyyankutty,kingsley ayyankutty,kingsly iyyankutty,kingsley ayyankutty,0.7322598804935501,0.5014505,0.9560715514275886,0,1,2,0.0,0.92,0,0,1,0.88466895
farish shamsudeen,fareesh shamsudheen,1,farish shamsudeen,fareesh shamsudheen,farish shamsudeen,fareesh shamsudheen,0.6009342229626754,0.5584879,0.9494324045407637,0,1,3,0.0,0.89,0,0,1,0.881361
shanmuga sundaram,d shanmugasundaram,0,shanmuga sundaram,d shanmugasundaram,shanmuga sundaram,d shanmugasundaram,0.7885471547485275,0.6146928,0.903050108932462,0,0,3,0.0,0.91,0,0,1,0.881361
mahendra p jha,m p jha,0,mahendra p jha,m p jha,mahendra p jha,m p jha,0.5859130469960437,0.68240476,0.5357142857142857,0,0,7,0.5,0.83,1,1,1,0.89895767
m p jha dhanbad jharkhand,m p jha,1,m p jha dhanbad jharkhand,m p jha,m p jha dhanbad jharkhand,m p jha,0.5875997699343767,0.6200861,0.8560000000000001,0,0,18,0.6,1.0,1,1,1,0.8988362
kkvijayakumar,a vijayakumar,0,kkvijayakumar,a vijayakumar,kkvijayakumar,a vijayakumar,0.8474912558859821,0.5258856,0.7459207459207459,0,0,2,0.0,0.85,0,0,1,0.8693051
ajay kumar,ajayakumar,1,ajay kumar,ajayakumar,ajay kumar,ajayakumar,0.6554474690507084,0.6286591,0.9155555555555556,0,1,1,0.0,0.9,0,0,1,0.88466895
s sadasivam,r sadhasivam,1,s sadasivam,r sadhasivam,s sadasivam,r sadhasivam,0.6391479250480345,0.6322411,0.8141414141414142,0,0,2,0.0,0.87,0,0,1,0.8693051
snbaser,s n baser,1,s n baser,s n baser,s n baser,s n baser,1.0,0.99999994,1.0,1,1,0,1.0,1.0,0,1,1,0.89880055
cuchelkar vaikunth pandurang,p v cuchelkar,1,cuchelkar vaikunth pandurang,p v cuchelkar,cuchelkar vaikunth pandurang,p v cuchelkar,0.6376783372614333,0.6951184,0.5948218448218449,0,0,23,0.2,0.82,0,1,1,0.8983663
js chhabra,j s chabra,1,js chhabra,j s chabra,js chhabra,j s chabra,0.5295175537724842,0.43361646,0.9066666666666667,0,0,2,0.0,0.9,1,0,1,0.8426527
modi parth jagdishbhai,parth modi,1,modi parth jagdishbhai,parth modi,modi parth jagdishbhai,parth modi,0.5964408254633123,0.7270204,0.6515151515151515,0,0,14,0.6666666666666666,1.0,1,1,1,0.89895767
rajiv nandan sahai,r nandan,1,rajiv nandan sahai,r nandan,rajiv nandan sahai,r nandan,0.5322231223743231,0.59297574,0.6898148148148149,0,0,10,0.25,0.86,0,1,1,0.8920554
sunil ram velayudhan,velayudhan,1,sunil ram velayudhan,velayudhan,sunil ram velayudhan,velayudhan,0.8351767592819314,0.58391345,0.45,0,0,10,0.3333333333333333,1.0,0,0,1,0.8792234
udaya shankar,uday sankar,1,udaya shankar,uday sankar,udaya shankar,uday sankar,0.6898552370853641,0.59119344,0.9146853146853147,0,1,2,0.0,0.92,0,0,1,0.88466895
ashish,ashish kumar,1,ashish,ashish kumar,ashish,ashish kumar,0.8216212420964105,0.6037932,0.9,0,0,6,0.5,1.0,0,0,1,0.75421536
cr chhallani,c r challani,1,cr chhallani,c r challani,cr chhallani,c r challani,0.5968401408671841,0.5135529,0.9227272727272726,0,1,2,0.0,0.83,1,0,1,0.88466895
masleh uddin,m maslehuddin,1,masleh uddin,m maslehuddin,masleh uddin,m maslehuddin,0.7255006261950545,0.44395596,0.9019230769230769,0,0,3,0.0,0.88,0,0,1,0.881361
ramya r,ramya ramakrishnan,0,ramya r,ramya ramakrishnan,ramya r,ramya ramakrishnan,0.6192493798884902,0.4859898,0.8777777777777778,0,0,11,0.3333333333333333,0.83,1,1,1,0.8897651
harsh vardhan,harsha wardhan,1,harsh vardhan,harsha wardhan,harsh vardhan,harsha wardhan,0.6815374438051955,0.50944597,0.906043956043956,0,0,2,0.0,0.89,0,0,1,0.8838407
som ranjan pathak,r pathak,1,som ranjan pathak,r pathak,som ranjan pathak,r pathak,0.5778906044162238,0.5891047,0.4950980392156863,0,0,9,0.25,0.86,0,1,1,0.89895767
naresh mashetty,naresh m,0,naresh mashetty,naresh m,naresh mashetty,naresh m,0.572822650536947,0.59495056,0.9066666666666666,0,1,7,0.3333333333333333,0.86,0,1,1,0.89880055
rkannan,kannan,0,rkannan,kannan,rkannan,kannan,0.7069653477664334,0.63378716,0.9523809523809524,0,0,1,0.0,0.92,0,0,1,0.8838407
hemasundar,v hema sundar,1,hemasundar,v hema sundar,hemasundar,v hema sundar,0.7338076193065362,0.51902,0.923076923076923,0,0,3,0.0,0.87,0,0,1,0.881361
more keshav bhaskar rao,keshav b more,1,more keshav bhaskar rao,keshav b more,more keshav bhaskar rao,keshav b more,0.7359170365147797,0.6457543,0.701226309921962,0,0,14,0.4,0.92,0,1,1,0.89895767
jhasampurnanand,sampuranand jha,1,jhasampurnanand,sampuranand jha,jhasampurnanand,sampuranand jha,0.6618341200775102,0.5313915,0.7555555555555555,0,0,8,0.0,0.93,0,0,1,0.86638767
shamsudeen m,k shamsudheen,1,shamsudeen m,k shamsudheen,shamsudeen m,k shamsudheen,0.6734511232405843,0.605512,0.8675213675213675,0,0,5,0.0,0.88,0,0,1,0.8622457
tryeshwanth,t r yeshwanth,1,t r yeshwanth,t r yeshwanth,t r yeshwanth,t r yeshwanth,1.0,1.0,1.0,1,1,0,1.0,1.0,0,1,1,0.89880055
rajiv ranjan sinha,r sinha,0,rajiv ranjan sinha,r sinha,rajiv ranjan sinha,r sinha,0.561594238191072,0.50967723,0.5973544973544974,0,0,11,0.25,0.83,1,1,1,0.89895767
aksingh,a k singh,1,a k singh,a k singh,a k singh,a k singh,1.0000000000000002,1.0,1.0,1,1,0,1.0,1.0,0,1,1,0.89880055
s mitra general physician,s k mitra,0,s mitra,s k mitra,s mitra,s k mitra,0.9631082038740968,0.9079793,0.9407407407407408,0,0,2,0.6666666666666666,1.0,1,1,1,0.89880055
devisingh choudhary,devi singh chaudhary,1,devisingh choudhary,devi singh chaudhary,devisingh choudhary,devi singh chaudhary,0.6006199546183847,0.5285391,0.9139181286549708,0,1,2,0.0,0.92,0,0,1,0.88466895
sselvarajan,s selvarajan,1,s selvarajan,s selvarajan,s selvarajan,s selvarajan,1.0000000000000002,1.0000001,1.0,1,1,0,1.0,1.0,0,1,1,0.89880055
cpdubey,c p dubey,1,c p dubey,c p dubey,c p dubey,c p dubey,1.0000000000000002,1.0000001,1.0,1,1,0,1.0,1.0,0,1,1,0.89880055
moolchand prajapat,mulchand prajapati,0,moolchand prajapat,mulchand prajapati,moolchand prajapat,mulchand prajapati,0.5742229722457365,0.62934446,0.9333333333333333,1,1,3,0.0,0.89,0,0,1,0.881361
nsiddhartha,sidhartha,0,nsiddhartha,sidhartha,nsiddhartha,sidhartha,0.5164506755516401,0.5021049,0.9393939393939394,0,0,2,0.0,0.9,1,0,1,0.7321094
harish saidu,saidu,1,harish saidu,saidu,harish saidu,saidu,0.7946640068181552,0.62996364,0.5055555555555555,0,0,7,0.5,1.0,0,0,1,0.82542205
shakir tabrez,s tabrez,1,shakir tabrez,s tabrez,shakir tabrez,s tabrez,0.792508421956963,0.5310088,0.8096153846153846,0,0,5,0.3333333333333333,0.86,0,1,1,0.89895767
madhusudan v desai,m v desai,0,madhusudan v desai,m v desai,madhusudan v desai,m v desai,0.5571641768977039,0.6380022,0.5444444444444444,0,0,9,0.5,0.88,1,1,1,0.89855313
shine bhargavan,b shine,0,shine bhargavan,b shine,shine bhargavan,b shine,0.5944740821943217,0.72436804,0.6793650793650793,0,0,12,0.3333333333333333,0.83,0,1,1,0.89895767
tschandrasekar,c chandrasekar,0,tschandrasekar,c chandrasekar,tschandrasekar,c chandrasekar,0.7240618375109692,0.5604931,0.9047619047619048,0,0,2,0.0,0.86,0,0,1,0.8838407
g chakraborty,subhrojyoti chakraborty,0,g chakraborty,subhrojyoti chakraborty,g chakraborty,subhrojyoti chakraborty,0.6087434693789242,0.69416535,0.6482720178372352,0,0,11,0.3333333333333333,0.92,0,0,1,0.56464946
prafull,prafull j patel,0,prafull,prafull j patel,prafull,prafull j patel,0.8351147605435636,0.64407355,0.8933333333333334,0,1,8,0.3333333333333333,1.0,0,0,1,0.8007256
krishna prabakar,prabhakar krishn,1,krishna prabakar,prabhakar krishn,krishna prabakar,prabhakar krishn,0.5836779347499647,0.5953574,0.65,0,0,13,0.0,0.94,0,0,1,0.5774517
murali,jayaraman murali,1,murali,jayaraman murali,murali,jayaraman murali,0.6793773039874533,0.7257855,0.45138888888888884,0,0,10,0.5,1.0,1,0,1,0.85274076
kumar gaurav mishra,k gaurav,0,kumar gaurav mishra,k gaurav,kumar gaurav mishra,k gaurav,0.6837614774649253,0.6206086,0.7513157894736843,0,0,11,0.25,0.86,0,1,1,0.89895767
g santhi vardhani,shanthi vardini,0,g santhi vardhani,shanthi vardini,g santhi vardhani,shanthi vardini,0.5566446431907323,0.4408068,0.800201106083459,0,0,5,0.0,0.81,1,0,1,0.85189754
harsh vardhan,harshwardhan x,0,harsh vardhan,harshwardhan x,harsh vardhan,harshwardhan x,0.6522454432159976,0.51381207,0.9263736263736264,0,0,4,0.0,0.81,0,0,1,0.8688796
muhammed haneefa,haneefa,0,muhammed haneefa,haneefa,muhammed haneefa,haneefa,0.6983003598482782,0.6717933,0.6071428571428571,0,0,9,0.5,1.0,1,0,1,0.8560578
mmalarvannan,malarvannan j,0,mmalarvanna n,malarvannan j,mmalarvanna n,malarvannan j,0.7451269196420462,0.44495273,0.9288461538461538,0,1,3,0.0,0.85,0,0,1,0.881361
gsuresh,suresh,0,gsuresh,suresh,gsuresh,suresh,0.5859285904753078,0.29804417,0.9523809523809524,0,0,1,0.0,0.92,0,0,1,0.8838407
mustafa hussain razvi,m razvi,0,mustafa hussain razvi,m razvi,mustafa hussain razvi,m razvi,0.5441598666711601,0.49089065,0.503968253968254,0,0,14,0.25,0.83,1,1,1,0.88535404
g chandrashekar,chandra shekhar,0,g chandrashekar,chandra shekhar,g chandrashekar,chandra shekhar,0.5453967754775194,0.6648455,0.8603174603174604,0,0,4,0.0,0.87,0,0,1,0.8439313
hvmadhusudan,hv madhusudhan,0,hvmadhusudan,hv madhusudhan,hvmadhusudan,hv madhusudhan,0.5470529445541525,0.6267772,0.9619047619047619,0,1,2,0.0,0.92,0,0,1,0.86237264
sarda raman,raman sharda,0,sarda raman,raman sharda,sarda raman,raman sharda,0.786036944854579,0.6299553,0.6446608946608947,0,0,9,0.3333333333333333,0.96,1,0,1,0.88654673
boopathy kanniappa mudaliar,k boopathy,0,boopathy kanniappa mudaliar,k boopathy,boopathy kanniappa mudaliar,k boopathy,0.5672169735885453,0.61284816,0.6234567901234568,0,0,21,0.25,0.89,0,1,1,0.89895767
l mahabaleshwar surgeon doctor in adilabad,mahabaleshwar,0,l mahabaleshwar in adilabad,mahabaleshwar,l mahabaleshwar in adilabad,mahabaleshwar,0.7124286822531833,0.7830934,0.7502374169040835,0,0,14,0.25,1.0,0,0,1,0.8752093
balaji gurappa,g balaji,0,balaji gurappa,g balaji,balaji gurappa,g balaji,0.6168682585554578,0.7654536,0.6488095238095238,0,0,10,0.3333333333333333,0.86,1,1,1,0.89895767
s sunil surgeon doctor in kottayam,sunil s,0,s sunil in kottayam,sunil s,s sunil in kottayam,sunil s,0.49224468520178133,0.6614924,0.6466165413533834,0,0,13,0.5,1.0,0,1,1,0.5135221
balaji gopalakrishnan,g balaji,0,balaji gopalakrishnan,g balaji,balaji gopalakrishnan,g balaji,0.5649895481760484,0.62631905,0.6686507936507936,0,0,16,0.3333333333333333,0.86,1,1,1,0.89895767
mandal prasenjit,prosenjit mondal,0,mandal prasenjit,prosenjit mondal,mandal prasenjit,prosenjit mondal,0.5789149738831914,0.5025828,0.6401515151515151,0,0,15,0.0,0.88,0,0,1,0.83672446
mahesh kariyappa,k mahesh,0,mahesh kariyappa,k mahesh,mahesh kariyappa,k mahesh,0.5324531925370033,0.6805482,0.6666666666666666,0,0,12,0.3333333333333333,0.86,0,1,1,0.8939444
kavsar petrolwala,kaysar patrolwala,0,kavsar petrolwala,kaysar patrolwala,kavsar petrolwala,kaysar patrolwala,0.5160597509427071,0.60706407,0.8661437908496732,0,0,2,0.0,0.88,1,0,1,0.72211164
parthasarathy g,pardhasarathy p,0,parthasarathy g,pardhasarathy p,parthasarathy g,pardhasarathy p,0.6285300261755971,0.25776058,0.9377777777777778,0,1,2,0.0,0.87,0,0,1,0.88466895
bhagat,deepak bhagat,0,bhagat,deepak bhagat,bhagat,deepak bhagat,0.7259329119627161,0.7120115,0.49572649572649574,0,0,7,0.5,1.0,0,0,1,0.82542205
syed nadeem,syed nadeem,1,syed nadeem,syed nadeem,syed nadeem,syed nadeem,1.0,1.0,1.0,1,1,0,1.0,1.0,0,1,1,0.89880055
naseer mir,naseer mir,1,naseer mir,naseer mir,naseer mir,naseer mir,1.0,1.0,1.0,1,1,0,1.0,1.0,0,1,1,0.89880055
pradeep kumar,pradeep kumar,1,pradeep kumar,pradeep kumar,pradeep kumar,pradeep kumar,1.0,1.0,1.0,1,1,0,1.0,1.0,0,1,1,0.89880055
pradeep kumar gour,pradeep kumar,1,pradeep kumar gour,pradeep kumar,pradeep kumar gour,pradeep kumar,0.7612577450523325,0.8802282,0.9444444444444444,0,1,5,0.6666666666666666,1.0,0,1,1,0.89880055
sunil tibrewal,sunil tibrewal,1,sunil tibrewal,sunil tibrewal,sunil tibrewal,sunil tibrewal,1.0000000000000004,1.0000001,1.0,1,1,0,1.0,1.0,0,1,1,0.89880055
jainendra kumar,jainendra kumar,1,jainendra kumar,jainendra kumar,jainendra kumar,jainendra kumar,1.0000000000000002,1.0,1.0,1,1,0,1.0,1.0,1,1,1,0.89880055
jainendra,jainendra kumar,1,jainendra,jainendra kumar,jainendra,jainendra kumar,0.9084545930226614,0.87808585,0.92,0,1,6,0.5,1.0,1,0,1,0.6291691
ajay gupta,ajay gupta,1,ajay gupta,ajay gupta,ajay gupta,ajay gupta,1.0000000000000002,1.0,1.0,1,1,0,1.0,1.0,1,1,1,0.89880055
alisha gupta,alisha gupta,1,alisha gupta,alisha gupta,alisha gupta,alisha gupta,1.0,1.0000001,1.0,1,1,0,1.0,1.0,1,1,1,0.89880055
manoj p nair,manoj,1,manoj p nair,manoj,manoj p nair,manoj,0.6983546600999913,0.77655965,0.8833333333333334,0,0,7,0.3333333333333333,1.0,0,0,1,0.77198017
jilani awati,jilani awati,1,jilani awati,jilani awati,jilani awati,jilani awati,1.0000000000000002,1.0000001,1.0,1,1,0,1.0,1.0,1,1,1,0.89880055
kanti shamsukha,kanti shamsukha,1,kanti shamsukha,kanti shamsukha,kanti shamsukha,kanti shamsukha,1.0000000000000002,1.0000001,1.0,1,1,0,1.0,1.0,1,1,1,0.89880055
rakesh kumar,rakesh,1,rakesh kumar,rakesh,rakesh kumar,rakesh,0.8515327441541538,0.6793979,0.9,0,0,6,0.5,1.0,0,0,1,0.76373917
prithvi raj k,prithvi raj,1,prithvi raj k,prithvi raj,prithvi raj k,prithvi raj,0.982684397564267,0.95726824,0.9692307692307692,0,1,2,0.6666666666666666,1.0,1,1,1,0.89880055
prakash pamonkar,prakash p,1,prakash pamonkar,prakash p,prakash pamonkar,prakash p,0.5578526422845108,0.7371322,0.9125,0,1,7,0.3333333333333333,0.88,0,1,1,0.8983954
rakesh reddy,rakesh,1,rakesh reddy,rakesh,rakesh reddy,rakesh,0.7438466357351686,0.67716384,0.9,0,0,6,0.5,1.0,0,0,1,0.76373917
rakesh singh,rakesh,1,rakesh singh,rakesh,rakesh singh,rakesh,0.7919965581680046,0.6969769,0.9,0,0,6,0.5,1.0,0,0,1,0.76373917
sathyanarayanan j d,s sathyanarayan,0,sathyanarayanan j d,s sathyanarayan,sathyanarayanan j d,s sathyanarayan,0.8784276772694027,0.87582564,0.8652631578947367,0,0,8,0.0,0.82,0,0,1,0.8628849
narayana prasad,narayana prasad,1,narayana prasad,narayana prasad,narayana prasad,narayana prasad,1.0000000000000004,1.0,1.0,1,1,0,1.0,1.0,1,1,1,0.89880055
naveen rao co,naveen rao,1,naveen rao co,naveen rao,naveen rao co,naveen rao,0.8020151060656528,0.9070952,0.9538461538461538,0,1,3,0.6666666666666666,1.0,0,1,1,0.89880055
satya prakash,satya,1,satya prakash,satya,satya prakash,satya,0.7161214038711128,0.7660726,0.8769230769230769,0,0,8,0.5,1.0,1,0,1,0.8247963
d narayana prasad,narayana prasad,1,d narayana prasad,narayana prasad,d narayana prasad,narayana prasad,0.9737628028475931,0.9434767,0.8718954248366013,0,0,2,0.6666666666666666,1.0,1,1,1,0.89880055
prasad narayanan,narayana prasad,1,prasad narayanan,narayana prasad,prasad narayanan,narayana prasad,0.9180021910821768,0.9176812,0.7388888888888889,0,0,10,0.3333333333333333,0.97,0,0,1,0.88654673
vikram vaidya panjabrao vaidya,vikram vaidya,1,vikram vaidya panjabrao vaidya,vikram vaidya,vikram vaidya panjabrao vaidya,vikram vaidya,0.8276513235522955,0.86810076,0.8866666666666667,0,1,17,0.6666666666666666,1.0,1,1,1,0.89880055
ashwini dash,ashwini dash,1,ashwini dash,ashwini dash,ashwini dash,ashwini dash,1.0000000000000002,1.0000001,1.0,1,1,0,1.0,1.0,1,1,1,0.89880055
diwakar nr,diwakar n,1,diwakar nr,diwakar n,diwakar nr,diwakar n,0.7767762973664147,0.9521655,0.98,0,1,1,0.3333333333333333,0.95,0,1,1,0.89880055
kalpesh gajiwala,kalpesh gajiwala,1,kalpesh gajiwala,kalpesh gajiwala,kalpesh gajiwala,kalpesh gajiwala,1.0000000000000002,1.0,1.0,1,1,0,1.0,1.0,1,1,1,0.89880055
harshad r purandare,harshad purandare,1,harshad r purandare,harshad purandare,harshad r purandare,harshad purandare,0.9882611552029402,0.9438238,0.9318885448916409,0,1,2,0.6666666666666666,1.0,0,1,1,0.89880055
harshad purandare,harshad purandare,1,harshad purandare,harshad purandare,harshad purandare,harshad purandare,1.0000000000000002,1.0000001,1.0,1,1,0,1.0,1.0,0,1,1,0.89880055
g venkatesh babu,venkatesh babu g,1,g venkatesh babu,venkatesh babu g,g venkatesh babu,venkatesh babu g,1.0,0.976964,0.9166666666666666,0,0,4,1.0,1.0,0,1,1,0.89880055
v prasad,prasadh s,0,v prasad,prasadh s,v prasad,prasadh s,0.575993204295478,0.6550252,0.8055555555555555,0,0,5,0.0,0.82,0,0,1,0.84833217
hari krishna reddy,hari krishna reddy k,0,hari krishna reddy,hari krishna reddy k,hari krishna reddy,hari krishna reddy k,0.9845608835161991,0.9639611,0.98,0,1,2,0.75,1.0,1,1,1,0.89880055
harmeet paul singh,harmeet paul singh,1,harmeet paul singh,harmeet paul singh,harmeet paul singh,harmeet paul singh,1.0,1.0,1.0,1,1,0,1.0,1.0,0,1,1,0.89880055
s balamurugan,bala murugan,1,s balamurugan,bala murugan,s balamurugan,bala murugan,0.7851332087455826,0.6664411,0.9188034188034188,0,0,3,0.0,0.88,0,0,1,0.881361
jagdish chander,jagdish chander,1,jagdish chander,jagdish chander,jagdish chander,jagdish chander,0.9999999999999998,1.0,1.0,1,1,0,1.0,1.0,0,1,1,0.89880055
k krishna reddy,hari krishna reddy k,0,k krishna reddy,hari krishna reddy k,k krishna reddy,hari krishna reddy k,0.8997374460468188,0.87561893,0.7825396825396825,0,0,6,0.75,1.0,1,0,1,0.809445
vijay thakore,vijay thakore,1,vijay thakore,vijay thakore,vijay thakore,vijay thakore,1.0000000000000002,1.0,1.0,1,1,0,1.0,1.0,0,1,1,0.89880055
rajesh kumar enagala,m rajesh kumar,0,rajesh kumar enagala,m rajesh kumar,rajesh kumar enagala,m rajesh kumar,0.593267044750926,0.76764417,0.7056776556776557,0,0,10,0.5,0.92,0,0,1,0.56464946
anshuman kumar,anshuman kumar,1,anshuman kumar,anshuman kumar,anshuman kumar,anshuman kumar,1.0000000000000002,1.0,1.0,1,1,0,1.0,1.0,0,1,1,0.89880055
rajesh kumar,m rajesh kumar,1,rajesh kumar,m rajesh kumar,rajesh kumar,m rajesh kumar,0.9642169943646406,0.9344106,0.8690476190476191,0,0,2,0.6666666666666666,1.0,0,1,1,0.89880055
m v naveen reddy,m v naveen,1,m v naveen reddy,m v naveen,m v naveen reddy,m v naveen,0.7705323235923839,0.6392004,0.925,0,1,6,0.75,1.0,0,1,1,0.89880055
ss narnoly,s narnoly,1,ss narnoly,s narnoly,ss narnoly,s narnoly,0.8788226373806501,0.82615554,0.97,1,1,1,0.3333333333333333,0.95,0,1,1,0.89880055
naveen m v,m v naveen,1,naveen m v,m v naveen,naveen m v,m v naveen,1.0000000000000002,0.9760052,0.7000000000000001,0,0,8,1.0,1.0,0,1,1,0.89895767
kishore pawar,kishore,1,kishore pawar,kishore,kishore pawar,kishore,0.7779704306503948,0.779391,0.9076923076923077,0,0,6,0.5,1.0,0,0,1,0.6598852
kishore reddy,kishore,1,kishore reddy,kishore,kishore reddy,kishore,0.7988674298756341,0.6700258,0.9076923076923077,0,0,6,0.5,1.0,0,0,1,0.66293246
sule p k,p k sule,1,sule p k,p k sule,sule p k,p k sule,1.0000000000000002,0.97303206,0.5,0,0,8,1.0,1.0,0,1,1,0.89895767
santanu kar,santanu kar,1,santanu kar,santanu kar,santanu kar,santanu kar,1.0,1.0000001,1.0,1,1,0,1.0,1.0,0,1,1,0.89880055
neeti kapur,neeti kapur,1,neeti kapur,neeti kapur,neeti kapur,neeti kapur,1.0000000000000002,1.0000001,1.0,1,1,0,1.0,1.0,1,1,1,0.89880055
abdullah umayr,abdullah,0,abdullah umayr,abdullah,abdullah umayr,abdullah,0.7313645814683873,0.7419277,0.9142857142857143,0,1,6,0.5,1.0,0,0,1,0.6327569
abdul rashid lone,abdul rashid lone,1,abdul rashid lone,abdul rashid lone,abdul rashid lone,abdul rashid lone,1.0,1.0,1.0,1,1,0,1.0,1.0,0,1,1,0.89880055
mohammed abdullah,abdullah,1,mohammed abdullah,abdullah,mohammed abdullah,abdullah,0.753465066053122,0.89563465,0.411764705882353,0,0,9,0.5,1.0,0,0,1,0.8850593
sukriti bhalla,sukriti,1,sukriti bhalla,sukriti,sukriti bhalla,sukriti,0.7842623617451945,0.81395566,0.9,0,1,7,0.5,1.0,1,0,1,0.73504794
sukriti verma,sukriti,1,sukriti verma,sukriti,sukriti verma,sukriti,0.8297106359075693,0.82231855,0.9076923076923077,0,1,6,0.5,1.0,1,0,1,0.6295893
shailendra kumar,shailendra kumar,1,shailendra kumar,shailendra kumar,shailendra kumar,shailendra kumar,1.0,1.0,1.0,1,1,0,1.0,1.0,1,1,1,0.89880055
rameshsm,ramesh,1,rameshsm,ramesh,rameshsm,ramesh,0.6452201146130718,0.77379847,0.95,0,0,2,0.0,0.86,0,0,1,0.8848276
rksingh,r k singh,1,r k singh,r k singh,r k singh,r k singh,1.0,1.0,1.0,1,1,0,1.0,1.0,0,1,1,0.89880055
r k singh,r k singh,1,r k singh,r k singh,r k singh,r k singh,1.0,1.0,1.0,1,1,0,1.0,1.0,0,1,1,0.89880055
gaurav gupta,gaurav gupta,1,gaurav gupta,gaurav gupta,gaurav gupta,gaurav gupta,1.0,1.0,1.0,1,1,0,1.0,1.0,1,1,1,0.89880055
ashwin lakhani,ashwin lakhani,1,ashwin lakhani,ashwin lakhani,ashwin lakhani,ashwin lakhani,1.0000000000000002,1.0000001,1.0,1,1,0,1.0,1.0,1,1,1,0.89880055
dattaprasanna r kulkarni,d r kulkarni,1,dattaprasanna r kulkarni,d r kulkarni,dattaprasanna r kulkarni,d r kulkarni,0.6086354076640655,0.75017464,0.5297619047619048,0,0,12,0.5,0.91,1,1,1,0.89895767
karthikeyan selvaraju,karthikeyan t,0,karthikeyan selvaraju,karthikeyan t,karthikeyan selvaraju,karthikeyan t,0.7119710542076974,0.79040384,0.8989010989010989,0,1,9,0.3333333333333333,0.92,0,0,1,0.50786245
balamurugan arumugam,balamurugan dr,0,balamurugan arumugam,balamurugan,balamurugan arumugam,balamurugan,0.7777181370434532,0.87804437,0.91,0,1,9,0.5,1.0,0,0,1,0.7293491
d sakthivelan,sakthivel j,0,d sakthivelan,sakthivel j,d sakthivelan,sakthivel j,0.8014793522913548,0.83229643,0.8368298368298368,0,0,4,0.0,0.83,0,0,1,0.8554133
sampath kumar,sampath dr,0,sampath kumar,sampath,sampath kumar,sampath,0.8900030756554669,0.7639557,0.9076923076923077,0,1,6,0.5,1.0,0,0,1,0.6295893
murali venkatraman,venkatraman v,0,murali venkatraman,venkatraman v,murali venkatraman,venkatraman v,0.7861771317090824,0.6925243,0.6965811965811967,0,0,9,0.3333333333333333,0.92,0,0,1,0.7301133
a rajasekar,c rajasekaran,0,a rajasekar,c rajasekaran,a rajasekar,c rajasekaran,0.8212201056500514,0.7932664,0.7972027972027972,0,0,3,0.0,0.83,0,0,1,0.86603874
a maheshwar,maheswar dr,0,a maheshwar,maheswar,a maheshwar,maheswar,0.5793425280674561,0.69914114,0.7840909090909092,0,0,3,0.0,0.84,0,0,1,0.86491543
maheshwar a,maheswar dr,0,maheshwar a,maheswar,maheshwar a,maheswar,0.5793425280674561,0.7023154,0.9454545454545455,0,1,3,0.0,0.84,0,0,1,0.881361
venkataramanan swaminathan,t swaminathan,0,venkataramanan swaminathan,t swaminathan,venkataramanan swaminathan,t swaminathan,0.6690850918259083,0.81049347,0.5073260073260073,0,0,13,0.3333333333333333,0.92,0,0,1,0.56464946
jayanth vijayakumar,vijayakumar b,0,jayanth vijayakumar,vijayakumar b,jayanth vijayakumar,vijayakumar b,0.7873139822659083,0.8022186,0.7126630679262259,0,0,10,0.3333333333333333,0.92,0,0,1,0.7249791
jayanth vijayakumar,vijayakumar a,0,jayanth vijayakumar,vijayakumar a,jayanth vijayakumar,vijayakumar a,0.7992762959499826,0.82585245,0.7408906882591092,0,0,10,0.3333333333333333,0.92,0,0,1,0.7249791
kotaiah voguri,oguri kotaiah,0,kotaiah voguri,oguri kotaiah,kotaiah voguri,oguri kotaiah,0.8032293818702305,0.7608415,0.6611721611721612,0,0,12,0.3333333333333333,0.96,1,0,1,0.88654673
gnanasekaran thangavel,gnanasekaran s,0,gnanasekaran thangavel,gnanasekaran s,gnanasekaran thangavel,gnanasekaran s,0.7443259828905184,0.8244407,0.903896103896104,0,1,9,0.3333333333333333,0.92,0,0,1,0.52848613
balamurugan srinivasan,balamurugan n,0,balamurugan srinivasan,balamurugan n,balamurugan srinivasan,balamurugan n,0.7492662468554968,0.8199214,0.9181818181818182,0,1,9,0.3333333333333333,0.92,0,0,1,0.52848613
balasundaram subramaniam,balasundaram x,0,balasundaram subramaniam,balasundaram x,balasundaram subramaniam,balasundaram x,0.7167002387048573,0.8144718,0.8940476190476191,0,1,11,0.3333333333333333,0.92,0,0,1,0.52848613
sudha b bhat,sudha dr,0,sudha b bhat,sudha,sudha b bhat,sudha,0.6956321806858716,0.7632071,0.8833333333333334,0,0,7,0.3333333333333333,1.0,1,0,1,0.77198017
s eswaramoorthy,eswaramoorthi x,0,s eswaramoorthy,eswaramoorthi x,s eswaramoorthy,eswaramoorthi x,0.8417734088210105,0.79288983,0.8388888888888889,0,0,5,0.0,0.87,0,0,1,0.84956944
b nagabhushanam,m nagabhushnam,0,b nagabhushanam,m nagabhushnam,b nagabhushanam,m nagabhushnam,0.7678007764726195,0.8375588,0.8291819291819292,0,0,2,0.0,0.9,0,0,1,0.8703974
bishnoi anil,anil vishnoi,0,bishnoi anil,anil vishnoi,bishnoi anil,anil vishnoi,0.8322266999372003,0.789743,0.6851851851851851,0,0,10,0.3333333333333333,0.92,1,0,1,0.7301133
r venkatasubramanian,t venkatasubramani,0,r venkatasubramanian,t venkatasubramani,r venkatasubramanian,t venkatasubramani,0.86663615574003,0.78132117,0.8726579520697166,0,0,3,0.0,0.89,0,0,1,0.88126737
maharaja natchimuthu,s natchimuthu,0,maharaja natchimuthu,s natchimuthu,maharaja natchimuthu,s natchimuthu,0.8592926079985365,0.77138925,0.7021367521367522,0,0,8,0.3333333333333333,0.92,0,0,1,0.68036157
senthilvelan r,m senthil velavan,0,senthilvelan r,m senthil velavan,senthilvelan r,m senthil velavan,0.6074887527231296,0.7240775,0.8208360267183797,0,0,6,0.0,0.84,0,0,1,0.84956944
jayachandra reddy,g jayachandra,0,jayachandra reddy,g jayachandra,jayachandra reddy,g jayachandra,0.7930092551973593,0.765118,0.8310708898944194,0,0,8,0.3333333333333333,0.92,1,0,1,0.56280404
tejashwini g,tejaswini s,0,tejashwini g,tejaswini s,tejashwini g,tejaswini s,0.6543518101860355,0.8559611,0.9484848484848484,0,1,2,0.0,0.87,1,0,1,0.88564974
tejashwini g,tejaswini e,0,tejashwini g,tejaswini e,tejashwini g,tejaswini e,0.6369748386810068,0.8623854,0.9484848484848484,0,1,2,0.0,0.87,1,0,1,0.88564974
aacha arumugasamy,arumugasamy r,0,aacha arumugasamy,arumugasamy r,aacha arumugasamy,arumugasamy r,0.8051048686135918,0.7766109,0.7636877828054299,0,0,8,0.3333333333333333,0.92,0,0,1,0.57299477
philip miss bindu,sr bindu philip,0,philip bindu,sr bindu philip,philip bindu,sr bindu philip,0.9265221210561587,0.85038,0.5666666666666667,0,0,12,0.6666666666666666,1.0,0,1,1,0.89895767
moksha prasuna,mokshaprasuna x,0,moksha prasuna,mokshaprasuna x,moksha prasuna,mokshaprasuna x,0.8276564669527863,0.80288136,0.959047619047619,0,1,3,0.0,0.9,1,0,1,0.88236624
r balamurugan,bala murugan,1,r balamurugan,bala murugan,r balamurugan,bala murugan,0.7838410144360559,0.6596317,0.9188034188034188,0,0,3,0.0,0.88,0,0,1,0.881361
gunasekar c,guna sekar,1,gunasekar c,guna sekar,gunasekar c,guna sekar,0.6974569605978926,0.71468556,0.9436363636363637,0,1,3,0.0,0.86,0,0,1,0.88236624
mohan raj,m mohanraj,1,mohan raj,m mohanraj,mohan raj,m mohanraj,0.5941818272254649,0.8056138,0.9033333333333332,0,0,3,0.0,0.84,0,0,1,0.88236624
t g balachandar,m bala chandar,0,t g balachandar,m bala chandar,t g balachandar,m bala chandar,0.6461252916129101,0.7103236,0.8804639804639804,0,0,4,0.0,0.83,0,0,1,0.8700792
kamal raj,s kamalraj,1,kamal raj,s kamalraj,kamal raj,s kamalraj,0.5915254660386661,0.743505,0.8555555555555555,0,0,3,0.0,0.84,0,0,1,0.87829214
jaya kumar,n jayakumar,1,jaya kumar,n jayakumar,jaya kumar,n jayakumar,0.6461639886789938,0.7336231,0.903030303030303,0,0,3,0.0,0.86,0,0,1,0.88236624
rama rao,p ramarao,1,rama rao,p ramarao,rama rao,p ramarao,0.6310025066613321,0.67518413,0.8796296296296297,0,0,3,0.0,0.82,0,0,1,0.88025403
manmadha rao,manmadharao m,0,manmadha rao,manmadharao m,manmadha rao,manmadharao m,0.8487631692412995,0.66930515,0.9512820512820512,0,1,3,0.0,0.88,0,0,1,0.881361
hari shanth,harishanth b,0,hari shanth,harishanth b,hari shanth,harishanth b,0.7536376329531723,0.7043639,0.9484848484848484,0,1,3,0.0,0.87,0,0,1,0.881361
b senthilvel kumar,senthil vel kumaran,0,b senthilvel kumar,senthil vel kumaran,b senthilvel kumar,senthil vel kumaran,0.713277569033605,0.7747417,0.8679623896342162,0,0,5,0.0,0.86,0,0,1,0.86473435
chandrashekhar m,j chandra shekhar,0,chandrashekhar m,j chandra shekhar,chandrashekhar m,j chandra shekhar,0.793469861695416,0.72254455,0.851062091503268,0,0,5,0.0,0.85,0,0,1,0.85786104
madhu sudhanan,madhusudhanan j,0,madhu sudhanan,madhusudhanan j,madhu sudhanan,madhusudhanan j,0.7261580367697531,0.7604221,0.959047619047619,0,1,3,0.0,0.9,0,0,1,0.88236624
saishyam m,sai shyam,1,saishyam m,sai shyam,saishyam m,sai shyam,0.6539572446943498,0.68361723,0.9274074074074075,0,0,3,0.0,0.84,0,0,1,0.881361
balamurali,bala murali,1,bala murali,bala murali,bala murali,bala murali,1.0000000000000002,1.0,1.0,1,1,0,1.0,1.0,1,1,1,0.89880055
pksharma,p k sharma,1,p k sharma,p k sharma,p k sharma,p k sharma,1.0,1.0,1.0,1,1,0,1.0,1.0,1,1,1,0.89880055
n c obul reddy,n c obul,1,n c obul reddy,n c obul,n c obul reddy,n c obul,0.8262393410229044,0.6375463,0.9142857142857143,0,1,6,0.75,1.0,0,1,1,0.89880055
hvmadhusudan,hv madhusudhan,1,hvmadhusudan,hv madhusudhan,hvmadhusudan,hv madhusudhan,0.5470529445541525,0.6267772,0.9619047619047619,0,1,2,0.0,0.92,0,0,1,0.86237264
abhijit aachi,abhijit,1,abhijit aachi,abhijit,abhijit aachi,abhijit,0.7230040790949941,0.8574083,0.9076923076923077,0,1,6,0.5,1.0,0,0,1,0.6295893
sanjay kumar mahajan,sanjay mahajan,1,sanjay kumar mahajan,sanjay mahajan,sanjay kumar mahajan,sanjay mahajan,0.9190942546891284,0.9670839,0.9114285714285714,0,0,6,0.6666666666666666,1.0,0,1,1,0.89880055
j vinod kumar jyothi prakasn,vinod kumar,1,j vinod kumar jyothi prakasn,vinod kumar,j vinod kumar jyothi prakasn,vinod kumar,0.5464861516780953,0.69710684,0.7067099567099566,0,0,17,0.4,1.0,0,1,1,0.89277476
vipin kumar grover,vipin grover,1,vipin kumar grover,vipin grover,vipin kumar grover,vipin grover,0.944940113991955,0.82227284,0.8833333333333333,0,1,6,0.6666666666666666,1.0,0,1,1,0.89880055
sarthak dahiya,sarthak,1,sarthak dahiya,sarthak,sarthak dahiya,sarthak,0.6726316138871622,0.86044335,0.9,0,1,7,0.5,1.0,0,0,1,0.7465375
pramod kumar srivastava,pramod srivastava,1,pramod kumar srivastava,pramod srivastava,pramod kumar srivastava,pramod srivastava,0.9439291278326606,0.8821928,0.9007672634271099,0,1,6,0.6666666666666666,1.0,1,1,1,0.89880055
samar naeem choudhary,naeem,1,samar naeem choudhary,naeem,samar naeem choudhary,naeem,0.6751524897453016,0.58444935,0.6126984126984127,0,0,16,0.3333333333333333,1.0,0,0,1,0.84555036
sheetal kumar patil,sheetal patil,1,sheetal kumar patil,sheetal patil,sheetal kumar patil,sheetal patil,0.9232182979522171,0.7746866,0.9214574898785426,0,0,6,0.6666666666666666,1.0,0,1,1,0.89880055
ashwini kumar choudhary,ashwini kumar,1,ashwini kumar choudhary,ashwini kumar,ashwini kumar choudhary,ashwini kumar,0.7394637823572762,0.9096929,0.9130434782608695,0,1,10,0.6666666666666666,1.0,1,1,1,0.89880055
jeetendra jadhav,jeetendra r jadhav,1,jeetendra jadhav,jeetendra r jadhav,jeetendra jadhav,jeetendra r jadhav,0.9889629154242329,0.95145595,0.9777777777777777,0,1,2,0.6666666666666666,1.0,1,1,1,0.89880055
r v raghavendra rao,r v rao,1,r v raghavendra rao,r v rao,r v raghavendra rao,r v rao,0.540411296415754,0.8381994,0.8345864661654134,0,0,12,0.75,1.0,0,1,1,0.8939444
s p sreekumaran nair,sreekumaran nair,1,s p sreekumaran nair,sreekumaran nair,s p sreekumaran nair,sreekumaran nair,0.9728329416927604,0.92435336,0.84625,0,0,4,0.5,1.0,0,1,1,0.8989275
gujar basweshwar shivanand,gujar basweshwar,1,gujar basweshwar shivanand,gujar basweshwar,gujar basweshwar shivanand,gujar basweshwar,0.8601500110808209,0.86306477,0.9230769230769231,0,1,10,0.6666666666666666,1.0,0,1,1,0.89880055
bhanu chander,bhanu chander dhatrika,1,bhanu chander,bhanu chander dhatrika,bhanu chander,bhanu chander dhatrika,0.710069438332333,0.77995336,0.9181818181818182,0,1,9,0.6666666666666666,1.0,0,1,1,0.89880055
jignesh b shingala,jignesh shingala,1,jignesh b shingala,jignesh shingala,jignesh b shingala,jignesh shingala,0.9819662559544894,0.95170116,0.9777777777777777,0,1,2,0.6666666666666666,1.0,1,1,1,0.89880055
manoj kumar asthana,manoj kumar,1,manoj kumar asthana,manoj kumar,manoj kumar asthana,manoj kumar,0.7119716122062003,0.83617985,0.9157894736842105,0,1,8,0.6666666666666666,1.0,0,1,1,0.89880055
y v narayana swamy chetty,narayana swamy chetty,1,y v narayana swamy chetty,narayana swamy chetty,y v narayana swamy chetty,narayana swamy chetty,0.9616359945252965,0.85658634,0.7879365079365078,0,0,4,0.6,1.0,1,1,1,0.89895767
shaik mahaboob basha,shaik mahaboob,1,shaik mahaboob basha,shaik mahaboob,shaik mahaboob basha,shaik mahaboob,0.9111433451673733,0.81915414,0.9400000000000001,0,1,6,0.6666666666666666,1.0,0,1,1,0.89880055
avinash kumar roy,avinash roy,1,avinash kumar roy,avinash roy,avinash kumar roy,avinash roy,0.9101556454965167,0.857553,0.9294117647058824,0,1,6,0.6666666666666666,1.0,0,1,1,0.89880055
khaja moinuddin m d ismail,khaja moinuddin,1,khaja moinuddin m d ismail,khaja moinuddin,khaja moinuddin m d ismail,khaja moinuddin,0.791627723181065,0.7730351,0.9153846153846154,0,1,11,0.4,1.0,1,1,1,0.89880055
adarsh chaudhary,adarsh,1,adarsh chaudhary,adarsh,adarsh chaudhary,adarsh,0.6732976588669193,0.7973828,0.875,0,1,10,0.5,1.0,0,0,1,0.77363294
sharanabasappa bellikatti,sharanabasappa,1,sharanabasappa bellikatti,sharanabasappa,sharanabasappa bellikatti,sharanabasappa,0.694583425729196,0.8713527,0.912,0,1,11,0.5,1.0,1,0,1,0.67231584
ajit kumar bose,ajit kumar,1,ajit kumar bose,ajit kumar,ajit kumar bose,ajit kumar,0.6990941274942075,0.8168934,0.9333333333333333,0,1,5,0.6666666666666666,1.0,0,1,1,0.89880055
raman amalanshu,amlanshu raman,1,raman amalanshu,amlanshu raman,raman amalanshu,amlanshu raman,0.700436024217768,0.8776568,0.7476190476190476,0,0,11,0.3333333333333333,0.97,0,0,1,0.8578603
t r ravi mohan,ravi mohan,1,t r ravi mohan,ravi mohan,t r ravi mohan,ravi mohan,0.920016142665978,0.905936,0.8380952380952381,0,0,4,0.5,1.0,1,1,1,0.89895767
dp singh arora,dp singh,1,dp singh arora,dp singh,dp singh arora,dp singh,0.768288535102976,0.75121105,0.9142857142857143,0,1,6,0.6666666666666666,1.0,0,1,1,0.89880055
ranganathan ramasamy,ranganathan,1,ranganathan ramasamy,ranganathan,ranganathan ramasamy,ranganathan,0.7384900812631434,0.7592418,0.91,0,1,9,0.5,1.0,0,0,1,0.7293491
yede jitendra tejram,jitendra yede,1,yede jitendra tejram,jitendra yede,yede jitendra tejram,jitendra yede,0.7726285942044504,0.7885013,0.7294871794871794,0,0,10,0.6666666666666666,1.0,1,1,1,0.89895767
nagendra kumar kulkarni,kulkarni,1,nagendra kumar kulkarni,kulkarni,nagendra kumar kulkarni,kulkarni,0.7056373700620279,0.7306446,0.48079710144927534,0,0,15,0.3333333333333333,1.0,1,0,1,0.8826844
naga raja ravi kishore t,ravi kishore,1,naga raja ravi kishore t,ravi kishore,naga raja ravi kishore t,ravi kishore,0.7708571473620204,0.6899269,0.6944444444444445,0,0,12,0.4,1.0,1,1,1,0.89895767
s uma devi,uma devi,1,s uma devi,uma devi,s uma devi,uma devi,0.9755708816774471,0.9367606,0.85,0,0,2,0.6666666666666666,1.0,1,1,1,0.8988725
sudarshan p b,p sudarshan,1,sudarshan p b,p sudarshan,sudarshan p b,p sudarshan,0.9645149978664924,0.9535103,0.8368298368298368,0,0,6,0.6666666666666666,1.0,0,1,1,0.89895767
sheikh mohammad taha mustafa,taha mustafa,1,sheikh mohammad taha mustafa,taha mustafa,sheikh mohammad taha mustafa,taha mustafa,0.7161489933259771,0.8516438,0.6164021164021164,0,0,16,0.5,1.0,1,1,1,0.89895767
shruti somani,shruti,1,shruti somani,shruti,shruti somani,shruti,0.749504273609011,0.7691026,0.8923076923076924,0,0,7,0.5,1.0,1,0,1,0.7612751
lala gladson ananda robin,lala robin,1,lala gladson ananda robin,lala robin,lala gladson ananda robin,lala robin,0.635165683809164,0.7461622,0.66,0,0,15,0.5,1.0,1,1,1,0.89895767
md s islam,s islam,1,md s islam,s islam,md s islam,s islam,0.8601856108455554,0.7981503,0.8523809523809524,0,0,3,0.6666666666666666,1.0,0,1,1,0.8988725
naveen kumar verma,naveen verma,1,naveen kumar verma,naveen verma,naveen kumar verma,naveen verma,0.9156807351068765,0.77992016,0.9,0,0,6,0.6666666666666666,1.0,1,1,1,0.89880055
aneesha fathima thazhakath shanavas,aneesha fathima,1,aneesha fathima thazhakath shanavas,aneesha fathima,aneesha fathima thazhakath shanavas,aneesha fathima,0.6668509274206489,0.7792757,0.8857142857142858,0,1,20,0.5,1.0,1,1,1,0.89880055
asim rafiq laharwal,rafiq laharwal,1,asim rafiq laharwal,rafiq laharwal,asim rafiq laharwal,rafiq laharwal,0.8938020118061162,0.90541697,0.7694235588972432,0,0,5,0.6666666666666666,1.0,0,1,1,0.89895767
anuj kumar patel,anuj patel,1,anuj kumar patel,anuj patel,anuj kumar patel,anuj patel,0.9121620217458498,0.9358227,0.905,0,0,6,0.6666666666666666,1.0,0,1,1,0.89880055
bala ganesh subbaiah,bala ganesh,1,bala ganesh subbaiah,bala ganesh,bala ganesh subbaiah,bala ganesh,0.6432404672320293,0.86796415,0.91,0,1,9,0.6666666666666666,1.0,1,1,1,0.89880055
praneeth raj patel,praneeth,1,praneeth raj patel,praneeth,praneeth raj patel,praneeth,0.7486703161189885,0.48384255,0.888888888888889,0,1,10,0.3333333333333333,1.0,0,0,1,0.81326735
kembavi abhinav,abhinav,1,kembavi abhinav,abhinav,kembavi abhinav,abhinav,0.677243047920308,0.7675734,0.5492063492063491,0,0,8,0.5,1.0,0,0,1,0.83577514
rajeev om prakash,om prakash,1,rajeev om prakash,om prakash,rajeev om prakash,om prakash,0.7704983198654394,0.8344966,0.7627450980392156,0,0,7,0.6666666666666666,1.0,0,1,1,0.89895767
n suresh anand,suresh,1,n suresh anand,suresh,n suresh anand,suresh,0.71946778249466,0.4418243,0.8095238095238096,0,0,8,0.3333333333333333,1.0,0,0,1,0.8558908
col raj kumar sharma,raj kumar sharma,1,col raj kumar sharma,raj kumar sharma,col raj kumar sharma,raj kumar sharma,0.740677074213221,0.8643616,0.8291666666666666,0,0,4,0.75,1.0,1,1,1,0.89895767
subodh kumar gupta,subodh,1,subodh kumar gupta,subodh,subodh kumar gupta,subodh,0.7652312247874147,0.47252783,0.8666666666666666,0,0,12,0.3333333333333333,1.0,0,0,1,0.83623576
jay mistry surgeon doctor in rajkot,jay mistry,1,jay mistry in rajkot,jay mistry,jay mistry in rajkot,jay mistry,0.6811581780140843,0.736418,0.9,0,1,10,0.5,1.0,0,1,1,0.89880055
harika tirungari,t harika,1,harika tirungari,t harika,harika tirungari,t harika,0.5372798859407963,0.73083746,0.6666666666666666,0,0,12,0.3333333333333333,0.86,1,1,1,0.8939444
antony chacko,chakko antony,1,antony chacko,chakko antony,antony chacko,chakko antony,0.6779513695629998,0.7734426,0.5854700854700855,0,0,12,0.3333333333333333,0.92,0,0,1,0.56464946
ganesh babu subramaniam,s ganesh babu,1,ganesh babu subramaniam,s ganesh babu,ganesh babu subramaniam,s ganesh babu,0.6718185609421711,0.80146754,0.701226309921962,0,0,14,0.5,0.92,0,1,1,0.89895767
b venkat kumar,venkat,1,b venkat kumar,venkat,b venkat kumar,venkat,0.8394760290065667,0.67351687,0.8095238095238096,0,0,8,0.3333333333333333,1.0,0,0,1,0.86267793
balakumar,bala kumar,1,bala kumar,bala kumar,bala kumar,bala kumar,1.0,1.0000002,1.0,1,1,0,1.0,1.0,1,1,1,0.89880055
sanjit kumar nayak,sanjit nayak,1,sanjit kumar nayak,sanjit nayak,sanjit kumar nayak,sanjit nayak,0.9152086316523361,0.8843993,0.9166666666666666,0,1,6,0.6666666666666666,1.0,0,1,1,0.89880055
indra singh choudhary,indra singh,1,indra singh choudhary,indra singh,indra singh choudhary,indra singh,0.6958841641661712,0.8439502,0.9047619047619048,0,1,10,0.6666666666666666,1.0,1,1,1,0.89880055
talluri suresh babu,t suresh babu,1,talluri suresh babu,t suresh babu,talluri suresh babu,t suresh babu,0.6665549881205824,0.75262654,0.7668016194331982,0,0,6,0.5,0.92,0,1,1,0.89895767
rajendra prasad bhupathi,b rajendra prasad,1,rajendra prasad bhupathi,b rajendra prasad,rajendra prasad bhupathi,b rajendra prasad,0.7258680489200497,0.9136943,0.7026143790849674,0,0,11,0.5,0.94,1,1,1,0.89895767
ram kumar sharma,ram kumar,1,ram kumar sharma,ram kumar,ram kumar sharma,ram kumar,0.7274017696456898,0.9178473,0.9125,0,1,7,0.6666666666666666,1.0,0,1,1,0.89880055
umashankar,umashankar tantravan,1,umashankar,umashankar tantravan,umashankar,umashankar tantravan,0.7146410105694563,0.8402133,0.9,0,1,10,0.5,1.0,0,0,1,0.8112445
amol s lachyan deshmukh,s deshmukh,1,amol s lachyan deshmukh,s deshmukh,amol s lachyan deshmukh,s deshmukh,0.6287431089263843,0.6096088,0.5057971014492754,0,0,13,0.5,1.0,0,1,1,0.89895767
rahul chandran v,rahul chandran,1,rahul chandran v,rahul chandran,rahul chandran v,rahul chandran,0.9701986743766022,0.92802036,0.975,0,1,2,0.6666666666666666,1.0,0,1,1,0.89880055
mohd shariful haq,shariful haq,1,mohd shariful haq,shariful haq,mohd shariful haq,shariful haq,0.8785036202630047,0.9061719,0.7630718954248367,0,0,5,0.6666666666666666,1.0,0,1,1,0.89895767
kaushlendra dhar dwivedi,kaushlendra,1,kaushlendra dhar dwivedi,kaushlendra,kaushlendra dhar dwivedi,kaushlendra,0.7318935127853041,0.7087731,0.8916666666666666,0,1,13,0.3333333333333333,1.0,1,0,1,0.8168899
pushparaj s karmarkar,s karmarkar,1,pushparaj s karmarkar,s karmarkar,pushparaj s karmarkar,s karmarkar,0.6889236425330589,0.80994177,0.6378066378066377,0,0,10,0.6666666666666666,1.0,0,1,1,0.89895767
shivpal saini,shivpal,1,shivpal saini,shivpal,shivpal saini,shivpal,0.851068710210918,0.72991395,0.9076923076923077,0,0,6,0.5,1.0,0,0,1,0.66293246
brijesh ka patel,brijesh,1,brijesh ka patel,brijesh,brijesh ka patel,brijesh,0.7616762587732394,0.6041759,0.8875,0,1,9,0.3333333333333333,1.0,0,0,1,0.8138852
ravi kumar h,ravi kumar,1,ravi kumar h,ravi kumar,ravi kumar h,ravi kumar,0.9326126499958243,0.91790026,0.9666666666666667,0,1,2,0.6666666666666666,1.0,1,1,1,0.89880055
vijay b nagaraj,vijay b,1,vijay b nagaraj,vijay b,vijay b nagaraj,vijay b,0.6712019113194759,0.89287275,0.8933333333333334,0,0,8,0.6666666666666666,1.0,0,1,1,0.89880055
ahmed nadeem mushtaque,nadeem ahmed,1,ahmed nadeem mushtaque,nadeem ahmed,ahmed nadeem mushtaque,nadeem ahmed,0.6559347004223994,0.82175577,0.7373737373737373,0,0,14,0.6666666666666666,1.0,0,1,1,0.89895767
rajendra kumar soni,rajendra soni,1,rajendra kumar soni,rajendra soni,rajendra kumar soni,rajendra soni,0.9125065270624025,0.95221233,0.9368421052631579,0,1,6,0.6666666666666666,1.0,1,1,1,0.89880055
roopesh khanna,roopesh khanna j,1,roopesh khanna,roopesh khanna j,roopesh khanna,roopesh khanna j,0.9763438308314725,0.9411222,0.975,0,1,2,0.6666666666666666,1.0,1,1,1,0.89880055
atul kumar soni,atul soni,1,atul kumar soni,atul soni,atul kumar soni,atul soni,0.9076532334789696,0.8297136,0.92,0,1,6,0.6666666666666666,1.0,1,1,1,0.89880055
sunil sudarshan h,sunil sudarshan,1,sunil sudarshan h,sunil sudarshan,sunil sudarshan h,sunil sudarshan,0.9735743824380827,0.95892894,0.9764705882352941,0,1,2,0.6666666666666666,1.0,0,1,1,0.89880055
arun raj b,arun raj,1,arun raj b,arun raj,arun raj b,arun raj,0.9423538249524536,0.9680767,0.96,0,1,2,0.6666666666666666,1.0,0,1,1,0.89880055
muruganandam srinivasan,muruganandam s,1,muruganandam srinivasan,muruganandam s,muruganandam srinivasan,muruganandam s,0.7550362041480594,0.74651885,0.9217391304347826,0,1,9,0.3333333333333333,0.92,0,1,1,0.89880055
ashutosh singh kumar,ashutosh singh,1,ashutosh singh kumar,ashutosh singh,ashutosh singh kumar,ashutosh singh,0.9323015648793803,0.92006326,0.9400000000000001,0,1,6,0.6666666666666666,1.0,0,1,1,0.89880055
raman kumar jha,raman kumar,1,raman kumar jha,raman kumar,raman kumar jha,raman kumar,0.7747352673173066,0.89954513,0.9466666666666667,0,1,4,0.6666666666666666,1.0,0,1,1,0.89880055
siddique hashmi,hashmi mohamed siddique,1,siddique hashmi,hashmi mohamed siddique,siddique hashmi,hashmi mohamed siddique,0.8501199542191297,0.8053176,0.5856829161176987,0,0,19,0.6666666666666666,1.0,1,1,1,0.89895767
sahil gupta,sahil,1,sahil gupta,sahil,sahil gupta,sahil,0.7478374511081297,0.6770395,0.890909090909091,0,0,6,0.5,1.0,0,0,1,0.76373917
athar mohammed atharuddin,athar mohammed,1,athar mohammed atharuddin,athar mohammed,athar mohammed atharuddin,athar mohammed,0.8023881309027551,0.85474026,0.912,0,1,11,0.6666666666666666,1.0,0,1,1,0.89880055
gowtham sakhamuri,gowtham,1,gowtham sakhamuri,gowtham,gowtham sakhamuri,gowtham,0.6941960923444346,0.71282864,0.8823529411764706,0,0,10,0.5,1.0,0,0,1,0.80353045
satish kumar raju s,satish kumar r,1,satish kumar raju s,satish kumar r,satish kumar raju s,satish kumar r,0.7964123098469362,0.8194232,0.9473684210526316,0,1,5,0.4,0.92,0,1,1,0.89880055
n suresh anand,suresh n,1,n suresh anand,suresh n,n suresh anand,suresh n,0.7618092344474886,0.5063863,0.7321428571428571,0,0,6,0.6666666666666666,1.0,0,1,1,0.89895767
ankit shridatt sharma,ankit s sharma,1,ankit shridatt sharma,ankit s sharma,ankit shridatt sharma,ankit s sharma,0.6858708894967679,0.88909173,0.8904761904761904,0,1,7,0.5,0.92,1,1,1,0.89880055
muneer ahmad para,muneer,1,muneer ahmad para,muneer,muneer ahmad para,muneer,0.7144397942032583,0.57166564,0.8705882352941177,0,0,11,0.3333333333333333,1.0,0,0,1,0.82824033
deore sachin kautikrao,sachin deore,1,deore sachin kautikrao,sachin deore,deore sachin kautikrao,sachin deore,0.6924995847117372,0.82176197,0.6818181818181818,0,0,14,0.6666666666666666,1.0,0,1,1,0.89895767
parvez,mohammad parvez,1,parvez,mohammad parvez,parvez,mohammad parvez,0.7328821496851395,0.8950473,0.41111111111111115,0,0,9,0.5,1.0,0,0,1,0.8850593
mohamed rela shamsudin,mohamed rela,1,mohamed rela shamsudin,mohamed rela,mohamed rela shamsudin,mohamed rela,0.7313331358410803,0.8258014,0.9090909090909091,0,1,10,0.6666666666666666,1.0,1,1,1,0.89880055
ekta patel,ekta,1,ekta patel,ekta,ekta patel,ekta,0.7980005986953661,0.64402676,0.88,0,0,6,0.5,1.0,1,0,1,0.76373917
sakthivel thangavel,t sakthivel,1,sakthivel thangavel,t sakthivel,sakthivel thangavel,t sakthivel,0.7911430238363543,0.76168,0.7081339712918661,0,0,12,0.3333333333333333,0.9,0,1,1,0.89895767
eshan verma,eshan,1,eshan verma,eshan,eshan verma,eshan,0.6981261665941911,0.79485774,0.890909090909091,0,0,6,0.5,1.0,0,0,1,0.77198017
hazrah priya,priya hazzrah,1,hazrah priya,priya hazzrah,hazrah priya,priya hazzrah,0.7992910242405291,0.94245327,0.6120268620268621,0,0,11,0.3333333333333333,0.96,1,0,1,0.88654673
siva ranjith kumar vaka,v siva ranjith kumar,1,siva ranjith kumar vaka,v siva ranjith kumar,siva ranjith kumar vaka,v siva ranjith kumar,0.8342547858878481,0.9007673,0.7674675819984743,0,0,7,0.6,0.95,1,1,1,0.89895767
m mohan raj,mohanraj,1,m mohan raj,mohanraj,m mohan raj,mohanraj,0.578467592700632,0.81633294,0.9181818181818182,0,0,3,0.0,0.84,0,0,1,0.88236624
krishna mohan k,kumar krishna mohan koganti,1,krishna mohan k,kumar krishna mohan koganti,krishna mohan k,kumar krishna mohan koganti,0.6366065264984565,0.8472136,0.6962962962962963,0,0,12,0.4,0.93,1,1,1,0.89895767
shammy ss,shammy s,1,shammy ss,shammy s,shammy ss,shammy s,0.8292068967274833,0.825745,0.9777777777777777,1,1,1,0.3333333333333333,0.94,0,1,1,0.89880055
amarnath reddy palakollu,amarnath reddy p,1,amarnath reddy palakollu,amarnath reddy p,amarnath reddy palakollu,amarnath reddy p,0.6758285790225188,0.8982611,0.9333333333333333,0,1,8,0.5,0.93,0,1,1,0.89880055
satish narayanaswamy,sathish narayanswamy,1,satish narayanaswamy,sathish narayanswamy,satish narayanaswamy,sathish narayanswamy,0.5999685434203221,0.8301774,0.9398245614035088,0,1,2,0.0,0.95,0,0,1,0.85876656
dhruv agarwal,dhuruv aggarwal,1,dhruv agarwal,dhuruv aggarwal,dhruv agarwal,dhuruv aggarwal,0.5663414193383706,0.8929593,0.9439316239316239,1,1,2,0.0,0.93,0,0,1,0.88564974
harshvardhan deshpande,harshwardhan despande,1,harshvardhan deshpande,harshwardhan despande,harshvardhan deshpande,harshwardhan despande,0.5352230212602885,0.7599684,0.9722943722943723,0,0,2,0.0,0.93,0,0,1,0.86286664
c t karthikeyan,karthekeyan c t,1,c t karthikeyan,karthekeyan c t,c t karthikeyan,karthekeyan c t,0.6700650635559953,0.9115476,0.6777777777777777,0,0,9,0.5,0.93,0,0,1,0.57878923
kaundinya kiran bharatam,kiran bharatam k,1,kaundinya kiran bharatam,kiran bharatam k,kaundinya kiran bharatam,kiran bharatam k,0.6559580608869374,0.91012454,0.7875,0,0,12,0.5,0.93,0,1,1,0.89895767
madhavarao,k madhava rao,1,madhavarao,k madhava rao,madhavarao,k madhava rao,0.7555675184712397,0.70531535,0.923076923076923,0,0,3,0.0,0.87,0,0,1,0.88236624
punyodaya misra,punyoday mishra,1,punyodaya misra,punyoday mishra,punyodaya misra,punyoday mishra,0.7661584850646791,0.75830173,0.9304761904761905,0,1,2,0.0,0.93,1,0,1,0.88564974
nithin rahane,nitin rahaney,1,nithin rahane,nitin rahaney,nithin rahane,nitin rahaney,0.5388858452299686,0.8700657,0.9057692307692308,0,1,2,0.0,0.92,0,0,1,0.86286664
sanjay chhaganlal patel,sanjay c patel,1,sanjay chhaganlal patel,sanjay c patel,sanjay chhaganlal patel,sanjay c patel,0.5884964648842084,0.92588675,0.8788819875776398,0,1,9,0.5,0.92,0,1,1,0.89880055
ravindra vasantlal gandhi,ravindra v gandhi,1,ravindra vasantlal gandhi,ravindra v gandhi,ravindra vasantlal gandhi,ravindra v gandhi,0.6911528252739648,0.859274,0.9124705882352941,0,1,8,0.5,0.94,1,1,1,0.89880055
ashok ananrao chaudhari,ashok a chaudhari,1,ashok ananrao chaudhari,ashok a chaudhari,ashok ananrao chaudhari,ashok a chaudhari,0.7354250341126118,0.8974389,0.9007672634271099,0,0,6,0.5,0.94,1,1,1,0.89880055
rajesh jasti,jasthi rajesh,1,rajesh jasti,jasthi rajesh,rajesh jasti,jasthi rajesh,0.7129152588582423,0.90586525,0.6773504273504273,0,0,10,0.3333333333333333,0.96,1,0,1,0.8841986
abhisheksaraf,abhishek saraf,1,abhishek saraf,abhishek saraf,abhishek saraf,abhishek saraf,1.0,1.0,1.0,1,1,0,1.0,1.0,0,1,1,0.89880055
kiran kumar gandeti,g kiran kumar,1,kiran kumar gandeti,g kiran kumar,kiran kumar gandeti,g kiran kumar,0.627133967599415,0.86622536,0.684885290148448,0,0,10,0.5,0.92,0,1,1,0.89895767
ritesh gv,g v ritesh,1,ritesh gv,g v ritesh,ritesh gv,g v ritesh,0.8009436354911266,0.9031762,0.683068783068783,0,0,7,0.25,0.95,0,0,1,0.7688826
mallikarjuna reddy mandapati,mallikarjuna reddy m,1,mallikarjuna reddy mandapati,mallikarjuna reddy m,mallikarjuna reddy mandapati,mallikarjuna reddy m,0.833309863378664,0.8506392,0.9428571428571428,0,1,8,0.5,0.95,1,1,1,0.89880055
srinivasulu pachimatla,srinivasulu p,1,srinivasulu pachimatla,srinivasulu p,srinivasulu pachimatla,srinivasulu p,0.66391965587832,0.8374724,0.9181818181818182,0,1,9,0.3333333333333333,0.92,0,1,1,0.89880055
v subramanyam,vv subramanyam,1,v subramanyam,vv subramanyam,v subramanyam,vv subramanyam,0.8415493077083075,0.9471635,0.9785714285714286,1,1,1,0.3333333333333333,0.96,0,1,1,0.89880055
sunilyadav,sunil yadav,1,sunil yadav,sunil yadav,sunil yadav,sunil yadav,0.9999999999999994,1.0,1.0,1,1,0,1.0,1.0,0,1,1,0.89880055
akbar s,akbar syed,1,akbar s,akbar syed,akbar s,akbar syed,0.7411539181002267,0.7340981,0.9400000000000001,0,1,3,0.3333333333333333,0.83,0,1,1,0.89880055
gulamnabi,gulam nabi,1,gulam nabi,gulam nabi,gulam nabi,gulam nabi,1.0000000000000002,1.0000001,1.0,1,1,0,1.0,1.0,1,1,1,0.89880055
balamurugan arumugam,balamurugan a,1,balamurugan arumugam,balamurugan a,balamurugan arumugam,balamurugan a,0.7701051846870877,0.8645183,0.9299999999999999,0,1,7,0.3333333333333333,0.92,0,1,1,0.89880055
rajarajan,raja rajan,1,raja rajan,raja rajan,raja rajan,raja rajan,1.0,1.0,1.0,1,1,0,1.0,1.0,1,1,1,0.89880055
sachin digamber nale,sachin d nale,1,sachin digamber nale,sachin d nale,sachin digamber nale,sachin d nale,0.6570092797683519,0.85835516,0.8992307692307693,0,1,7,0.5,0.92,0,1,1,0.89880055
narayanaswamy,narayana swamy,1,narayana swamy,narayana swamy,narayana swamy,narayana swamy,1.0,1.0000001,1.0,1,1,0,1.0,1.0,1,1,1,0.89880055
aravind,aravindh,1,aravind,aravindh,aravind,aravindh,0.7108311212772921,0.81495416,0.975,0,1,1,0.0,0.93,0,0,1,0.88564974
edwin ravikumar selvanayagam,s edwin ravikumar,1,edwin ravikumar selvanayagam,s edwin ravikumar,edwin ravikumar selvanayagam,s edwin ravikumar,0.7140727864987294,0.7995578,0.6708683473389355,0,0,15,0.5,0.94,0,1,1,0.89895767
polisetti ramachandra rao,p ramachandra rao,1,polisetti ramachandra rao,p ramachandra rao,polisetti ramachandra rao,p ramachandra rao,0.6236569153762416,0.8848177,0.9040000000000001,0,0,8,0.5,0.94,1,1,1,0.89880055
harshvardhan,harsh vardhan,1,harsh vardhan,harsh vardhan,harsh vardhan,harsh vardhan,1.0,1.0,1.0,1,1,0,1.0,1.0,0,1,1,0.89880055
arvind mahadeo joglekar,arvind m joglekar,1,arvind mahadeo joglekar,arvind m joglekar,arvind mahadeo joglekar,arvind m joglekar,0.8168357398832534,0.8473119,0.9125319693094629,0,1,6,0.5,0.94,0,1,1,0.89880055
g singhal,gg singhal,1,g singhal,gg singhal,g singhal,gg singhal,0.7436336171935459,0.95844245,0.9033333333333332,1,1,1,0.3333333333333333,0.95,0,1,1,0.89880055
basavaraj kajagar,basavraj kajgar,1,basavaraj kajagar,basavraj kajgar,basavaraj kajagar,basavraj kajgar,0.5222226334978584,0.9397627,0.9231372549019607,1,1,2,0.0,0.94,0,0,1,0.8063116
srivatsan,sri vatsan sri vatsan,1,srivatsan,sri vatsan sri vatsan,srivatsan,sri vatsan sri vatsan,0.765508926969399,0.7372249,0.8666666666666668,0,1,12,0.0,0.95,0,0,1,0.86145574
madhushekhar,b madhu shekhar,1,madhushekhar,b madhu shekhar,madhushekhar,b madhu shekhar,0.7337956252646786,0.79182506,0.9333333333333332,0,0,3,0.0,0.89,0,0,1,0.88236624
narayan swamy,swamy narayana,1,narayan swamy,swamy narayana,narayan swamy,swamy narayana,0.9112151383736092,0.908833,0.6945054945054946,0,0,11,0.3333333333333333,0.96,0,0,1,0.88654673
nagendranath tangirala,nagendranath t,1,nagendranath tangirala,nagendranath t,nagendranath tangirala,nagendranath t,0.6935923172950411,0.7229072,0.9272727272727272,0,1,8,0.3333333333333333,0.92,0,1,1,0.89880055
mm mangal,m mangal,1,mm mangal,m mangal,mm mangal,m mangal,0.7521345499989818,0.88406086,0.9291666666666667,1,1,1,0.3333333333333333,0.94,0,1,1,0.89880055
snehansu kala,kala snehangshu,1,snehansu kala,kala snehangshu,snehansu kala,kala snehangshu,0.5899493940040725,0.8091047,0.6159544159544159,0,0,12,0.3333333333333333,0.93,1,0,1,0.56894106
saravanakumar subbaraj,saravanakumar s,1,saravanakumar subbaraj,saravanakumar s,saravanakumar subbaraj,saravanakumar s,0.7273400076032694,0.80886793,0.9363636363636364,0,1,7,0.3333333333333333,0.93,0,1,1,0.89880055
bala murali krishna mudiyam,bala murali krishna m,1,bala murali krishna mudiyam,bala murali krishna m,bala murali krishna mudiyam,bala murali krishna m,0.7790271714132075,0.92290443,0.9555555555555556,0,1,6,0.6,0.95,1,1,1,0.89880055
deepak kumar diwakar,deepak kumar,1,deepak kumar diwakar,deepak kumar,deepak kumar diwakar,deepak kumar,0.7253236350771767,0.8916403,0.92,0,1,8,0.6666666666666666,1.0,0,1,1,0.89880055
vimal kumar dakour,vimal kumar,1,vimal kumar dakour,vimal kumar,vimal kumar dakour,vimal kumar,0.6478312826924778,0.85420346,0.9222222222222222,0,1,7,0.6666666666666666,1.0,0,1,1,0.89880055
naveen kumar dahiya,naveen kumar,1,naveen kumar dahiya,naveen kumar,naveen kumar dahiya,naveen kumar,0.6930843593735075,0.89345944,0.9263157894736842,0,1,7,0.6666666666666666,1.0,0,1,1,0.89880055
washim firoz khan,washim khan,1,washim firoz khan,washim khan,washim firoz khan,washim khan,0.6892425398464004,0.90007186,0.9294117647058824,0,0,6,0.6666666666666666,1.0,0,1,1,0.89880055
brig p k sahoo,p k sahoo,1,brig p k sahoo,p k sahoo,brig p k sahoo,p k sahoo,0.6969886131561996,0.8126452,0.8068783068783069,0,0,5,0.75,1.0,0,1,1,0.89895767
amohan,a mohan,1,a mohan,a mohan,a mohan,a mohan,1.0,1.0,1.0,1,1,0,1.0,1.0,0,1,1,0.89880055
aravind srinivas,a srinivas,1,aravind srinivas,a srinivas,aravind srinivas,a srinivas,0.7449374403025583,0.7360189,0.7975,0,0,6,0.3333333333333333,0.89,0,1,1,0.89895767
pradeep kumar neerunemula,pradeep kumar,1,pradeep kumar neerunemula,pradeep kumar,pradeep kumar neerunemula,pradeep kumar,0.5399407481045351,0.7970654,0.904,0,1,12,0.6666666666666666,1.0,0,1,1,0.8939444
devendra kumar gupta,devendra k gupta,1,devendra kumar gupta,devendra k gupta,devendra kumar gupta,devendra k gupta,0.9179334265189204,0.95257264,0.9225,0,1,4,0.5,0.93,1,1,1,0.89880055
g balakrishnan,bala krishnan,1,g balakrishnan,bala krishnan,g balakrishnan,bala krishnan,0.7490642195526623,0.67525345,0.9249084249084248,0,0,3,0.0,0.89,0,0,1,0.881361
manish raj gupta,manish raj,1,manish raj gupta,manish raj,manish raj gupta,manish raj,0.7457469797284031,0.82046485,0.925,0,1,6,0.6666666666666666,1.0,0,1,1,0.89880055
robin saikia,r saikia,1,robin saikia,r saikia,robin saikia,r saikia,0.704181545159398,0.7159393,0.7875,0,0,4,0.3333333333333333,0.86,1,1,1,0.89895767
swaroop singh gambhir,s gambhir,1,swaroop singh gambhir,s gambhir,swaroop singh gambhir,s gambhir,0.6603468478295417,0.6105145,0.5608465608465608,0,0,12,0.25,0.88,0,1,1,0.89895767
guru prasad painuly,guru prasad,1,guru prasad painuly,guru prasad,guru prasad painuly,guru prasad,0.6444103103125437,0.8704892,0.9157894736842105,0,1,8,0.6666666666666666,1.0,0,1,1,0.89880055
shyam singh bisht,shyam singh,1,shyam singh bisht,shyam singh,shyam singh bisht,shyam singh,0.7223929134760863,0.8510299,0.9294117647058824,0,1,6,0.6666666666666666,1.0,0,1,1,0.89880055
t jeevan rao,jeevan rao t,1,t jeevan rao,jeevan rao t,t jeevan rao,jeevan rao t,1.0000000000000004,0.96122485,0.7929292929292929,0,0,4,1.0,1.0,0,1,1,0.89895767
rakesh kumar chandel,rakesh kumar,1,rakesh kumar chandel,rakesh kumar,rakesh kumar chandel,rakesh kumar,0.7297783412082137,0.8717996,0.92,0,1,8,0.6666666666666666,1.0,0,1,1,0.89880055
m p jha dhanbad jharkhand,m p jha,1,m p jha dhanbad jharkhand,m p jha,m p jha dhanbad jharkhand,m p jha,0.5875997699343767,0.6200861,0.8560000000000001,0,0,18,0.6,1.0,1,1,1,0.8988362
hari krishna reddy,hari krishna reddy k,1,hari krishna reddy,hari krishna reddy k,hari krishna reddy,hari krishna reddy k,0.9845608835161991,0.9639611,0.98,0,1,2,0.75,1.0,1,1,1,0.89880055
abdullah umayr,abdullah,1,abdullah umayr,abdullah,abdullah umayr,abdullah,0.7313645814683873,0.7419277,0.9142857142857143,0,1,6,0.5,1.0,0,0,1,0.6327569
maheshwar a,maheswar dr,1,maheshwar a,maheswar,maheshwar a,maheswar,0.5793425280674561,0.7023154,0.9454545454545455,0,1,3,0.0,0.84,0,0,1,0.881361
g yogesh,yogesh godge,1,g yogesh,yogesh godge,g yogesh,yogesh godge,0.6307869209711722,0.7357576,0.7222222222222222,0,0,8,0.3333333333333333,0.86,0,1,1,0.89895767
contractor tejas ajay,a t contractor,1,contractor tejas ajay,a t contractor,contractor tejas ajay,a t contractor,0.8126167871124956,0.59584576,0.6953601953601954,0,0,15,0.2,0.83,0,1,1,0.89775467
patil praveen,praveen patel,1,patil praveen,praveen patel,patil praveen,praveen patel,0.7072947568493602,0.5254982,0.5970695970695971,0,0,9,0.3333333333333333,0.92,0,0,1,0.7078203
borwankar umesh prabhakar,umesh p borwankar,1,borwankar umesh prabhakar,umesh p borwankar,borwankar umesh prabhakar,umesh p borwankar,0.8458656648526587,0.853436,0.7364705882352941,0,0,16,0.5,0.94,0,1,1,0.89895767
deshpande miss aruna,arun deshpande,1,deshpande aruna,arun deshpande,deshpande aruna,arun deshpande,0.8931157556998937,0.91214716,0.719047619047619,0,0,11,0.3333333333333333,0.97,0,0,1,0.88654673
patil kapil,k patil,1,patil kapil,k patil,patil kapil,k patil,0.633340098980174,0.7933808,0.6341991341991342,0,0,7,0.3333333333333333,0.83,0,1,1,0.89895767
vivek kulkarni,v kulkarni,1,vivek kulkarni,v kulkarni,vivek kulkarni,v kulkarni,0.7628359636636954,0.85446906,0.8542857142857143,0,0,4,0.3333333333333333,0.89,1,1,1,0.8988725
patel rajesh,rajesh patil,1,patel rajesh,rajesh patil,patel rajesh,rajesh patil,0.6365912680580508,0.62407404,0.5555555555555555,0,0,9,0.3333333333333333,0.92,0,0,1,0.56464946
sachin v,sachin vaze,1,sachin v,sachin vaze,sachin v,sachin vaze,0.613257335895643,0.7903187,0.9454545454545455,0,1,3,0.3333333333333333,0.86,0,1,1,0.89880055
patel ashish,ashish patil,1,patel ashish,ashish patil,patel ashish,ashish patil,0.6477634745437126,0.6079409,0.5555555555555555,0,0,11,0.3333333333333333,0.92,0,0,1,0.56464946
patil amol vijay,amol v patil,1,patil amol vijay,amol v patil,patil amol vijay,amol v patil,0.8253163363736152,0.5745702,0.75,0,0,11,0.5,0.91,0,1,1,0.89895767
choudhary vishal,vishal choudhari,1,choudhary vishal,vishal choudhari,choudhary vishal,vishal choudhari,0.864462745870459,0.8634653,0.6666666666666666,0,0,14,0.3333333333333333,0.94,0,0,1,0.88654673
kulkarni maya govind miss,govind kulkarni,1,kulkarni maya govind,govind kulkarni,kulkarni maya govind,govind kulkarni,0.9010796803299819,0.7844367,0.6095959595959596,0,0,17,0.6666666666666666,1.0,1,1,1,0.89895767
k pallavi,pallavi khare,1,k pallavi,pallavi khare,k pallavi,pallavi khare,0.7912217508315619,0.8675603,0.772079772079772,0,0,8,0.3333333333333333,0.88,1,1,1,0.89895767
ingalhalikar vinoo trimbak,v t ingalhalikar,1,ingalhalikar vinoo trimbak,v t ingalhalikar,ingalhalikar vinoo trimbak,v t ingalhalikar,0.658861195840477,0.70213604,0.6169871794871794,0,0,18,0.2,0.86,0,1,1,0.8983663
girish s,girish shah,1,girish s,girish shah,girish s,girish shah,0.8136630397866185,0.62506175,0.9454545454545455,0,1,3,0.3333333333333333,0.86,0,1,1,0.89880055
santosh d,santosh dethe,1,santosh d,santosh dethe,santosh d,santosh dethe,0.6338594233398672,0.7405722,0.9384615384615385,0,1,4,0.3333333333333333,0.88,0,1,1,0.89880055
verlekar deepak hari,deepak h verlekar,1,verlekar deepak hari,deepak h verlekar,verlekar deepak hari,deepak h verlekar,0.9269618034514635,0.8580214,0.8323529411764706,0,0,13,0.5,0.94,0,1,1,0.89895767
kulkarni anusha p,a p kulkarni,1,kulkarni anusha p,a p kulkarni,kulkarni anusha p,a p kulkarni,0.7903050535321625,0.83669853,0.6405228758169935,0,0,13,0.5,0.91,1,1,1,0.89895767
dilip kumar,dilip k,1,dilip kumar,dilip k,dilip kumar,dilip k,0.8587696892534323,0.69974124,0.9272727272727272,0,1,4,0.3333333333333333,0.83,0,1,1,0.89880055
suresh v,suresh vijjan,1,suresh v,suresh vijjan,suresh v,suresh vijjan,0.5311066414804234,0.5565058,0.9230769230769231,0,1,5,0.3333333333333333,0.86,0,1,1,0.8870918
turbadkar vilas damodar,v d turbadkar,1,turbadkar vilas damodar,v d turbadkar,turbadkar vilas damodar,v d turbadkar,0.7078232464886947,0.66218734,0.676049795615013,0,0,18,0.2,0.82,0,1,1,0.8983663
electricwala jaffer taiyebali,j t electricwala,1,electricwala jaffer taiyebali,j t electricwala,electricwala jaffer taiyebali,j t electricwala,0.67882227731814,0.7017667,0.662691570881226,0,0,21,0.2,0.86,1,1,1,0.8983663
rande miss manjiri,manjiri ranade,1,rande manjiri,manjiri ranade,rande manjiri,manjiri ranade,0.7655566756766864,0.7498442,0.7560772560772561,0,0,10,0.3333333333333333,0.96,1,0,1,0.88654673
prakash k,prakash kotak,1,prakash k,prakash kotak,prakash k,prakash kotak,0.6261219053058008,0.8551607,0.9384615384615385,0,1,4,0.3333333333333333,0.88,0,1,1,0.89880055
ramakrishnan ms aparna,aparna ramakrishna,1,ramakrishnan aparna,aparna ramakrishna,ramakrishnan aparna,aparna ramakrishna,0.9401862675852801,0.9615525,0.8091388602224515,0,0,13,0.3333333333333333,0.97,1,0,1,0.878585
shah sunil kanoo,sunil k shah,1,shah sunil kanoo,sunil k shah,shah sunil kanoo,sunil k shah,0.6953461339411754,0.901059,0.7721590909090909,0,0,10,0.5,0.91,0,1,1,0.89895767
vasudeva bhat k,vasudev bhatt,1,vasudeva bhat k,vasudev bhatt,vasudeva bhat k,vasudev bhatt,0.710704431015755,0.81076914,0.9112820512820513,0,1,3,0.0,0.86,0,0,1,0.88236624
ogale dhananjay vinayak,dhananjay v ogale,1,ogale dhananjay vinayak,dhananjay v ogale,ogale dhananjay vinayak,dhananjay v ogale,0.8396614614398785,0.84894687,0.6484359630139681,0,0,12,0.5,0.94,0,1,1,0.89895767
suchita b,suchita bhure,1,suchita b,suchita bhure,suchita b,suchita bhure,0.7280096557414218,0.80510163,0.9384615384615385,0,1,4,0.3333333333333333,0.88,1,1,1,0.89880055
puja ms agarwal,p agarwal,1,puja agarwal,p agarwal,puja agarwal,p agarwal,0.7042899656027828,0.7736463,0.825,0,0,3,0.3333333333333333,0.88,0,1,1,0.89895767
ramesh b,ramesh bhede,1,ramesh b,ramesh bhede,ramesh b,ramesh bhede,0.5511988053231219,0.83624905,0.9333333333333333,0,1,4,0.3333333333333333,0.86,0,1,1,0.8950085
sardesai alok ashok,alok sardesai,1,sardesai alok ashok,alok sardesai,sardesai alok ashok,alok sardesai,0.8923602512457519,0.7427491,0.5985155195681512,0,0,16,0.6666666666666666,1.0,1,1,1,0.89895767
k ravindra,ravindra kute,1,k ravindra,ravindra kute,k ravindra,ravindra kute,0.6533961426008729,0.8359705,0.8051282051282053,0,0,7,0.3333333333333333,0.89,1,1,1,0.89895767
londhe pratha,p londhe,1,londhe pratha,p londhe,londhe pratha,p londhe,0.8419613170692367,0.49794954,0.6616300366300366,0,0,9,0.3333333333333333,0.86,0,1,1,0.89895767
gaikwad miss prabha,p gaikwad,1,gaikwad prabha,p gaikwad,gaikwad prabha,p gaikwad,0.8208453490999056,0.79653794,0.6534391534391534,0,0,9,0.3333333333333333,0.88,0,1,1,0.89895767
patil sheetal arun,sheetal a patil,1,patil sheetal arun,sheetal a patil,patil sheetal arun,sheetal a patil,0.8718285645420012,0.7032682,0.7091168091168091,0,0,12,0.5,0.93,0,1,1,0.89895767
zad shreyas vijay,shreyas zad,1,zad shreyas vijay,shreyas zad,zad shreyas vijay,shreyas zad,0.8836034156579895,0.7536096,0.6343830461477521,0,0,8,0.6666666666666666,1.0,0,1,1,0.89895767
thorat miss shobha,s thorat,1,thorat shobha,s thorat,thorat shobha,s thorat,0.7245664998131941,0.6278484,0.6616300366300366,0,0,9,0.3333333333333333,0.86,0,1,1,0.89895767
mundhe kaniphnath sopan,kaniphnath s mundhe,1,mundhe kaniphnath sopan,kaniphnath s mundhe,mundhe kaniphnath sopan,kaniphnath s mundhe,0.8751207728571874,0.8315046,0.6583269768624459,0,0,13,0.5,0.94,0,1,1,0.89895767
kiran d,kiran dhole,1,kiran d,kiran dhole,kiran d,kiran dhole,0.5613635442553927,0.7785095,0.9272727272727272,0,1,4,0.3333333333333333,0.83,0,1,1,0.89880055
moosa pathan,m pathan,1,moosa pathan,m pathan,moosa pathan,m pathan,0.5115885739868061,0.6764208,0.7875,0,0,4,0.3333333333333333,0.86,0,1,1,0.8939444
prashanth h upadhyaya,prashant upadhyay,1,prashanth h upadhyaya,prashant upadhyay,prashanth h upadhyaya,prashant upadhyay,0.8036248941467231,0.9167113,0.9266106442577031,0,1,4,0.0,0.89,0,0,1,0.8712664
somani rohan,r somani,1,somani rohan,r somani,somani rohan,r somani,0.7477042453477428,0.61705655,0.6765873015873017,0,0,8,0.3333333333333333,0.86,1,1,1,0.89895767
saji george,george s,1,saji george,george s,saji george,george s,0.8208368274747725,0.6566623,0.43813131313131315,0,0,7,0.3333333333333333,0.86,0,1,1,0.89895767
gunjotikar mrs sunetra anil,s gunjotikar,1,gunjotikar sunetra anil,s gunjotikar,gunjotikar sunetra anil,s gunjotikar,0.7296195690951187,0.7029777,0.6467940272288099,0,0,15,0.25,0.91,0,1,1,0.89895767
seema deshpande,s deshpande,1,seema deshpande,s deshpande,seema deshpande,s deshpande,0.7916386083315178,0.74808425,0.7836363636363637,0,0,4,0.3333333333333333,0.9,0,1,1,0.89895767
doshi mrs sudha,s doshi,1,doshi sudha,s doshi,doshi sudha,s doshi,0.7774264292152891,0.77118194,0.735930735930736,0,0,8,0.3333333333333333,0.83,1,1,1,0.89895767
sonawane datta s,d sonawane,1,sonawane datta s,d sonawane,sonawane datta s,d sonawane,0.8031566873064719,0.8002385,0.6726851851851853,0,0,10,0.25,0.89,0,1,1,0.89895767
patil ranjit udaysing,udaysing patil,1,patil ranjit udaysing,udaysing patil,patil ranjit udaysing,udaysing patil,0.8634749211602435,0.72653836,0.5423280423280423,0,0,17,0.6666666666666666,1.0,0,1,1,0.89895767
vishnu prabhu,v prabhu,1,vishnu prabhu,v prabhu,vishnu prabhu,v prabhu,0.6793980455512006,0.71801484,0.7721153846153846,0,0,5,0.3333333333333333,0.86,0,1,1,0.89895767
joglekar vijay krishna,vijay k joglekar,1,joglekar vijay krishna,vijay k joglekar,joglekar vijay krishna,vijay k joglekar,0.861875476565164,0.88776827,0.7424242424242425,0,0,17,0.5,0.93,0,1,1,0.89895767
joag ms tanwangee yatin,yatin joag,1,joag tanwangee yatin,yatin joag,joag tanwangee yatin,yatin joag,0.7264790961120104,0.75769264,0.6083333333333334,0,0,16,0.6666666666666666,1.0,0,1,1,0.89895767
annu malik,a malik,1,annu malik,a malik,annu malik,a malik,0.6605202330448228,0.7360852,0.91,0,0,3,0.3333333333333333,0.83,0,1,1,0.89880055
manoj b,manoj bhise,1,manoj b,manoj bhise,manoj b,manoj bhise,0.6002931704128939,0.84804475,0.9272727272727272,0,1,4,0.3333333333333333,0.83,0,1,1,0.89880055
biswal vaishnavi,b vaishnavi,1,biswal vaishnavi,b vaishnavi,biswal vaishnavi,b vaishnavi,0.779503659461826,0.6978855,0.7971590909090909,0,0,5,0.3333333333333333,0.9,1,1,1,0.89895767
sonal chandak,s chandak,1,sonal chandak,s chandak,sonal chandak,s chandak,0.6969087733745131,0.75177807,0.8076923076923077,0,0,4,0.3333333333333333,0.88,0,1,1,0.89895767
doctor kumar jayesh,jayesh,1,kumar jayesh,jayesh,kumar jayesh,jayesh,0.8692854234977974,0.74382544,0.4166666666666667,0,0,6,0.5,1.0,0,0,1,0.82542205
m rajesh,rajesh munot,1,m rajesh,rajesh munot,m rajesh,rajesh munot,0.5704177775348251,0.70278764,0.6765873015873017,0,0,8,0.3333333333333333,0.86,0,1,1,0.89895767
gupta rajani,rajan gupte,1,gupta rajani,rajan gupte,gupta rajani,rajan gupte,0.5742772855247051,0.61553335,0.39646464646464646,0,0,11,0.0,0.87,0,0,1,0.83672446
agrawal ashish,ashish agrwal,1,agrawal ashish,ashish agrwal,agrawal ashish,ashish agrwal,0.7553181267051443,0.74768245,0.6039377289377289,0,0,11,0.3333333333333333,0.96,0,0,1,0.88654673
deshmukh amol ashok,amol deshmukh,1,deshmukh amol ashok,amol deshmukh,deshmukh amol ashok,amol deshmukh,0.8814402410353179,0.6990268,0.5985155195681512,0,0,14,0.6666666666666666,1.0,0,1,1,0.89895767
inamdar subhash,s inamdar,1,inamdar subhash,s inamdar,inamdar subhash,s inamdar,0.7868317401577933,0.5781603,0.6407407407407407,0,0,10,0.3333333333333333,0.88,0,1,1,0.89895767
patil arun dattatray,dattatray patil,1,patil arun dattatray,dattatray patil,patil arun dattatray,dattatray patil,0.908320644518203,0.7521802,0.6092592592592593,0,0,14,0.6666666666666666,1.0,0,1,1,0.89895767
kulkarni deepak s,d s kulkarni,1,kulkarni deepak s,d s kulkarni,kulkarni deepak s,d s kulkarni,0.773935934639967,0.82784665,0.6116557734204793,0,0,13,0.5,0.91,1,1,1,0.89895767
khanna mrs girja,g khanna,1,khanna girja,g khanna,khanna girja,g khanna,0.5989747473204132,0.7155298,0.6765873015873017,0,0,8,0.3333333333333333,0.86,1,1,1,0.89895767
s kaushik,kaushik sheth,1,s kaushik,kaushik sheth,s kaushik,kaushik sheth,0.7758767520601503,0.7678873,0.6680911680911681,0,0,8,0.3333333333333333,0.88,0,1,1,0.89895767
sonwane miss manju,m sonwane,1,sonwane manju,m sonwane,sonwane manju,m sonwane,0.8345024274686714,0.8020536,0.772079772079772,0,0,8,0.3333333333333333,0.88,0,1,1,0.89895767
purva ms joshi,p joshi,1,purva joshi,p joshi,purva joshi,p joshi,0.6101527527065106,0.7596672,0.8909090909090909,0,0,4,0.3333333333333333,0.83,1,1,1,0.89880055
kulkarni swati,s kulkarni,1,kulkarni swati,s kulkarni,kulkarni swati,s kulkarni,0.7989711747143005,0.83251345,0.7904761904761904,0,0,8,0.3333333333333333,0.89,1,1,1,0.89895767
yadav miss beena,b yadav,1,yadav beena,b yadav,yadav beena,b yadav,0.667976100114244,0.80666065,0.6341991341991342,0,0,8,0.3333333333333333,0.83,0,1,1,0.89895767
vaishampayan rajiv narayan,r n vaishampayan,1,vaishampayan rajiv narayan,r n vaishampayan,vaishampayan rajiv narayan,r n vaishampayan,0.7940263444191094,0.7448065,0.6616300366300366,0,0,18,0.2,0.86,0,1,1,0.8983663
yadav ms renu,r yadav,1,yadav renu,r yadav,yadav renu,r yadav,0.7061269659386983,0.7965158,0.6523809523809524,0,0,7,0.3333333333333333,0.83,0,1,1,0.89895767
dodwani gulabrai,g dodwani,1,dodwani gulabrai,g dodwani,dodwani gulabrai,g dodwani,0.6887727164135485,0.80422115,0.6296296296296297,0,0,11,0.3333333333333333,0.88,1,1,1,0.89895767
kulkarni vijay s,mrs v s kulkarni,1,kulkarni vijay s,v s kulkarni,kulkarni vijay s,v s kulkarni,0.8226593161457391,0.7064327,0.6226851851851852,0,0,12,0.5,0.91,1,1,1,0.89895767
chavan monisha,manisha chavan,1,chavan monisha,manisha chavan,chavan monisha,manisha chavan,0.7356000267914385,0.73052675,0.5892857142857143,0,0,13,0.3333333333333333,0.93,1,0,1,0.7413408
kulkarni miss manisha,m kulkarni,1,kulkarni manisha,m kulkarni,kulkarni manisha,m kulkarni,0.8134922862802776,0.8121501,0.6726851851851853,0,0,10,0.3333333333333333,0.89,1,1,1,0.89895767
nitin kumar,nitin k,1,nitin kumar,nitin k,nitin kumar,nitin k,0.8260818263797041,0.64198184,0.9272727272727272,0,1,4,0.3333333333333333,0.83,0,1,1,0.89880055
deshpande miss seema,s deshpande,1,deshpande seema,s deshpande,deshpande seema,s deshpande,0.7916386083315178,0.7708367,0.6919191919191919,0,0,8,0.3333333333333333,0.9,0,1,1,0.89895767
ahuja rakesh shewal,shewal r ahuja,1,ahuja rakesh shewal,shewal r ahuja,ahuja rakesh shewal,shewal r ahuja,0.8506403545276685,0.84653276,0.6314397103870788,0,0,13,0.5,0.92,1,1,1,0.89895767
shinde smt om bala,b shinde,1,shinde om bala,b shinde,shinde om bala,b shinde,0.6659800837286542,0.58106375,0.6488095238095238,0,0,10,0.25,0.86,0,1,1,0.89895767
chidgupkar sharad b,s chidgupkar,1,chidgupkar sharad b,s chidgupkar,chidgupkar sharad b,s chidgupkar,0.8915029299261834,0.7852583,0.7865497076023392,0,0,11,0.25,0.91,0,1,1,0.89895767
pillai sudhir kumar,sudhir k pillai,1,pillai sudhir kumar,sudhir k pillai,pillai sudhir kumar,sudhir k pillai,0.9324089350013685,0.7651244,0.6964462438146648,0,0,13,0.5,0.93,1,1,1,0.89895767
chavan varun suren,suren chavan,1,chavan varun suren,suren chavan,chavan varun suren,suren chavan,0.8262193536823055,0.7382783,0.6018518518518519,0,0,15,0.6666666666666666,1.0,0,1,1,0.89895767
anuj sarda,a sarda,1,anuj sarda,a sarda,anuj sarda,a sarda,0.703106423630487,0.6672942,0.91,0,0,3,0.3333333333333333,0.83,1,1,1,0.89880055
dahale amol sonyabapu,amol s dahale,1,dahale amol sonyabapu,amol s dahale,dahale amol sonyabapu,amol s dahale,0.662659598776589,0.7057227,0.7191697191697192,0,0,13,0.5,0.92,0,1,1,0.89895767
patil padmaja ashok,mrs padmaja a patil,1,patil padmaja ashok,padmaja a patil,patil padmaja ashok,padmaja a patil,0.8590455739591953,0.8120927,0.6994152046783625,0,0,12,0.5,0.93,1,1,1,0.89895767
chaudhary ashish,ashish chaudhari,1,chaudhary ashish,ashish chaudhari,chaudhary ashish,ashish chaudhari,0.8525844254910133,0.8719444,0.7738095238095237,0,0,14,0.3333333333333333,0.94,0,0,1,0.88654673
gonsalves bensley leslie,bensley l gonsalves,1,gonsalves bensley leslie,bensley l gonsalves,gonsalves bensley leslie,bensley l gonsalves,0.8440763892570652,0.80059916,0.8077485380116958,0,0,17,0.5,0.94,0,1,1,0.89895767
bhujbal shubham,s bhujbal,1,bhujbal shubham,s bhujbal,bhujbal shubham,s bhujbal,0.79787336064243,0.65405524,0.6407407407407407,0,0,10,0.3333333333333333,0.88,0,1,1,0.89895767
rajkumar s,rajkumar shah,1,rajkumar s,rajkumar shah,rajkumar s,rajkumar shah,0.8382909953331075,0.74204767,0.9538461538461538,0,1,3,0.3333333333333333,0.89,0,1,1,0.89880055
rajanish s,rajanish shetty,1,rajanish s,rajanish shetty,rajanish s,rajanish shetty,0.6703121122419647,0.76765513,0.9333333333333333,0,1,5,0.3333333333333333,0.89,0,1,1,0.89880055
parab dhananjay sitaram,dhananjay s parab,1,parab dhananjay sitaram,dhananjay s parab,parab dhananjay sitaram,dhananjay s parab,0.7903870827041833,0.85065055,0.6892867291844275,0,0,9,0.5,0.94,0,1,1,0.89895767
ruta s patwardhan,r patwardhan,1,ruta s patwardhan,r patwardhan,ruta s patwardhan,r patwardhan,0.8139318568621013,0.74922174,0.786764705882353,0,0,5,0.25,0.91,0,1,1,0.89895767
bhakare dattatray manohar,dattatray m bhakare,1,bhakare dattatray manohar,dattatray m bhakare,bhakare dattatray manohar,dattatray m bhakare,0.8629477139971727,0.8711339,0.6815350877192983,0,0,14,0.5,0.94,0,1,1,0.89895767
shaikh ayub,a shaikh,1,shaikh ayub,a shaikh,shaikh ayub,a shaikh,0.6102898737325079,0.8069088,0.6942640692640693,0,0,7,0.3333333333333333,0.86,0,1,1,0.89895767
pranoti toshniwal,p toshniwal,1,pranoti toshniwal,p toshniwal,pranoti toshniwal,p toshniwal,0.78151795854411,0.7470983,0.7850267379679144,0,0,6,0.3333333333333333,0.9,0,1,1,0.89895767
agrawal ms neha,n agrawal,1,agrawal neha,n agrawal,agrawal neha,n agrawal,0.7802626986986959,0.8734149,0.7870370370370371,0,0,7,0.3333333333333333,0.88,0,1,1,0.89895767
deshpande miss archana ashok,archana deshpande,1,deshpande archana ashok,archana deshpande,deshpande archana ashok,archana deshpande,0.8886253393882744,0.73405313,0.7561807331628304,0,0,17,0.6666666666666666,1.0,1,1,1,0.89895767
patil amruta r,a r patil,1,patil amruta r,a r patil,patil amruta r,a r patil,0.5554093033968222,0.6310407,0.6534391534391534,0,0,11,0.5,0.88,0,1,1,0.89503974
anu ms singh,a singh,1,anu singh,a singh,anu singh,a singh,0.7251635886124119,0.7814083,0.8476190476190476,0,0,2,0.3333333333333333,0.88,0,1,1,0.8989275
b chandrasekhar,chandrashekhar bonde,1,b chandrasekhar,chandrashekhar bonde,b chandrasekhar,chandrashekhar bonde,0.5311328024886075,0.66250545,0.8132478632478634,0,0,9,0.0,0.86,0,0,1,0.83029735
kendre dharmendra vitthal rao,dharmendra v kendre,1,kendre dharmendra vitthal rao,dharmendra v kendre,kendre dharmendra vitthal rao,dharmendra v kendre,0.7903197007990104,0.6793157,0.7447065940713854,0,0,16,0.4,0.94,1,1,1,0.89895767
joshi gargi,g joshi,1,joshi gargi,g joshi,joshi gargi,g joshi,0.630456181759672,0.7970143,0.6341991341991342,0,0,8,0.3333333333333333,0.83,1,1,1,0.89895767
talesara jagjeewan,j talesara,1,talesara jagjeewan,j talesara,talesara jagjeewan,j talesara,0.5938252166792289,0.72928244,0.6518518518518518,0,0,12,0.3333333333333333,0.89,1,1,1,0.89895767
narde alok kiran,kiran a narde,1,narde alok kiran,kiran a narde,narde alok kiran,kiran a narde,0.8091093599611195,0.84286034,0.67752849002849,0,0,11,0.5,0.92,0,1,1,0.89895767
pragya tripathi,p tripathi,1,pragya tripathi,p tripathi,pragya tripathi,p tripathi,0.6781134099501318,0.7005691,0.8099999999999998,0,0,5,0.3333333333333333,0.89,1,1,1,0.89895767
arora mrs punita,punit arora,1,arora punita,punit arora,arora punita,punit arora,0.8830854269018582,0.86441314,0.4823232323232323,0,0,10,0.3333333333333333,0.96,1,0,1,0.88654673
pradeep r,pradeep raje,1,pradeep r,pradeep raje,pradeep r,pradeep raje,0.7553866282728466,0.6265944,0.95,0,1,3,0.3333333333333333,0.88,0,1,1,0.89880055
khandelwal rakesh,rajesh khandelwal,1,khandelwal rakesh,rajesh khandelwal,khandelwal rakesh,rajesh khandelwal,0.781523683930516,0.7783925,0.7149321266968326,0,0,14,0.3333333333333333,0.94,0,0,1,0.88654673
choudhary sandip,sandip choudhari,1,choudhary sandip,sandip choudhari,choudhary sandip,sandip choudhari,0.8742652766912746,0.89247376,0.6944444444444445,0,0,14,0.3333333333333333,0.94,0,0,1,0.88654673
more mahesh b,b more,1,more mahesh b,b more,more mahesh b,b more,0.7428181397456783,0.5585266,0.605982905982906,0,0,10,0.6666666666666666,1.0,0,1,1,0.89895767
oswal sweety miss,s oswal,1,oswal sweety,s oswal,oswal sweety,s oswal,0.6298870479932709,0.7357094,0.7182539682539684,0,0,9,0.3333333333333333,0.83,0,1,1,0.89895767
patil sonal,s patil,1,patil sonal,s patil,patil sonal,s patil,0.6333311868702964,0.6561068,0.6341991341991342,0,0,8,0.3333333333333333,0.83,0,1,1,0.89895767
r santosh,santosh4 raut,1,r santosh,santosh raut,r santosh,santosh raut,0.7293414583949991,0.74880534,0.7870370370370371,0,0,7,0.3333333333333333,0.88,0,1,1,0.89895767
kumbhar ulhas prakash,ulhas p kumbhar,1,kumbhar ulhas prakash,ulhas p kumbhar,kumbhar ulhas prakash,ulhas p kumbhar,0.8681317438591498,0.7742207,0.7492063492063492,0,0,15,0.5,0.93,0,1,1,0.89895767
yadav vinod kumar,v yadav,1,yadav vinod kumar,v yadav,yadav vinod kumar,v yadav,0.6248915075094976,0.6637251,0.7086834733893558,0,0,13,0.25,0.83,0,1,1,0.89895767
baheti dwarka das,d baheti,1,baheti dwarka das,d baheti,baheti dwarka das,d baheti,0.6590636268789066,0.67128277,0.6568627450980392,0,0,13,0.25,0.86,1,1,1,0.89895767
shevate ishan rajendra,ishan r shevate,1,shevate ishan rajendra,ishan r shevate,shevate ishan rajendra,ishan r shevate,0.8342570989737319,0.843947,0.7383838383838383,0,0,15,0.5,0.93,0,1,1,0.89895767
varun joshi,v joshi,1,varun joshi,v joshi,varun joshi,v joshi,0.695485753618961,0.75744903,0.8909090909090909,0,0,4,0.3333333333333333,0.83,1,1,1,0.89880055
majumdar kaustabh,kaustubh mujumdar,1,majumdar kaustabh,kaustubh mujumdar,majumdar kaustabh,kaustubh mujumdar,0.5822932858617257,0.7336925,0.5130718954248367,0,0,14,0.0,0.88,0,0,1,0.83958846
g kalpana,mrs kalpana s gitte,1,g kalpana,kalpana s gitte,g kalpana,kalpana s gitte,0.6475982943364222,0.7134441,0.6407407407407407,0,0,10,0.25,0.88,1,1,1,0.89895767
bihan dey niyogi,d niyogi,1,bihan dey niyogi,d niyogi,bihan dey niyogi,d niyogi,0.6996564223912114,0.7686682,0.5972222222222222,0,0,8,0.25,0.86,1,1,1,0.89895767
nichkawade parag,parag nichkawde,1,nichkawade parag,parag nichkawde,nichkawade parag,parag nichkawde,0.7603234541413468,0.6182387,0.6833333333333332,0,0,13,0.3333333333333333,0.97,0,0,1,0.88654673
a prashanth,prashant aher,1,a prashanth,prashant aher,a prashanth,prashant aher,0.5350275867759324,0.7336518,0.7594405594405594,0,0,6,0.0,0.83,0,0,1,0.854313
kadam sumit,s kadam,1,kadam sumit,s kadam,kadam sumit,s kadam,0.708724374142972,0.71277976,0.6341991341991342,0,0,8,0.3333333333333333,0.83,0,1,1,0.89895767
chaudhary ravindra,ravindra chaudhari,1,chaudhary ravindra,ravindra chaudhari,chaudhary ravindra,ravindra chaudhari,0.87052146993027,0.8980861,0.6666666666666666,0,0,14,0.3333333333333333,0.94,1,0,1,0.88654673
amit kumar sachdeva,k sachdeva,1,amit kumar sachdeva,k sachdeva,amit kumar sachdeva,k sachdeva,0.814821876401151,0.65971315,0.4535087719298246,0,0,9,0.25,0.89,1,1,1,0.89895767
patil kiran sandeep,sandeep patil,1,patil kiran sandeep,sandeep patil,patil kiran sandeep,sandeep patil,0.8342219065659058,0.72809994,0.5121457489878543,0,0,16,0.6666666666666666,1.0,0,1,1,0.89895767
deshpande sai ajay,s a deshpande,1,deshpande sai ajay,s a deshpande,deshpande sai ajay,s a deshpande,0.7822319232428222,0.5910334,0.6965811965811967,0,0,12,0.2,0.84,0,1,1,0.89775467
ponde sanjay ravan,sanjay r ponde,1,ponde sanjay ravan,sanjay r ponde,ponde sanjay ravan,sanjay r ponde,0.8683223645096406,0.8656833,0.6232804232804233,0,0,11,0.5,0.92,0,1,1,0.89895767
b shashank,shashank bhole,1,b shashank,shashank bhole,b shashank,shashank bhole,0.6618324937610813,0.8616344,0.7904761904761904,0,0,8,0.3333333333333333,0.89,0,1,1,0.89895767
patil soha sunil,sunil s patil,1,patil soha sunil,sunil s patil,patil soha sunil,sunil s patil,0.7858084364610366,0.82069963,0.640491452991453,0,0,9,0.5,0.92,0,1,1,0.89895767
lokhande dixsha,d lokhande,1,lokhande dixsha,d lokhande,lokhande dixsha,d lokhande,0.6572370634328842,0.7684783,0.6851851851851851,0,0,9,0.3333333333333333,0.89,0,1,1,0.89895767
dwivedi shiv kumar,s dwivedi,1,dwivedi shiv kumar,s dwivedi,dwivedi shiv kumar,s dwivedi,0.7978339691737761,0.6903651,0.6851851851851851,0,0,13,0.25,0.88,1,1,1,0.89895767
tungare ms prajakta rajiv,rajiv tungare,1,tungare prajakta rajiv,rajiv tungare,tungare prajakta rajiv,rajiv tungare,0.7825936714396637,0.74858624,0.6305361305361306,0,0,18,0.6666666666666666,1.0,0,1,1,0.89895767
thakker mrs varsha,varsha thakkar,1,thakker varsha,varsha thakkar,thakker varsha,varsha thakkar,0.7023088317268974,0.6814991,0.6137566137566138,0,0,12,0.3333333333333333,0.93,1,0,1,0.58527595
mahorkar virag uday,virag u mahorkar,1,mahorkar virag uday,virag u mahorkar,mahorkar virag uday,virag u mahorkar,0.8680544332891347,0.8871399,0.6549707602339181,0,0,14,0.5,0.93,0,1,1,0.89895767
dongre anil anant,anil a dongre,1,dongre anil anant,anil a dongre,dongre anil anant,anil a dongre,0.8926693003912949,0.88900983,0.7677224736048265,0,0,13,0.5,0.92,0,1,1,0.89895767
pawar subhas,s pawar,1,pawar subhas,s pawar,pawar subhas,s pawar,0.6885994900267651,0.70913243,0.6190476190476191,0,0,9,0.3333333333333333,0.83,0,1,1,0.89895767
monika ms bapat,m bapat,1,monika bapat,m bapat,monika bapat,m bapat,0.6958211823784944,0.6354709,0.7892857142857144,0,0,5,0.3333333333333333,0.83,0,1,1,0.89895767
divya joshi,d joshi,1,divya joshi,d joshi,divya joshi,d joshi,0.6534132832858873,0.8143668,0.8909090909090909,0,0,4,0.3333333333333333,0.83,1,1,1,0.89880055
deshmukh ranjet,ranjeet deshmkh,1,deshmukh ranjet,ranjeet deshmkh,deshmukh ranjet,ranjeet deshmkh,0.6212343868235789,0.6074612,0.42777777777777776,0,0,15,0.0,0.93,0,0,1,0.8649133
b sohan,sohan barate,1,b sohan,sohan barate,b sohan,sohan barate,0.6370220990320563,0.74356395,0.6190476190476191,0,0,9,0.3333333333333333,0.83,0,1,1,0.89895767
d suhas,suhas dhuru,1,d suhas,suhas dhuru,d suhas,suhas dhuru,0.676215842470666,0.68302464,0.6341991341991342,0,0,8,0.3333333333333333,0.83,0,1,1,0.89895767
lad prasad anant,prasad a lad,1,lad prasad anant,prasad a lad,lad prasad anant,prasad a lad,0.8293837961402082,0.826424,0.716540404040404,0,0,8,0.5,0.91,0,1,1,0.89895767
g bindu,bindu garg,1,g bindu,bindu garg,g bindu,bindu garg,0.7447380197124663,0.8020872,0.6523809523809524,0,0,7,0.3333333333333333,0.83,0,1,1,0.89895767
shinde ms pratima vishwas,pratima v shinde,1,shinde pratima vishwas,pratima v shinde,shinde pratima vishwas,pratima v shinde,0.7979654086564312,0.7473382,0.7424242424242425,0,0,12,0.5,0.93,1,1,1,0.89895767
sharma miss rachana,rachna sharma,1,sharma rachana,rachna sharma,sharma rachana,rachna sharma,0.7132415023719708,0.8419587,0.7043142043142043,0,0,10,0.3333333333333333,0.96,1,0,1,0.8841986
sumedha singh,sumedha s,1,sumedha singh,sumedha s,sumedha singh,sumedha s,0.8410232170723069,0.6242573,0.9384615384615385,0,1,4,0.3333333333333333,0.88,1,1,1,0.89880055
patil sanjeev a,a s patil,1,patil sanjeev a,a s patil,patil sanjeev a,a s patil,0.5915472245447818,0.56934583,0.6407407407407407,0,0,12,0.5,0.88,0,1,1,0.89895767
pandey sanjiv b,b s pandey,1,pandey sanjiv b,b s pandey,pandey sanjiv b,b s pandey,0.6757814815044655,0.71357024,0.6111111111111112,0,0,12,0.5,0.89,0,1,1,0.89895767
roy manoharan g,manoharan r,1,roy manoharan g,manoharan r,roy manoharan g,manoharan r,0.7881497647496228,0.6768006,0.7595959595959596,0,0,5,0.25,0.9,0,1,1,0.89895767
alisha ansari,a ansari,1,alisha ansari,a ansari,alisha ansari,a ansari,0.6814391824582631,0.65492857,0.7721153846153846,0,0,5,0.3333333333333333,0.86,1,1,1,0.89895767
binoy s,binoy shah,1,binoy s,binoy shah,binoy s,binoy shah,0.8502038952072356,0.6110938,0.9400000000000001,0,1,3,0.3333333333333333,0.83,0,1,1,0.89880055
kamble payal,p kamble,1,kamble payal,p kamble,kamble payal,p kamble,0.7642616891365948,0.71789056,0.6765873015873017,0,0,8,0.3333333333333333,0.86,0,1,1,0.89895767
rini choudhary,r choudhary,1,rini choudhary,r choudhary,rini choudhary,r choudhary,0.8158554364998327,0.71726197,0.9357142857142856,0,0,3,0.3333333333333333,0.9,0,1,1,0.89880055
shairi shetty,s shetty,1,shairi shetty,s shetty,shairi shetty,s shetty,0.7017222925662484,0.622924,0.8471153846153847,0,0,5,0.3333333333333333,0.86,0,1,1,0.8989275
gundecha nikita vilas,vilas gundecha,1,gundecha nikita vilas,vilas gundecha,gundecha nikita vilas,vilas gundecha,0.852143754339837,0.7278197,0.6183261183261183,0,0,19,0.6666666666666666,1.0,1,1,1,0.89895767
y venkatesh,venkatesh yejurvedi,1,y venkatesh,venkatesh yejurvedi,y venkatesh,venkatesh yejurvedi,0.5646120027265907,0.71253043,0.6451355661881978,0,0,12,0.3333333333333333,0.9,0,1,1,0.89895767
pandya rohan,r pandya,1,pandya rohan,r pandya,pandya rohan,r pandya,0.7528593487539832,0.70657134,0.6765873015873017,0,0,8,0.3333333333333333,0.86,1,1,1,0.89895767
panat rohan mangesh,mangesh panat,1,panat rohan mangesh,mangesh panat,panat rohan mangesh,mangesh panat,0.852582342871817,0.743019,0.5738491527965212,0,0,13,0.6666666666666666,1.0,0,1,1,0.89895767
purohit mrs richa,r purohit,1,purohit richa,r purohit,purohit richa,r purohit,0.7672444176433438,0.6960144,0.6680911680911681,0,0,8,0.3333333333333333,0.88,0,1,1,0.89895767
samrat mitra,s mitra,1,samrat mitra,s mitra,samrat mitra,s mitra,0.6209014189730225,0.70498556,0.7892857142857144,0,0,5,0.3333333333333333,0.83,1,1,1,0.89895767
das mrs sangeetha,sangeeta das,1,das sangeetha,sangeeta das,das sangeetha,sangeeta das,0.8003059160290429,0.93469906,0.7341880341880342,0,0,8,0.3333333333333333,0.96,1,0,1,0.860107
rohini ms c shah,c r shah,1,rohini c shah,c r shah,rohini c shah,c r shah,0.5675578391847427,0.7910669,0.6616300366300366,0,0,7,0.5,0.86,0,1,1,0.89895767
patel shashikant,shashikant patil,1,patel shashikant,shashikant patil,patel shashikant,shashikant patil,0.7614949263710303,0.65972745,0.7467948717948718,0,0,12,0.3333333333333333,0.94,0,0,1,0.88654673
shiriskar omkar,s omkar,1,shiriskar omkar,s omkar,shiriskar omkar,s omkar,0.6872934956847576,0.7896659,0.5293650793650794,0,0,8,0.3333333333333333,0.83,0,1,1,0.89895767
t vishwas,vishwas tarle,1,t vishwas,vishwas tarle,t vishwas,vishwas tarle,0.6596549755098496,0.7430526,0.772079772079772,0,0,8,0.3333333333333333,0.88,0,1,1,0.89895767
patil parag ashok,parag patil,1,patil parag ashok,parag patil,patil parag ashok,parag patil,0.8246574191509699,0.6410737,0.8331550802139037,0,0,11,0.6666666666666666,1.0,0,1,1,0.89895767
shah virendra kumar,virendra s,1,shah virendra kumar,virendra s,shah virendra kumar,virendra s,0.7808742461795481,0.44839925,0.6430799220272905,0,0,10,0.25,0.89,1,1,1,0.8714186
k vishwas,vishwas kadam,1,k vishwas,vishwas kadam,k vishwas,vishwas kadam,0.733041222221623,0.87896013,0.772079772079772,0,0,8,0.3333333333333333,0.88,0,1,1,0.89895767
nayan anveshi,anveshi n,1,nayan anveshi,anveshi n,nayan anveshi,anveshi n,0.8352727788033826,0.7733439,0.41737891737891736,0,0,8,0.3333333333333333,0.88,1,1,1,0.89895767
bilagi nazreen m,nazreen bilagi,1,bilagi nazreen m,nazreen bilagi,bilagi nazreen m,nazreen bilagi,0.9894126481558495,0.9020981,0.6130952380952381,0,0,13,0.6666666666666666,1.0,1,1,1,0.89895767
waghchoure nitin dagdu,n waghchoure,1,waghchoure nitin dagdu,n waghchoure,waghchoure nitin dagdu,n waghchoure,0.7413264064517523,0.7199117,0.654040404040404,0,0,14,0.25,0.91,0,1,1,0.89895767
ramdas b,ramdas bangar,1,ramdas b,ramdas bangar,ramdas b,ramdas bangar,0.7318384182548155,0.80684996,0.9230769230769231,0,1,5,0.3333333333333333,0.86,0,1,1,0.89880055
shahi ms priyanka,priyanka shah,1,shahi priyanka,priyanka shah,shahi priyanka,priyanka shah,0.8369465130055378,0.9356662,0.6945054945054946,0,0,11,0.3333333333333333,0.96,1,0,1,0.88654673
anjali mrs sunil kumar kanojia,sunil kanojia,1,anjali sunil kumar kanojia,sunil kanojia,anjali sunil kumar kanojia,sunil kanojia,0.8107264642053471,0.686421,0.655982905982906,0,0,13,0.5,1.0,1,1,1,0.89895767
verma miss neeta s b,b s verma,1,verma neeta s b,b s verma,verma neeta s b,b s verma,0.7127205260244087,0.84318036,0.5222222222222223,0,0,12,0.75,1.0,1,1,1,0.89895767
singh pushkar b,b p singh,1,singh pushkar b,b p singh,singh pushkar b,b p singh,0.5172315009948086,0.78489864,0.6052910052910053,0,0,12,0.5,0.88,0,1,1,0.8939444
gupta anand k,a k gupta,1,gupta anand k,a k gupta,gupta anand k,a k gupta,0.7465261268295897,0.8060273,0.6292226292226292,0,0,11,0.5,0.88,1,1,1,0.89895767
islam miss aaliya shamsul,shamsul islam,1,islam aaliya shamsul,shamsul islam,islam aaliya shamsul,shamsul islam,0.8007860088677221,0.90015984,0.6472027972027972,0,0,13,0.6666666666666666,1.0,0,1,1,0.89895767
kumar gautam,gautam,1,kumar gautam,gautam,kumar gautam,gautam,0.8817926918576927,0.6919919,0.5833333333333334,0,0,6,0.5,1.0,0,0,1,0.82542205
patel miss madhu bala,madhu b patel,1,patel madhu bala,madhu b patel,patel madhu bala,madhu b patel,0.8521161236037,0.8737376,0.6647435897435897,0,0,11,0.5,0.92,0,1,1,0.89895767
dave vivek jagdish,jagdish v dave,1,dave vivek jagdish,jagdish v dave,dave vivek jagdish,jagdish v dave,0.8332956941403682,0.795591,0.6232804232804233,0,0,14,0.5,0.92,0,1,1,0.89895767
kulkarni avinash baburao,avinash b kulkarni,1,kulkarni avinash baburao,avinash b kulkarni,kulkarni avinash baburao,avinash b kulkarni,0.7767466805429296,0.8132148,0.7685185185185185,0,0,16,0.5,0.94,1,1,1,0.89895767
belani vijay z,v z belani,1,belani vijay z,v z belani,belani vijay z,v z belani,0.8281629171725966,0.61068606,0.5904761904761905,0,0,12,0.5,0.89,1,1,1,0.89895767
vyas bhadresh dhayalal,bhadresh d vyas,1,vyas bhadresh dhayalal,bhadresh d vyas,vyas bhadresh dhayalal,bhadresh d vyas,0.7798051810576926,0.8054009,0.6898989898989899,0,0,10,0.5,0.93,0,1,1,0.89895767
shah akshat kamlesh,kamlesh a shah,1,shah akshat kamlesh,kamlesh a shah,shah akshat kamlesh,kamlesh a shah,0.8085111583346543,0.87608236,0.7276144907723855,0,0,13,0.5,0.92,0,1,1,0.89895767
charolia arshad yasin,arshad y charolia,1,charolia arshad yasin,arshad y charolia,charolia arshad yasin,arshad y charolia,0.8482242788383757,0.87487495,0.7796451914098973,0,0,15,0.5,0.94,1,1,1,0.89895767
dohadwala saifee nooruddin,saifee n dohadwala,1,dohadwala saifee nooruddin,saifee n dohadwala,dohadwala saifee nooruddin,saifee n dohadwala,0.7967613403913173,0.8089225,0.7307692307692308,0,0,18,0.5,0.94,1,1,1,0.89895767
deshpande ashwin pandurang,ashwin p deshpande,1,deshpande ashwin pandurang,ashwin p deshpande,deshpande ashwin pandurang,ashwin p deshpande,0.8088549229412512,0.80113864,0.7678062678062677,0,0,17,0.5,0.94,0,1,1,0.89895767
pardiwalla behram shawak,behram s pardiwalla,1,pardiwalla behram shawak,behram s pardiwalla,pardiwalla behram shawak,behram s pardiwalla,0.8549396162335846,0.8537806,0.7726608187134502,0,0,19,0.5,0.94,1,1,1,0.89895767
shah deep dilip,dilip d shah,1,shah deep dilip,dilip d shah,shah deep dilip,dilip d shah,0.8496718999451973,0.8641206,0.5222222222222223,0,0,13,0.5,0.91,0,1,1,0.89895767
mistry mrs kautuki bakul,kautuki b mistry,1,mistry kautuki bakul,kautuki b mistry,mistry kautuki bakul,kautuki b mistry,0.8661859314359938,0.7440978,0.6166666666666667,0,0,14,0.5,0.93,1,1,1,0.89895767
khan masood ahmed,m ahmed khan,1,khan masood ahmed,m ahmed khan,khan masood ahmed,m ahmed khan,0.6618112204457344,0.87838566,0.545751633986928,0,0,12,0.5,0.91,0,1,1,0.89895767
solkar hamza moatasim,moatasim h solkar,1,solkar hamza moatasim,moatasim h solkar,solkar hamza moatasim,moatasim h solkar,0.8246515625343507,0.85358524,0.6479925303454714,0,0,15,0.5,0.94,0,1,1,0.89895767
singh miss ragini,ragini s,1,singh ragini,ragini s,singh ragini,ragini s,0.8274895148789224,0.6690569,0.5472222222222222,0,0,8,0.3333333333333333,0.86,1,1,1,0.89895767
poddar ms tejal vijay,tejal poddar,1,poddar tejal vijay,tejal poddar,poddar tejal vijay,tejal poddar,0.8937768834340956,0.7323656,0.75,0,0,12,0.6666666666666666,1.0,0,1,1,0.89895767
shah ms diana virendra,virendra d shah,1,shah diana virendra,virendra d shah,shah diana virendra,virendra d shah,0.773818379486488,0.83099663,0.5801169590643275,0,0,16,0.5,0.93,1,1,1,0.89895767
mohd shahid,m shahid,1,mohd shahid,m shahid,mohd shahid,m shahid,0.7368451924082431,0.83109915,0.8056818181818183,0,0,3,0.3333333333333333,0.86,0,1,1,0.89895767
shroff neelam dharampal mrs,neelam d shroff,1,shroff neelam dharampal,neelam d shroff,shroff neelam dharampal,neelam d shroff,0.8151851486227287,0.7513502,0.7285024154589372,0,0,15,0.5,0.93,0,1,1,0.89895767
prabhu nikhil dinesh,dinesh n prabhu,1,prabhu nikhil dinesh,dinesh n prabhu,prabhu nikhil dinesh,dinesh n prabhu,0.7783672241543589,0.8679737,0.6333333333333333,0,0,17,0.5,0.93,0,1,1,0.89895767
thacker hemant premj,hemant p thacker,1,thacker hemant premj,hemant p thacker,thacker hemant premj,hemant p thacker,0.8125522234467557,0.8883933,0.7875,0,0,16,0.5,0.93,0,1,1,0.89895767
shah mrinal manoj,mrinal m shah,1,shah mrinal manoj,mrinal m shah,shah mrinal manoj,mrinal m shah,0.8248670256064804,0.8406119,0.6795557383792677,0,0,10,0.5,0.92,0,1,1,0.89895767
kaba amin rahim,amin r kaba,1,kaba amin rahim,amin r kaba,kaba amin rahim,amin r kaba,0.7749926773439915,0.8538493,0.6579124579124579,0,0,10,0.5,0.9,1,1,1,0.89895767
saldanha cara nathalia,cara n saldanha,1,saldanha cara nathalia,cara n saldanha,saldanha cara nathalia,cara n saldanha,0.8390252426313723,0.8348937,0.7606060606060606,0,0,15,0.5,0.93,1,1,1,0.89895767
bhoira faizan abdul hameed,faizan a bhoira,1,bhoira faizan abdul hameed,faizan a bhoira,bhoira faizan abdul hameed,faizan a bhoira,0.764429320769779,0.6933899,0.7256410256410256,0,0,17,0.4,0.93,1,1,1,0.89895767
kapil kumar,kapil k,1,kapil kumar,kapil k,kapil kumar,kapil k,0.8691493996883515,0.6905186,0.9272727272727272,0,1,4,0.3333333333333333,0.83,0,1,1,0.89880055
more akshay milind,milind more,1,more akshay milind,milind more,more akshay milind,milind more,0.8201075560361143,0.70494705,0.5151515151515151,0,0,15,0.6666666666666666,1.0,0,1,1,0.89895767
pragathi a kamath,pragati kamat,1,pragathi a kamath,pragati kamat,pragathi a kamath,pragati kamat,0.670342168312531,0.8043145,0.9221719457013575,0,1,4,0.0,0.87,1,0,1,0.8712664
hegde rohit ratnakar,rohit r hegde,1,hegde rohit ratnakar,rohit r hegde,hegde rohit ratnakar,rohit r hegde,0.7882560457843081,0.70332897,0.7551282051282051,0,0,13,0.5,0.92,0,1,1,0.89895767
bhoira salman siddik,salman s bhoira,1,bhoira salman siddik,salman s bhoira,bhoira salman siddik,salman s bhoira,0.8098437434544467,0.8497877,0.7833333333333333,0,0,13,0.5,0.93,1,1,1,0.89895767
dash subhendu,shubhendu,1,dash subhendu,shubhendu,dash subhendu,shubhendu,0.6835741055231724,0.3562281,0.8974358974358975,0,0,4,0.0,0.82,0,0,1,0.86887515
shaikh suleman dawood,suleman d shaikh,1,shaikh suleman dawood,suleman d shaikh,shaikh suleman dawood,suleman d shaikh,0.7307807138192066,0.8648908,0.6566697191697192,0,0,14,0.5,0.93,0,1,1,0.89895767
m n varun,varun mn,1,m n varun,varun mn,m n varun,varun mn,0.6949165882177942,0.7428329,0.5694444444444444,0,0,7,0.25,0.94,0,0,1,0.7722641
jain dilip motilal,dilip m jain,1,jain dilip motilal,dilip m jain,jain dilip motilal,dilip m jain,0.6969967658280878,0.82899916,0.7222222222222222,0,0,11,0.5,0.91,0,1,1,0.89895767
mistry harish shantilal,harish s mistry,1,mistry harish shantilal,harish s mistry,mistry harish shantilal,harish s mistry,0.7651854863855205,0.81668854,0.7507246376811594,0,0,15,0.5,0.93,0,1,1,0.89895767
mohsin khan aslam,m aslam khan,1,mohsin khan aslam,m aslam khan,mohsin khan aslam,m aslam khan,0.7167265774782011,0.8357362,0.6738562091503267,0,0,11,0.5,0.91,0,1,1,0.89895767
rinkan amin virani,amin r virani,1,rinkan amin virani,amin r virani,rinkan amin virani,amin r virani,0.7383122210478432,0.83339185,0.7535612535612536,0,0,9,0.5,0.92,1,1,1,0.89895767
khambaty munira abbas,munira a khambaty,1,khambaty munira abbas,munira a khambaty,khambaty munira abbas,munira a khambaty,0.8417504742125986,0.785431,0.7992530345471521,0,0,16,0.5,0.94,1,1,1,0.89895767
naik nazim abubakkar,nazim a naik,1,naik nazim abubakkar,nazim a naik,naik nazim abubakkar,nazim a naik,0.6818564607350758,0.79363173,0.8044444444444444,0,0,11,0.5,0.91,0,1,1,0.89895767
desai sundarrao bapu,sundar bapu desai,1,desai sundarrao bapu,sundar bapu desai,desai sundarrao bapu,sundar bapu desai,0.8228606543503738,0.83253354,0.7441176470588236,0,0,15,0.5,0.92,1,0,1,0.7249791
jain ashok kumar l,ashok k jain,1,jain ashok kumar l,ashok k jain,jain ashok kumar l,ashok k jain,0.8444743662134637,0.917965,0.7222222222222222,0,0,10,0.4,0.91,0,1,1,0.89895767
s ashok,ashok shah,1,s ashok,ashok shah,s ashok,ashok shah,0.781711474322405,0.71472096,0.7571428571428571,0,0,7,0.3333333333333333,0.83,0,1,1,0.89895767
desai dipak lavji,dipak l desai,1,desai dipak lavji,dipak l desai,desai dipak lavji,dipak l desai,0.7327474483295736,0.8481801,0.6795557383792677,0,0,11,0.5,0.92,1,1,1,0.89895767
heela jain m miss,h m jain,1,heela jain m,h m jain,heela jain m,h m jain,0.5966416101698082,0.7587353,0.6944444444444445,0,0,6,0.5,0.86,0,1,1,0.89895767
ranawat jayesh madan raj,jayesh m ranawat,1,ranawat jayesh madan raj,jayesh m ranawat,ranawat jayesh madan raj,jayesh m ranawat,0.8293541564923841,0.7981798,0.7430555555555555,0,0,13,0.4,0.93,0,1,1,0.89895767
jain ms sonam lalit,lalit s jain,1,jain sonam lalit,lalit s jain,jain sonam lalit,lalit s jain,0.7835104030272463,0.9305155,0.6805555555555555,0,0,10,0.5,0.91,0,1,1,0.89895767
gandbhir ninad anant,ninad a gandbhir,1,gandbhir ninad anant,ninad a gandbhir,gandbhir ninad anant,ninad a gandbhir,0.9154344107100392,0.8634193,0.7875,0,0,16,0.5,0.93,0,1,1,0.89895767
gole ms prachi vinayak,prachi v gole,1,gole prachi vinayak,prachi v gole,gole prachi vinayak,prachi v gole,0.8002076077144095,0.63907444,0.5738491527965212,0,0,11,0.5,0.92,1,1,1,0.89895767
choudhary rekha mrs,rekha chaudhary,1,choudhary rekha,rekha chaudhary,choudhary rekha,rekha chaudhary,0.7470782159241599,0.8430798,0.701010101010101,0,0,13,0.3333333333333333,0.93,1,0,1,0.7413408
deolekar samir suresh,samir s deolekar,1,deolekar samir suresh,samir s deolekar,deolekar samir suresh,samir s deolekar,0.8877604356491648,0.85727966,0.753968253968254,0,0,17,0.5,0.93,0,1,1,0.89895767
teredesai sanjay narayan,sanjay n teredesai,1,teredesai sanjay narayan,sanjay n teredesai,teredesai sanjay narayan,sanjay n teredesai,0.8856452253584404,0.83039,0.75,0,0,18,0.5,0.94,1,1,1,0.89895767
more shraddha deepak,shraddha d more,1,more shraddha deepak,shraddha d more,more shraddha deepak,shraddha d more,0.8304576251116323,0.7974932,0.7106837606837607,0,0,10,0.5,0.93,1,1,1,0.89895767
s vignesh,vignesh sulumani,1,s vignesh,vignesh sulumani,s vignesh,vignesh sulumani,0.6670753229838278,0.62551033,0.7060185185185185,0,0,11,0.3333333333333333,0.88,0,1,1,0.89895767
desai vinod lavji,vinod l desai,1,desai vinod lavji,vinod l desai,desai vinod lavji,vinod l desai,0.7162504171141256,0.84399074,0.6795557383792677,0,0,11,0.5,0.92,1,1,1,0.89895767
patil suraj dilip,dilip s patil,1,patil suraj dilip,dilip s patil,patil suraj dilip,dilip s patil,0.8377187031260273,0.81444305,0.6664990782637842,0,0,11,0.5,0.92,0,1,1,0.89895767
mandot jaichand k,j k mandot,1,mandot jaichand k,j k mandot,mandot jaichand k,j k mandot,0.6905074076769574,0.71550775,0.5901960784313726,0,0,13,0.5,0.89,0,1,1,0.89895767
desai mrs purnima apurva,purnima a desai,1,desai purnima apurva,purnima a desai,desai purnima apurva,purnima a desai,0.7965282711665106,0.84110814,0.6333333333333333,0,0,11,0.5,0.93,1,1,1,0.89895767
desai avinash vinayak,avinash v desai,1,desai avinash vinayak,avinash v desai,desai avinash vinayak,avinash v desai,0.8227331526341626,0.6893722,0.7003663003663004,0,0,11,0.5,0.93,1,1,1,0.89895767
qureshi mohd naseem,m naseem qureshi,1,qureshi mohd naseem,m naseem qureshi,qureshi mohd naseem,m naseem qureshi,0.8659972980825439,0.9124349,0.5153508771929824,0,0,16,0.5,0.93,1,1,1,0.89895767
chandrashekara n,nisha chandrashekar,1,chandrashekara n,nisha chandrashekar,chandrashekara n,nisha chandrashekar,0.780623572992258,0.75921583,0.7756578947368421,0,0,9,0.0,0.86,1,0,1,0.83794796
solanki prasad kantilal,prasad k solanki,1,solanki prasad kantilal,prasad k solanki,solanki prasad kantilal,prasad k solanki,0.7778569981842962,0.81264603,0.7527173913043478,0,0,15,0.5,0.93,1,1,1,0.89895767
shetty vinay krishna,vinay k shetty,1,shetty vinay krishna,vinay k shetty,shetty vinay krishna,vinay k shetty,0.8142654072521117,0.6865587,0.7333333333333334,0,0,13,0.5,0.92,0,1,1,0.89895767
verma ram kumar,r verma,1,verma ram kumar,r verma,verma ram kumar,r verma,0.7448550982173752,0.62833226,0.6793650793650793,0,0,11,0.25,0.83,1,1,1,0.89895767
k ramesh,ramesh kale,1,k ramesh,ramesh kale,k ramesh,ramesh kale,0.6899848082839406,0.7770003,0.7651515151515151,0,0,7,0.3333333333333333,0.86,0,1,1,0.89895767
choudhary alok kumar,a choudhary,1,choudhary alok kumar,a choudhary,choudhary alok kumar,a choudhary,0.7189835120145228,0.62174463,0.6984848484848486,0,0,13,0.25,0.9,0,1,1,0.89895767
singh diwakar,s diwakar,1,singh diwakar,s diwakar,singh diwakar,s diwakar,0.8296521690384832,0.78551465,0.8743589743589743,0,0,4,0.3333333333333333,0.88,0,1,1,0.89880055
jain vinod maganlal,vinod m jain,1,jain vinod maganlal,vinod m jain,jain vinod maganlal,vinod m jain,0.6403411640764162,0.87458295,0.7105263157894738,0,0,11,0.5,0.91,0,1,1,0.89895767
salgia kapil dhanpal,kapil d salgia,1,salgia kapil dhanpal,kapil d salgia,salgia kapil dhanpal,kapil d salgia,0.8051890923367662,0.82620037,0.7571428571428571,0,0,13,0.5,0.92,1,1,1,0.89895767
shah nishit jayant,nishit j shah,1,shah nishit jayant,nishit j shah,shah nishit jayant,nishit j shah,0.7746553774674949,0.8092621,0.7535612535612536,0,0,10,0.5,0.92,0,1,1,0.89895767
rajani priyanka,priyank rajan,1,rajani priyanka,priyank rajan,rajani priyanka,priyank rajan,0.7405955113868871,0.86457,0.69002849002849,0,0,9,0.0,0.93,0,0,1,0.87298673
wadhwani miss pushpa gokaldas,pushpa g wadhwani,1,wadhwani pushpa gokaldas,pushpa g wadhwani,wadhwani pushpa gokaldas,pushpa g wadhwani,0.7622592097385598,0.8008461,0.7851307189542484,0,0,16,0.5,0.94,1,1,1,0.89895767
rema krishnan mrs,r krishnan,1,rema krishnan,r krishnan,rema krishnan,r krishnan,0.739251904967733,0.7682015,0.8107692307692307,0,0,3,0.3333333333333333,0.89,0,1,1,0.89895767
khadilkar satish vasant,satish v khadilkar,1,khadilkar satish vasant,satish v khadilkar,khadilkar satish vasant,satish v khadilkar,0.8672775381382621,0.832244,0.7793880837359097,0,0,18,0.5,0.94,0,1,1,0.89895767
keni ajay pandurang,ajay p keni,1,keni ajay pandurang,ajay p keni,keni ajay pandurang,ajay p keni,0.6905989310842746,0.799737,0.7081339712918661,0,0,12,0.5,0.9,1,1,1,0.89895767
keny amitabh madhukar,amitabh m keny,1,keny amitabh madhukar,amitabh m keny,keny amitabh madhukar,amitabh m keny,0.810363558659027,0.80703187,0.6183261183261183,0,0,12,0.5,0.92,0,1,1,0.89895767
malage dhananjay rajeshwar,dhananjay r malage,1,malage dhananjay rajeshwar,dhananjay r malage,malage dhananjay rajeshwar,dhananjay r malage,0.8205358741279122,0.8362874,0.7307692307692308,0,0,15,0.5,0.94,0,1,1,0.89895767
ganesh k,ganesh kuwar,1,ganesh k,ganesh kuwar,ganesh k,ganesh kuwar,0.5992241215383094,0.83508825,0.9333333333333333,0,1,4,0.3333333333333333,0.86,0,1,1,0.89880055
kshirsagar pralhad ukha,p u kshirsagar,1,kshirsagar pralhad ukha,p u kshirsagar,kshirsagar pralhad ukha,p u kshirsagar,0.655123714696424,0.7532686,0.6031432335780161,0,0,17,0.2,0.83,0,1,1,0.8983663
raut miss megha parshuram,r parshuram,1,raut megha parshuram,r parshuram,raut megha parshuram,r parshuram,0.6564828644156601,0.6850001,0.755909090909091,0,0,9,0.25,0.9,0,1,1,0.89895767
chaturuvedi miss asha,asha chaturvedi,1,chaturuvedi asha,asha chaturvedi,chaturuvedi asha,asha chaturvedi,0.6779130751905963,0.93045115,0.7111111111111111,0,0,11,0.3333333333333333,0.97,1,0,1,0.85457784
kripalani deepak nari,deepak n kripalani,1,kripalani deepak nari,deepak n kripalani,kripalani deepak nari,deepak n kripalani,0.9003515392180084,0.8742861,0.7169312169312169,0,0,13,0.5,0.94,1,1,1,0.89895767
gandhi k j,kiran j gandhi,1,gandhi k j,kiran j gandhi,gandhi k j,kiran j gandhi,0.7667867700640362,0.7418119,0.565079365079365,0,0,12,0.5,0.89,1,1,1,0.89895767
aggarwal miss shilpa,shilpa agarwal,1,aggarwal shilpa,shilpa agarwal,aggarwal shilpa,shilpa agarwal,0.8331677850244787,0.949598,0.6603174603174603,0,0,13,0.3333333333333333,0.97,1,0,1,0.88654673
pathan avais bashir,avais b pathan,1,pathan avais bashir,avais b pathan,pathan avais bashir,avais b pathan,0.7974432535892789,0.7996683,0.7694235588972432,0,0,12,0.5,0.92,0,1,1,0.89895767
mhatre dnyanesh ramesh,dnyanesh r mhatre,1,mhatre dnyanesh ramesh,dnyanesh r mhatre,mhatre dnyanesh ramesh,dnyanesh r mhatre,0.9148620352902883,0.8371742,0.7436497326203209,0,0,13,0.5,0.94,0,1,1,0.89895767
patil priyanka ashok,priyanka a patil,1,patil priyanka ashok,priyanka a patil,patil priyanka ashok,priyanka a patil,0.8372981425149253,0.7446219,0.7439285714285715,0,0,12,0.5,0.93,1,1,1,0.89895767
wakankar rahul anil,rahul a wakankar,1,wakankar rahul anil,rahul a wakankar,wakankar rahul anil,rahul a wakankar,0.9010076504006461,0.8820516,0.704031713900135,0,0,14,0.5,0.93,0,1,1,0.89895767
garde samir dilip,samir d garde,1,garde samir dilip,samir d garde,garde samir dilip,samir d garde,0.7961676527448335,0.78427327,0.6795557383792677,0,0,12,0.5,0.92,0,1,1,0.89895767
chitale mrs shobhana arun,shobhana a chitale,1,chitale shobhana arun,shobhana a chitale,chitale shobhana arun,shobhana a chitale,0.9048417819143406,0.81940746,0.6522181522181523,0,0,16,0.5,0.94,1,1,1,0.89895767
nigam ashish,aashish nigam,1,nigam ashish,aashish nigam,nigam ashish,aashish nigam,0.8299708281039142,0.6798433,0.665954415954416,0,0,11,0.3333333333333333,0.96,0,0,1,0.88654673
vadujkar deepak dinkar,deepak d vadujkar,1,vadujkar deepak dinkar,deepak d vadujkar,vadujkar deepak dinkar,deepak d vadujkar,0.8739860756761235,0.88226956,0.7869875222816399,0,0,13,0.5,0.94,0,1,1,0.89895767
shankar k n,shankar n karap,1,shankar k n,shankar n karap,shankar k n,shankar n karap,0.6842471744358783,0.86785436,0.9284848484848485,0,1,6,0.5,0.9,0,1,1,0.89880055
avhad anil dada,anil d avhad,1,avhad anil dada,anil d avhad,avhad anil dada,anil d avhad,0.8186040820495013,0.8053425,0.7300000000000001,0,0,10,0.5,0.91,0,1,1,0.89895767
jadhav yatish anant,yatish a jadhav,1,jadhav yatish anant,yatish a jadhav,jadhav yatish anant,yatish a jadhav,0.8685740216785981,0.8888202,0.6716374269005848,0,0,13,0.5,0.93,0,1,1,0.89895767
nazir adi ruttonji,adi r nazir,1,nazir adi ruttonji,adi r nazir,nazir adi ruttonji,adi r nazir,0.6331709954590716,0.66628647,0.7491582491582491,0,0,13,0.5,0.9,1,1,1,0.89895767
potwar manik suhas mrs,manik s potwar,1,potwar manik suhas,manik s potwar,potwar manik suhas,manik s potwar,0.8334669178776033,0.8181381,0.7592592592592592,0,0,13,0.5,0.92,0,1,1,0.89895767
naik abhijit shrikant,shrikant a naik,1,naik abhijit shrikant,shrikant a naik,naik abhijit shrikant,shrikant a naik,0.7653382108229064,0.86973155,0.6747252747252747,0,0,16,0.5,0.93,0,1,1,0.89895767
bedekar alka sunil,alka s bedekar,1,bedekar alka sunil,alka s bedekar,bedekar alka sunil,alka s bedekar,0.8766531754005099,0.8726269,0.7592592592592592,0,0,15,0.5,0.92,1,1,1,0.89895767
jadhav hemant subhash,hemant s jadhav,1,jadhav hemant subhash,hemant s jadhav,jadhav hemant subhash,hemant s jadhav,0.8240817530763576,0.8081175,0.7714285714285715,0,0,13,0.5,0.93,0,1,1,0.89895767
elamkar sachin manohar,sachin m elamkar,1,elamkar sachin manohar,sachin m elamkar,elamkar sachin manohar,sachin m elamkar,0.8545284228270603,0.8808546,0.7424242424242425,0,0,14,0.5,0.93,0,1,1,0.89895767
leena b jain,b l jain,1,leena b jain,b l jain,leena b jain,b l jain,0.6254566233785183,0.81175756,0.6765873015873017,0,0,6,0.5,0.86,0,1,1,0.89895767
hussain maleka miss,m hussain,1,hussain maleka,m hussain,hussain maleka,m hussain,0.7240190333673371,0.7313144,0.6951058201058201,0,0,9,0.3333333333333333,0.88,0,1,1,0.89895767
shah rushil nilesh,nilesh r shah,1,shah rushil nilesh,nilesh r shah,shah rushil nilesh,nilesh r shah,0.747088769517608,0.8218603,0.6082621082621084,0,0,14,0.5,0.92,0,1,1,0.89895767
luthria jagdish atmaram,jagdish a luthria,1,luthria jagdish atmaram,jagdish a luthria,luthria jagdish atmaram,jagdish a luthria,0.8206969545437663,0.7980321,0.7757885763000852,0,0,15,0.5,0.94,1,1,1,0.89895767
murkey mrs namrata suresh,namrata s murkey,1,murkey namrata suresh,namrata s murkey,murkey namrata suresh,namrata s murkey,0.9010093868873288,0.86592996,0.7043650793650794,0,0,12,0.5,0.93,1,1,1,0.89895767
hora shaunak ajay,shaunak a hora,1,hora shaunak ajay,shaunak a hora,hora shaunak ajay,shaunak a hora,0.8972900236034079,0.80393916,0.7432306255835668,0,0,10,0.5,0.92,1,1,1,0.89895767
nanavati hemang bipin,hemang b nanavati,1,nanavati hemang bipin,hemang b nanavati,nanavati hemang bipin,hemang b nanavati,0.8167116600174262,0.83569515,0.7992530345471521,0,0,16,0.5,0.94,1,1,1,0.89895767
bhumbre nikhil prabhakar,nikhil p bhumbre,1,bhumbre nikhil prabhakar,nikhil p bhumbre,bhumbre nikhil prabhakar,nikhil p bhumbre,0.855422531294327,0.79695547,0.7222222222222222,0,0,14,0.5,0.93,0,1,1,0.89895767
gidwani vinod narain das,vinod n gidwani,1,gidwani vinod narain das,vinod n gidwani,gidwani vinod narain das,vinod n gidwani,0.8215805223989572,0.7577658,0.7416666666666667,0,0,16,0.4,0.93,1,1,1,0.89895767
patil ameya hemant,ameya h patil,1,patil ameya hemant,ameya h patil,patil ameya hemant,ameya h patil,0.7805751775036972,0.74487925,0.7535612535612536,0,0,11,0.5,0.92,1,1,1,0.89895767
tullu milind suhaschandra,milind s tullu,1,tullu milind suhaschandra,milind s tullu,tullu milind suhaschandra,milind s tullu,0.7175085184309166,0.7227292,0.7104761904761906,0,0,17,0.5,0.92,0,1,1,0.89895767
n ramesh,ramesh nagda,1,n ramesh,ramesh nagda,n ramesh,ramesh nagda,0.563490743451858,0.7398393,0.6765873015873017,0,0,8,0.3333333333333333,0.86,0,1,1,0.89895767
kedia subodh kumar gipikrishna,subodh g kedia,1,kedia subodh kumar gipikrishna,subodh g kedia,kedia subodh kumar gipikrishna,subodh g kedia,0.6873453532731028,0.7008577,0.6555555555555556,0,0,20,0.4,0.92,1,1,1,0.89895767
deshmukh vinand vasant,vinand v deshmukh,1,deshmukh vinand vasant,vinand v deshmukh,deshmukh vinand vasant,vinand v deshmukh,0.8613308230550631,0.85180664,0.7673796791443851,0,0,17,0.5,0.94,0,1,1,0.89895767
gupta arvind k,a k gupta,1,gupta arvind k,a k gupta,gupta arvind k,a k gupta,0.6376066633517505,0.8346782,0.6164021164021164,0,0,12,0.5,0.88,1,1,1,0.89895767
gajjar nitin vinod,nitin v gajjar,1,gajjar nitin vinod,nitin v gajjar,gajjar nitin vinod,nitin v gajjar,0.8495819809111048,0.8336241,0.7592592592592592,0,0,14,0.5,0.92,0,1,1,0.89895767
punjabi rajeev vishindas,rajeev v punjabi,1,punjabi rajeev vishindas,rajeev v punjabi,punjabi rajeev vishindas,rajeev v punjabi,0.8102687751629121,0.798187,0.7222222222222222,0,0,15,0.5,0.93,1,1,1,0.89895767
ladha shermin farid,shermin f ladha,1,ladha shermin farid,shermin f ladha,ladha shermin farid,shermin f ladha,0.7897080048176804,0.7680882,0.723391812865497,0,0,11,0.5,0.93,1,1,1,0.89895767
gupte sudhir vasant,sudhir v gupte,1,gupte sudhir vasant,sudhir v gupte,gupte sudhir vasant,sudhir v gupte,0.8346659853302263,0.8179468,0.6670084301663248,0,0,11,0.5,0.92,0,1,1,0.89895767
irani aspi jamshed,aspi j irani,1,irani aspi jamshed,aspi j irani,irani aspi jamshed,aspi j irani,0.7183405103645336,0.85083246,0.7222222222222222,0,0,12,0.5,0.91,1,1,1,0.89895767
deokar atul bhagawan,atul b deokar,1,deokar atul bhagawan,atul b deokar,deokar atul bhagawan,atul b deokar,0.7656724277355333,0.78802085,0.7294871794871794,0,0,13,0.5,0.92,0,1,1,0.89895767
yadav manohar kundlik,manohar k yadav,1,yadav manohar kundlik,manohar k yadav,yadav manohar kundlik,manohar k yadav,0.6981254864803087,0.8658314,0.6747252747252747,0,0,12,0.5,0.93,0,1,1,0.89895767
chawla manoj satesh,manoj s chawla,1,chawla manoj satesh,manoj s chawla,chawla manoj satesh,manoj s chawla,0.8267896795740818,0.8141533,0.7456140350877193,0,0,14,0.5,0.92,1,1,1,0.89895767
gadam mohan anna,mohan a gadam,1,gadam mohan anna,mohan a gadam,gadam mohan anna,mohan a gadam,0.8409050235894553,0.8268953,0.6930361305361306,0,0,11,0.5,0.92,0,1,1,0.89895767
sharma manish,munish sharma,1,sharma manish,munish sharma,sharma manish,munish sharma,0.6465833329002586,0.6921212,0.6467236467236467,0,0,12,0.3333333333333333,0.92,1,0,1,0.56464946
nanavati murari suresh,murari s nanavati,1,nanavati murari suresh,murari s nanavati,nanavati murari suresh,murari s nanavati,0.8828367573873543,0.85211957,0.7869875222816399,0,0,18,0.5,0.94,1,1,1,0.89895767
shetty nihal r,n r shetty,1,shetty nihal r,n r shetty,shetty nihal r,n r shetty,0.6888667347023814,0.7306016,0.5904761904761905,0,0,12,0.5,0.89,0,1,1,0.89895767
surabhi k,surabhi kokate,1,surabhi k,surabhi kokate,surabhi k,surabhi kokate,0.6311099432860308,0.8496871,0.9285714285714286,0,1,5,0.3333333333333333,0.88,1,1,1,0.89880055
kulkarni vilas anant,vilas a kulkarni,1,kulkarni vilas anant,vilas a kulkarni,kulkarni vilas anant,vilas a kulkarni,0.887729398308356,0.9356055,0.7875,0,0,14,0.5,0.93,1,1,1,0.89895767
patil mrs mala arun,arun m patil,1,patil mala arun,arun m patil,patil mala arun,arun m patil,0.8352331152411732,0.8327645,0.5777777777777778,0,0,11,0.5,0.91,0,1,1,0.89895767
hattangadi deepak ramanand,d r hattangadi,1,hattangadi deepak ramanand,d r hattangadi,hattangadi deepak ramanand,d r hattangadi,0.7241574924091041,0.59288216,0.6062271062271062,0,0,20,0.2,0.83,1,1,1,0.89775467
bachani manohar,manohar bacchani,1,bachani manohar,manohar bacchani,bachani manohar,manohar bacchani,0.7170562775723384,0.71866214,0.6097222222222222,0,0,10,0.3333333333333333,0.97,1,0,1,0.88654673
shah parth manoj,manoj p shah,1,shah parth manoj,manoj p shah,shah parth manoj,manoj p shah,0.7721730923364267,0.88732743,0.5307539682539683,0,0,13,0.5,0.91,0,1,1,0.89895767
karnik mrs priya sanjay,priya s karnik,1,karnik priya sanjay,priya s karnik,karnik priya sanjay,priya s karnik,0.8341816875378167,0.8025961,0.7456140350877193,0,0,13,0.5,0.92,1,1,1,0.89895767
pandya arushi samir,samir a pandya,1,pandya arushi samir,samir a pandya,pandya arushi samir,samir a pandya,0.7911467549984275,0.8659525,0.6367053998632946,0,0,15,0.5,0.92,1,1,1,0.89895767
kulkarni suyash abhay,suyash a kulkarni,1,kulkarni suyash abhay,suyash a kulkarni,kulkarni suyash abhay,suyash a kulkarni,0.8784205471590578,0.85901886,0.7992530345471521,0,0,17,0.5,0.94,1,1,1,0.89895767
nagda vishanji devraj,vishanji d nagda,1,nagda vishanji devraj,vishanji d nagda,nagda vishanji devraj,vishanji d nagda,0.7916527523055067,0.86256754,0.7283730158730158,0,0,12,0.5,0.93,1,1,1,0.89895767
doshi mehul chandrakant,mehul c doshi,1,doshi mehul chandrakant,mehul c doshi,doshi mehul chandrakant,mehul c doshi,0.7747939688670997,0.75952274,0.701226309921962,0,0,15,0.5,0.92,1,1,1,0.89895767
shah saumil kumar,saumil k shah,1,shah saumil kumar,saumil k shah,shah saumil kumar,saumil k shah,0.9121534349759157,0.8475176,0.7636877828054299,0,0,9,0.5,0.92,0,1,1,0.89895767
shirodkar ulhas gurunath,u g shirodkar,1,shirodkar ulhas gurunath,u g shirodkar,shirodkar ulhas gurunath,u g shirodkar,0.642599740613941,0.57413787,0.6166472416472416,0,0,19,0.2,0.82,0,1,1,0.89775467
pawaskar vinod tukaram,vinod t pawaskar,1,pawaskar vinod tukaram,vinod t pawaskar,pawaskar vinod tukaram,vinod t pawaskar,0.7924282616922568,0.7984488,0.7424242424242425,0,0,16,0.5,0.93,0,1,1,0.89895767
sapre gautam dileep,gautam d sapre,1,sapre gautam dileep,gautam d sapre,sapre gautam dileep,gautam d sapre,0.7923681143612515,0.8325899,0.6906850459482038,0,0,12,0.5,0.92,0,1,1,0.89895767
sharda mrs mridula,mridula sarda,1,sharda mridula,mridula sarda,sharda mridula,mridula sarda,0.8914308490711679,0.69293416,0.6456043956043956,0,0,11,0.3333333333333333,0.96,1,0,1,0.88654673
nadkarni rahul madhav,rahul m nadkarni,1,nadkarni rahul madhav,rahul m nadkarni,nadkarni rahul madhav,rahul m nadkarni,0.8661226067600507,0.8667444,0.7748015873015873,0,0,15,0.5,0.93,1,1,1,0.89895767
oza abhijit jitendra,abhijit j oza,1,oza abhijit jitendra,abhijit j oza,oza abhijit jitendra,abhijit j oza,0.807060184017937,0.8742893,0.6775058275058274,0,0,10,0.5,0.92,1,1,1,0.89895767
bhandarkar rohan ajit,ajit r bhandarkar,1,bhandarkar rohan ajit,ajit r bhandarkar,bhandarkar rohan ajit,ajit r bhandarkar,0.8611425767016706,0.72330487,0.6663793722617252,0,0,15,0.5,0.94,0,1,1,0.89895767
desai kalpen jayant,kalpen j desai,1,desai kalpen jayant,kalpen j desai,desai kalpen jayant,kalpen j desai,0.8501576130116237,0.74141955,0.6367053998632946,0,0,12,0.5,0.92,1,1,1,0.89895767
vaid zubin mahernosh,zubin m vaid,1,vaid zubin mahernosh,zubin m vaid,vaid zubin mahernosh,zubin m vaid,0.7065781986359868,0.81029034,0.7000000000000001,0,0,13,0.5,0.91,0,1,1,0.89895767
pandit bipin mangesh,bipin m pandit,1,pandit bipin mangesh,bipin m pandit,pandit bipin mangesh,bipin m pandit,0.8140754184906526,0.81694317,0.7333333333333334,0,0,13,0.5,0.92,0,1,1,0.89895767
prashanth r,prashant rane,1,prashanth r,prashant rane,prashanth r,prashant rane,0.594809202572464,0.65730023,0.9356643356643356,0,1,4,0.0,0.83,0,0,1,0.8701803
vijaya kulkarni,v kulkarni,1,vijaya kulkarni,v kulkarni,vijaya kulkarni,v kulkarni,0.7918142366445227,0.6589215,0.8099999999999998,0,0,5,0.3333333333333333,0.89,1,1,1,0.89895767
shende abhishek,abhishek shinde,1,shende abhishek,abhishek shinde,shende abhishek,abhishek shinde,0.7436245456402261,0.73227537,0.5851851851851851,0,0,11,0.3333333333333333,0.93,0,0,1,0.7413408
masurkar govind vishnu,govind v masurkar,1,masurkar govind vishnu,govind v masurkar,masurkar govind vishnu,govind v masurkar,0.8512683497186955,0.7819271,0.7673796791443851,0,0,17,0.5,0.94,0,1,1,0.89895767
desai saumil anupam,saumil a desai,1,desai saumil anupam,saumil a desai,desai saumil anupam,saumil a desai,0.8089524718263114,0.8554767,0.6906850459482038,0,0,11,0.5,0.92,1,1,1,0.89895767
vaz geoffrey floyd,geoffrey vaz,1,vaz geoffrey floyd,geoffrey vaz,vaz geoffrey floyd,geoffrey vaz,0.7830089380639694,0.72190326,0.6018518518518519,0,0,9,0.6666666666666666,1.0,0,1,1,0.89895767
dashputre anil vishwanath,anil v dashputre,1,dashputre anil vishwanath,anil v dashputre,dashputre anil vishwanath,anil v dashputre,0.8227678979192667,0.63814074,0.7133333333333334,0,0,19,0.5,0.93,0,1,1,0.89895767
mardia balwant raj,balwant r mardia,1,mardia balwant raj,balwant r mardia,mardia balwant raj,balwant r mardia,0.9488590373516983,0.8139038,0.6910612535612536,0,0,13,0.5,0.94,1,1,1,0.89895767
chheda mayoor kanti lal,mayoor k chheda,1,chheda mayoor kanti lal,mayoor k chheda,chheda mayoor kanti lal,mayoor k chheda,0.8527424531833652,0.7212937,0.7285024154589372,0,0,14,0.4,0.93,1,1,1,0.89895767
baliga sandeep rajaram,sandeep r baliga,1,baliga sandeep rajaram,sandeep r baliga,baliga sandeep rajaram,sandeep r baliga,0.8387055622765202,0.86614454,0.7632575757575758,0,0,13,0.5,0.93,1,1,1,0.89895767
kulkarni sameer vasant,vasant s kulkarni,1,kulkarni sameer vasant,vasant s kulkarni,kulkarni sameer vasant,vasant s kulkarni,0.8346226180930769,0.8585654,0.6771072065189712,0,0,16,0.5,0.94,1,1,1,0.89895767
bhave vijay shashi kumar,vijay s bhave,1,bhave vijay shashi kumar,vijay s bhave,bhave vijay shashi kumar,vijay s bhave,0.7721396688529507,0.84024596,0.6933760683760682,0,0,16,0.4,0.92,0,1,1,0.89895767
jotangia nandlal kantibhai,nandlal k jotangia,1,jotangia nandlal kantibhai,nandlal k jotangia,jotangia nandlal kantibhai,nandlal k jotangia,0.8120064815760775,0.75770605,0.7307692307692308,0,0,17,0.5,0.94,1,1,1,0.89895767
desai manav sanjiv,sanjiv m desai,1,desai manav sanjiv,sanjiv m desai,desai manav sanjiv,sanjiv m desai,0.8552151767407902,0.84887505,0.6777296777296776,0,0,13,0.5,0.92,1,1,1,0.89895767
patil shraddha satish,shraddha s patil,1,patil shraddha satish,shraddha s patil,patil shraddha satish,shraddha s patil,0.8554447765956851,0.9009788,0.7281746031746031,0,0,10,0.5,0.93,1,1,1,0.89895767
situt vipul vinayak,vipul v situt,1,situt vipul vinayak,vipul v situt,situt vipul vinayak,vipul v situt,0.8504842453833068,0.783323,0.7921727395411606,0,0,12,0.5,0.92,0,1,1,0.89895767
puranik atul govind,atul g puranik,1,puranik atul govind,atul g puranik,puranik atul govind,atul g puranik,0.7975060027960366,0.7723522,0.7456140350877193,0,0,15,0.5,0.92,0,1,1,0.89895767
kamat avinash govind,avinash g kamat,1,kamat avinash govind,avinash g kamat,kamat avinash govind,avinash g kamat,0.7920935660410086,0.7602224,0.6611111111111111,0,0,12,0.5,0.93,0,1,1,0.89895767
khandelwal brij mohan,b m khandelwal,1,khandelwal brij mohan,b m khandelwal,khandelwal brij mohan,b m khandelwal,0.7210257300958041,0.7444578,0.6183261183261183,0,0,15,0.2,0.83,0,1,1,0.8983663
lele jayesh manohar,jayesh m lele,1,lele jayesh manohar,jayesh m lele,lele jayesh manohar,jayesh m lele,0.8347748730494878,0.8157652,0.684885290148448,0,0,11,0.5,0.92,0,1,1,0.89895767
dandapani kuppuswami,k dandapani,1,dandapani kuppuswami,k dandapani,dandapani kuppuswami,k dandapani,0.6064937641705951,0.8507682,0.6363636363636364,0,0,13,0.3333333333333333,0.9,1,1,1,0.89895767
bet sudhir nagnath,sudhir n bet,1,bet sudhir nagnath,sudhir n bet,bet sudhir nagnath,sudhir n bet,0.7254190898707554,0.7718719,0.662962962962963,0,0,9,0.5,0.91,0,1,1,0.89895767
shah ms vidhi sunil,sunil v shah,1,shah vidhi sunil,sunil v shah,shah vidhi sunil,sunil v shah,0.730694636735289,0.79530597,0.6388888888888888,0,0,12,0.5,0.91,0,1,1,0.89895767
bhasale surendra narhar,surendra n bhasale,1,bhasale surendra narhar,surendra n bhasale,bhasale surendra narhar,surendra n bhasale,0.7863355702965442,0.85039806,0.7365136876006441,0,0,14,0.5,0.94,1,1,1,0.89895767
patel anoop c,a c patel,1,patel anoop c,a c patel,patel anoop c,a c patel,0.6317351465712152,0.846221,0.6292226292226292,0,0,11,0.5,0.88,0,1,1,0.89895767
shah amit bharat,amit b shah,1,shah amit bharat,amit b shah,shah amit bharat,amit b shah,0.7492039111265252,0.837048,0.7443181818181818,0,0,9,0.5,0.9,0,1,1,0.89895767
wankhede amol balu,amol b wankhede,1,wankhede amol balu,amol b wankhede,wankhede amol balu,amol b wankhede,0.873851146663618,0.81639344,0.62996632996633,0,0,16,0.5,0.93,0,1,1,0.89895767
vora trucit harshad,harshad t vora,1,vora trucit harshad,harshad t vora,vora trucit harshad,harshad t vora,0.6915355377015098,0.8803041,0.5573656363130047,0,0,14,0.5,0.92,1,1,1,0.89895767
kalyani kanika rajendra,kanika r kalyani,1,kalyani kanika rajendra,kanika r kalyani,kalyani kanika rajendra,kanika r kalyani,0.8455117478281087,0.8309323,0.8188405797101449,0,0,14,0.5,0.93,1,1,1,0.89895767
trivedi nishi sanjay,sanjay n trivedi,1,trivedi nishi sanjay,sanjay n trivedi,trivedi nishi sanjay,sanjay n trivedi,0.8681032492769093,0.9336166,0.5943181818181819,0,0,17,0.5,0.93,1,1,1,0.89895767
kotkar sunil haresh,sunil h kotkar,1,kotkar sunil haresh,sunil h kotkar,kotkar sunil haresh,sunil h kotkar,0.8637564072238674,0.7917194,0.7456140350877193,0,0,14,0.5,0.92,0,1,1,0.89895767
patange ambrish subodh,ambrish s patange,1,patange ambrish subodh,ambrish s patange,patange ambrish subodh,ambrish s patange,0.8139832623727852,0.8133975,0.7673796791443851,0,0,16,0.5,0.94,0,1,1,0.89895767
mehta bela arvind miss,arvind b mehta,1,mehta bela arvind,arvind b mehta,mehta bela arvind,arvind b mehta,0.8188318559343863,0.7916751,0.53828197945845,0,0,15,0.5,0.92,1,1,1,0.89895767
giri atul suresh,atul s giri,1,giri atul suresh,atul s giri,giri atul suresh,atul s giri,0.825518470283974,0.83009547,0.7443181818181818,0,0,10,0.5,0.9,1,1,1,0.89895767
shah raj chetan,chetan r shah,1,shah raj chetan,chetan r shah,shah raj chetan,chetan r shah,0.9072509226475336,0.8972201,0.6207570207570208,0,0,10,0.5,0.93,0,1,1,0.89895767
shah harshil anil,harshil a shah,1,shah harshil anil,harshil a shah,shah harshil anil,harshil a shah,0.8761222866772743,0.82651454,0.7745098039215685,0,0,10,0.5,0.92,0,1,1,0.89895767
jagad mrs nita mahesh,nita m jagad,1,jagad nita mahesh,nita m jagad,jagad nita mahesh,nita m jagad,0.8081011261354932,0.8468339,0.7630718954248367,0,0,12,0.5,0.91,1,1,1,0.89895767
kakka nitin vishanji,nitin v kakka,1,kakka nitin vishanji,nitin v kakka,kakka nitin vishanji,nitin v kakka,0.776506361176724,0.77846587,0.7294871794871794,0,0,12,0.5,0.92,1,1,1,0.89895767
juvekar prashant anant,prashant a juvekar,1,juvekar prashant anant,prashant a juvekar,juvekar prashant anant,prashant a juvekar,0.9113543778754098,0.91587394,0.6428386428386429,0,0,16,0.5,0.94,0,1,1,0.89895767
vikas seth,s vikas,1,vikas seth,s vikas,vikas seth,s vikas,0.7141006153831837,0.7431518,0.7571428571428571,0,0,7,0.3333333333333333,0.83,0,1,1,0.89895767
doshi tushar rajnikant,tushar r doshi,1,doshi tushar rajnikant,tushar r doshi,doshi tushar rajnikant,tushar r doshi,0.7283395150614869,0.7502932,0.735930735930736,0,0,14,0.5,0.92,1,1,1,0.89895767
shenvi ajay narayan,ajay n shenvi,1,shenvi ajay narayan,ajay n shenvi,shenvi ajay narayan,ajay n shenvi,0.8401023474282193,0.75026894,0.7408906882591092,0,0,14,0.5,0.92,1,1,1,0.89895767
pal amit sanat,amit s pal,1,pal amit sanat,amit s pal,pal amit sanat,amit s pal,0.7392410473801223,0.7641444,0.6654761904761904,0,0,7,0.5,0.89,0,1,1,0.89895767
gala miss jayantilal,jayantilal m gala,1,gala jayantilal,jayantilal m gala,gala jayantilal,jayantilal m gala,0.9858101761438822,0.95453644,0.7522875816993464,0,0,12,0.6666666666666666,1.0,1,1,1,0.89895767
mehta jiten vallabhdas,jiten v mehta,1,mehta jiten vallabhdas,jiten v mehta,mehta jiten vallabhdas,jiten v mehta,0.6513768568870086,0.73687905,0.7354312354312355,0,0,13,0.5,0.92,1,1,1,0.89895767
shruthi p kamble,p s kamble,1,shruthi p kamble,p s kamble,shruthi p kamble,p s kamble,0.7408545334569466,0.7109802,0.7837962962962962,0,0,8,0.5,0.89,0,1,1,0.89895767
bagwe vikrant vijay,vikrant v bagwe,1,bagwe vikrant vijay,vikrant v bagwe,bagwe vikrant vijay,vikrant v bagwe,0.9004625504542207,0.7618766,0.6192450824029772,0,0,11,0.5,0.93,0,1,1,0.89895767
sonawane miss deepa gorakhnath,deepa g sonawane,1,sonawane deepa gorakhnath,deepa g sonawane,sonawane deepa gorakhnath,deepa g sonawane,0.6961238707570587,0.77559346,0.7341666666666667,0,0,17,0.5,0.93,1,1,1,0.89895767
desai hiren gunvant rai,hiren g desai,1,desai hiren gunvant rai,hiren g desai,desai hiren gunvant rai,hiren g desai,0.6801364336198993,0.7245187,0.7268673355629877,0,0,14,0.4,0.92,1,1,1,0.89895767
shetty ritesh ravindra,ritesh r shetty,1,shetty ritesh ravindra,ritesh r shetty,shetty ritesh ravindra,ritesh r shetty,0.823338756350448,0.8031795,0.7606060606060606,0,0,14,0.5,0.93,0,1,1,0.89895767
mehta miss yamini narendra,yamini n mehta,1,mehta yamini narendra,yamini n mehta,mehta yamini narendra,yamini n mehta,0.8209252530227855,0.81692374,0.7222222222222222,0,0,11,0.5,0.92,1,1,1,0.89895767
shah niyati ajay,ajay n shah,1,shah niyati ajay,ajay n shah,shah niyati ajay,ajay n shah,0.6450530306661246,0.8603108,0.6780303030303031,0,0,11,0.5,0.9,0,1,1,0.89895767
shaikh maten irfan,m irfan shaikh,1,shaikh maten irfan,m irfan shaikh,shaikh maten irfan,m irfan shaikh,0.8207586727074483,0.9094379,0.7023809523809524,0,0,15,0.5,0.92,0,1,1,0.89895767
ansari mohsin barkat,mohsin b ansari,1,ansari mohsin barkat,mohsin b ansari,ansari mohsin barkat,mohsin b ansari,0.7858920116954172,0.80732656,0.7611111111111111,0,0,12,0.5,0.93,1,1,1,0.89895767
shah juhi atul,atul j shah,1,shah juhi atul,atul j shah,shah juhi atul,atul j shah,0.6973245276482989,0.8944155,0.6829004329004329,0,0,11,0.5,0.9,0,1,1,0.89895767
kamat dilip manohar,dilip m kamat,1,kamat dilip manohar,dilip m kamat,kamat dilip manohar,dilip m kamat,0.8037019427862266,0.8639889,0.7408906882591092,0,0,11,0.5,0.92,0,1,1,0.89895767
patil govind eknath,eknath g patil,1,patil govind eknath,eknath g patil,patil govind eknath,eknath g patil,0.8137951650389842,0.786849,0.5573656363130047,0,0,15,0.5,0.92,0,1,1,0.89895767
kher ms swati prakash,prakash s kher,1,kher swati prakash,prakash s kher,kher swati prakash,prakash s kher,0.8069188526036167,0.8709316,0.6474266474266474,0,0,14,0.5,0.92,0,1,1,0.89895767
shah shashikant kanji,shashikant k shah,1,shah shashikant kanji,shashikant k shah,shah shashikant kanji,shashikant k shah,0.8258837242521396,0.87664235,0.8732026143790851,0,0,10,0.5,0.94,0,1,1,0.89880055
bakhle shrirang sadashiv,shrirang s bakhle,1,bakhle shrirang sadashiv,shrirang s bakhle,bakhle shrirang sadashiv,shrirang s bakhle,0.8342989095713751,0.81840754,0.7459150326797386,0,0,12,0.5,0.94,0,1,1,0.89895767
anand suresh chander,suresh c anand,1,anand suresh chander,suresh c anand,anand suresh chander,suresh c anand,0.7701316658023097,0.75314415,0.7333333333333334,0,0,10,0.5,0.92,0,1,1,0.89895767
sheikh iqbal ahmed,iqbal ahmed shaikh,1,sheikh iqbal ahmed,iqbal ahmed shaikh,sheikh iqbal ahmed,iqbal ahmed shaikh,0.7731063160413291,0.8336103,0.7333333333333334,0,0,14,0.5,0.94,0,0,1,0.88654673
khan tanveer ahmed,tanveer a khan,1,khan tanveer ahmed,tanveer a khan,khan tanveer ahmed,tanveer a khan,0.8319719661956345,0.76362926,0.7297517297517296,0,0,10,0.5,0.92,0,1,1,0.89895767
bali amit khushpal,amit k bali,1,bali amit khushpal,amit k bali,bali amit khushpal,amit k bali,0.630818150145351,0.9179252,0.7188552188552189,0,0,11,0.5,0.9,1,1,1,0.89895767
yadav riya,r yadav,1,yadav riya,r yadav,yadav riya,r yadav,0.7609932796591958,0.8354579,0.6523809523809524,0,0,7,0.3333333333333333,0.83,0,1,1,0.89895767
talreja suresh arjandas,suresh a talreja,1,talreja suresh arjandas,suresh a talreja,talreja suresh arjandas,suresh a talreja,0.7849075169068123,0.7270052,0.7527173913043478,0,0,15,0.5,0.93,1,1,1,0.89895767
nagdev suresh wadharam,suresh w nagdev,1,nagdev suresh wadharam,suresh w nagdev,nagdev suresh wadharam,suresh w nagdev,0.7739171545880842,0.7063948,0.7383838383838383,0,0,14,0.5,0.93,0,1,1,0.89895767
gandhi rohit ramesh,rohit r gandhi,1,gandhi rohit ramesh,rohit r gandhi,gandhi rohit ramesh,rohit r gandhi,0.8510031904388583,0.8505014,0.7456140350877193,0,0,13,0.5,0.92,1,1,1,0.89895767
s veena,veena d suchde,1,s veena,veena d suchde,s veena,veena d suchde,0.5146143595641727,0.67804,0.6507936507936507,0,0,11,0.25,0.83,1,1,1,0.8939444
bajana jyothiramae mrs,jyothirmae bajana,1,bajana jyothiramae,jyothirmae bajana,bajana jyothiramae,jyothirmae bajana,0.8123603826139683,0.9178152,0.7718954248366013,0,0,15,0.3333333333333333,0.97,1,0,1,0.88654673
ahuja sanjeev ram,sanjeev r ahuja,1,ahuja sanjeev ram,sanjeev r ahuja,ahuja sanjeev ram,sanjeev r ahuja,0.9418899476210741,0.875025,0.7232780291603821,0,0,11,0.5,0.94,1,1,1,0.89895767
gandhi d,dipti gandhi,1,gandhi d,dipti gandhi,gandhi d,dipti gandhi,0.659297612943812,0.7413621,0.611111111111111,0,0,8,0.3333333333333333,0.86,1,1,1,0.89895767
girish g,girish gesota,1,girish g,girish gesota,girish g,girish gesota,0.5473642651903768,0.7020184,0.9230769230769231,0,1,5,0.3333333333333333,0.86,0,1,1,0.89438206
shah kalpesh anilkumar,kalpesh a shah,1,shah kalpesh anilkumar,kalpesh a shah,shah kalpesh anilkumar,kalpesh a shah,0.7561491893745647,0.7361755,0.735930735930736,0,0,12,0.5,0.92,0,1,1,0.89895767
ashwini g,ashwini gavali,1,ashwini g,ashwini gavali,ashwini g,ashwini gavali,0.6978324193472849,0.8450715,0.9285714285714286,0,1,5,0.3333333333333333,0.88,1,1,1,0.89880055
shah miss milan bharat,bharat m shah,1,shah milan bharat,bharat m shah,shah milan bharat,bharat m shah,0.7382907269470638,0.789575,0.6664990782637842,0,0,12,0.5,0.92,0,1,1,0.89895767
iftekar ahmd,iftekhar ahmad,1,iftekar ahmd,iftekhar ahmad,iftekar ahmd,iftekhar ahmad,0.6390714689957055,0.6056614,0.9380952380952381,0,1,2,0.0,0.92,0,0,1,0.88466895
chavan jayant vinayak,jayant v chavan,1,chavan jayant vinayak,jayant v chavan,chavan jayant vinayak,jayant v chavan,0.7793358202731003,0.84247947,0.7492063492063492,0,0,12,0.5,0.93,0,1,1,0.89895767
s mithun,mithun sanil,1,s mithun,mithun sanil,s mithun,mithun sanil,0.8102596398654237,0.6664939,0.6765873015873017,0,0,8,0.3333333333333333,0.86,0,1,1,0.89895767
sharma ravi b k,r b sharma,1,sharma ravi b k,r b sharma,sharma ravi b k,r b sharma,0.7296842266249087,0.84729373,0.6111111111111112,0,0,13,0.4,0.89,1,1,1,0.89895767
ratna pandey,r pandey,1,ratna pandey,r pandey,ratna pandey,r pandey,0.687416822913527,0.6409599,0.825,0,0,4,0.3333333333333333,0.86,0,1,1,0.89895767
kapshikar uday shamrao,uday s kapshikar,1,kapshikar uday shamrao,uday s kapshikar,kapshikar uday shamrao,uday s kapshikar,0.8273419116468334,0.848271,0.7424242424242425,0,0,17,0.5,0.93,0,1,1,0.89895767
mehendale vinay gangadhar,vinay g mehendale,1,mehendale vinay gangadhar,vinay g mehendale,mehendale vinay gangadhar,vinay g mehendale,0.8057346836439485,0.74345315,0.7364705882352941,0,0,19,0.5,0.94,0,1,1,0.89895767
anuraj d yadav,a d yadav,1,anuraj d yadav,a d yadav,anuraj d yadav,a d yadav,0.6873350333190739,0.7669544,0.7928571428571428,0,0,5,0.5,0.88,0,1,1,0.89895767
kamat bhaskar vishnu,bhaskar v kamat,1,kamat bhaskar vishnu,bhaskar v kamat,kamat bhaskar vishnu,bhaskar v kamat,0.7960075901048587,0.7534683,0.6850427350427349,0,0,12,0.5,0.93,0,1,1,0.89895767
kapadia miss jolly chandrakant,jolly c kapadia,1,kapadia jolly chandrakant,jolly c kapadia,kapadia jolly chandrakant,jolly c kapadia,0.8237584067843071,0.768232,0.7111111111111111,0,0,17,0.5,0.93,1,1,1,0.89895767
beloskar miss madhuri laxman,madhuri l beloskar,1,beloskar madhuri laxman,madhuri l beloskar,beloskar madhuri laxman,madhuri l beloskar,0.8536572861367963,0.84860903,0.7608695652173912,0,0,17,0.5,0.94,1,1,1,0.89895767
rane mrs priyamvada shrirang,priyamvada s rane,1,rane priyamvada shrirang,priyamvada s rane,rane priyamvada shrirang,priyamvada s rane,0.8201575372405764,0.831525,0.7234477124183006,0,0,9,0.5,0.94,1,1,1,0.89895767
parmar amit devji,amit d parmar,1,parmar amit devji,amit d parmar,parmar amit devji,amit d parmar,0.6669449947601113,0.8134856,0.7677224736048265,0,0,14,0.5,0.92,0,1,1,0.89895767
bhanushali ashwin kanji bhai,ashwin k bhanushali,1,bhanushali ashwin kanji bhai,ashwin k bhanushali,bhanushali ashwin kanji bhai,ashwin k bhanushali,0.8134459267132053,0.8033674,0.7349624060150376,0,0,19,0.4,0.94,1,1,1,0.89895767
katke dhurandhar raghunath,dhurandhar r katke,1,katke dhurandhar raghunath,dhurandhar r katke,katke dhurandhar raghunath,dhurandhar r katke,0.8179780635987945,0.85793746,0.6889245014245015,0,0,13,0.5,0.94,0,1,1,0.89895767
khare geeta shrikant,geeta s khare,1,khare geeta shrikant,geeta s khare,khare geeta shrikant,geeta s khare,0.7441876185299677,0.77778953,0.7551282051282051,0,0,12,0.5,0.92,1,1,1,0.89895767
shah ms sonam mahendra,sonam m shah,1,shah sonam mahendra,sonam m shah,shah sonam mahendra,sonam m shah,0.7454717781374609,0.8786224,0.7644736842105263,0,0,12,0.5,0.91,0,1,1,0.89895767
khopade charulata manohar,charulata m khopade,1,khopade charulata manohar,charulata m khopade,khopade charulata manohar,charulata m khopade,0.8773511174358335,0.8505511,0.6409356725146198,0,0,14,0.5,0.94,1,1,1,0.89895767
qureshi irfan m a,i m qureshi,1,qureshi irfan m a,i m qureshi,qureshi irfan m a,i m qureshi,0.6936151845355769,0.7773669,0.6343830461477521,0,0,14,0.4,0.9,1,1,1,0.89895767
wagh anand achyut,anand a wagh,1,wagh anand achyut,anand a wagh,wagh anand achyut,anand a wagh,0.6363209786938,0.8457607,0.7405228758169935,0,0,10,0.5,0.91,0,1,1,0.89895767
thakker ajay p,ajay p thakkar,1,thakker ajay p,ajay p thakkar,thakker ajay p,ajay p thakkar,0.6686117919837685,0.66192627,0.5634920634920635,0,0,12,0.5,0.93,0,0,1,0.57878923
bhatt hemant kumar jayant,hemant j bhatt,1,bhatt hemant kumar jayant,hemant j bhatt,bhatt hemant kumar jayant,hemant j bhatt,0.8161174043423791,0.71156347,0.6623443223443224,0,0,15,0.4,0.92,0,1,1,0.89895767
chheda nirav dhiraj,nirav d chheda,1,chheda nirav dhiraj,nirav d chheda,chheda nirav dhiraj,nirav d chheda,0.8475251660592925,0.7855384,0.7456140350877193,0,0,13,0.5,0.92,1,1,1,0.89895767
bhanushali ms jinisha pankaj,pankaj j bhanushali,1,bhanushali jinisha pankaj,pankaj j bhanushali,bhanushali jinisha pankaj,pankaj j bhanushali,0.8207827707633214,0.86152107,0.6815350877192983,0,0,18,0.5,0.94,1,1,1,0.89895767
rathore sonia,s rathore,1,rathore sonia,s rathore,rathore sonia,s rathore,0.7330985488641031,0.61581534,0.772079772079772,0,0,8,0.3333333333333333,0.88,0,1,1,0.89895767
huda sirajuddin noorul,sirajuddin n huda,1,huda sirajuddin noorul,sirajuddin n huda,huda sirajuddin noorul,sirajuddin n huda,0.8052233718620625,0.8774935,0.7228163992869875,0,0,10,0.5,0.94,1,1,1,0.89895767
bavadekar ashit arvind,ashit a bavadekar,1,bavadekar ashit arvind,ashit a bavadekar,bavadekar ashit arvind,ashit a bavadekar,0.8428363636323059,0.86346483,0.7673796791443851,0,0,17,0.5,0.94,0,1,1,0.89895767
gaikwad sandhya mahendra,mahendra s gaikwad,1,gaikwad sandhya mahendra,mahendra s gaikwad,gaikwad sandhya mahendra,mahendra s gaikwad,0.8489183282233294,0.8525825,0.6861111111111112,0,0,19,0.5,0.94,1,1,1,0.89895767
salvi vivek chintaman,vivek c salvi,1,salvi vivek chintaman,vivek c salvi,salvi vivek chintaman,vivek c salvi,0.730433908929371,0.7052663,0.7191697191697192,0,0,13,0.5,0.92,1,1,1,0.89895767
singh ratnabharati tara,s ratnabharati,1,singh ratnabharati tara,s ratnabharati,singh ratnabharati tara,s ratnabharati,0.8181174345938481,0.67177224,0.7968944099378883,0,0,9,0.25,0.92,1,1,1,0.89895767
lalan chandrakant nanji,chandrakant n lalan,1,lalan chandrakant nanji,chandrakant n lalan,lalan chandrakant nanji,chandrakant n lalan,0.8426364220960831,0.89675754,0.7407008570018396,0,0,11,0.5,0.94,0,1,1,0.89895767
rakesh v,rakesh valotia,1,rakesh v,rakesh valotia,rakesh v,rakesh valotia,0.5395141577557023,0.68352807,0.9142857142857143,0,1,6,0.3333333333333333,0.86,0,1,1,0.8939444
kamat sachin ramakant,sachin r kamat,1,kamat sachin ramakant,sachin r kamat,kamat sachin ramakant,sachin r kamat,0.7930744364756265,0.82806313,0.746031746031746,0,0,10,0.5,0.92,0,1,1,0.89895767
kher abhijit ramash,abhijit r kher,1,kher abhijit ramash,abhijit r kher,kher abhijit ramash,abhijit r kher,0.8554851183717921,0.73514754,0.6906850459482038,0,0,10,0.5,0.92,0,1,1,0.89895767
vora agam chandravadan,agam c vora,1,vora agam chandravadan,agam c vora,vora agam chandravadan,agam c vora,0.689445137712585,0.71523464,0.6818181818181818,0,0,14,0.5,0.9,1,1,1,0.89895767
rane anand sunil,anand s rane,1,rane anand sunil,anand s rane,rane anand sunil,anand s rane,0.7771014567439709,0.7931717,0.6861111111111112,0,0,10,0.5,0.91,0,1,1,0.89895767
parekh ms ami ashish,ashish m parekh,1,parekh ami ashish,ashish m parekh,parekh ami ashish,ashish m parekh,0.8929820724838858,0.8657961,0.584640522875817,0,0,12,0.5,0.94,0,0,1,0.88654673
pandya sashmi bharat,bharat s pandya,1,pandya sashmi bharat,bharat s pandya,pandya sashmi bharat,bharat s pandya,0.784440534720651,0.8409383,0.6611111111111111,0,0,17,0.5,0.93,1,1,1,0.89895767
gotur jagdish,j gotur,1,gotur jagdish,j gotur,gotur jagdish,j gotur,0.7087385457720065,0.6460284,0.6062271062271062,0,0,10,0.3333333333333333,0.83,0,1,1,0.89895767
nishant rathod,n rathod,1,nishant rathod,n rathod,nishant rathod,n rathod,0.7463511374318015,0.7838161,0.7964285714285714,0,0,6,0.3333333333333333,0.86,0,1,1,0.89895767
bagul pramod navdev,pramod n bagul,1,bagul pramod navdev,pramod n bagul,bagul pramod navdev,pramod n bagul,0.7440850826354866,0.7961756,0.6135338345864662,0,0,12,0.5,0.92,0,1,1,0.89895767
khatav vinayak vasant,vinayak v khatav,1,khatav vinayak vasant,vinayak v khatav,khatav vinayak vasant,vinayak v khatav,0.8481424611522159,0.84934163,0.7283730158730158,0,0,13,0.5,0.93,0,1,1,0.89895767
vivek s k,vivek k shah,1,vivek s k,vivek k shah,vivek s k,vivek k shah,0.831639130790455,0.66324854,0.9277777777777778,0,1,5,0.5,0.88,0,1,1,0.89880055
jadhav rohan vishram,rohan v jadhav,1,jadhav rohan vishram,rohan v jadhav,jadhav rohan vishram,rohan v jadhav,0.7866346930270747,0.80117375,0.7571428571428571,0,0,13,0.5,0.92,0,1,1,0.89895767
patel ashish subhash,ashish s patel,1,patel ashish subhash,ashish s patel,patel ashish subhash,ashish s patel,0.7913377859337224,0.7274451,0.7571428571428571,0,0,12,0.5,0.92,0,1,1,0.89895767
shinde rajesh maruti,rajesh m shinde,1,shinde rajesh maruti,rajesh m shinde,shinde rajesh maruti,rajesh m shinde,0.7415621509441417,0.79163,0.7611111111111111,0,0,14,0.5,0.93,0,1,1,0.89895767
alappat alan davis,alan d alappat,1,alappat alan davis,alan d alappat,alappat alan davis,alan d alappat,0.8268520594300127,0.80463773,0.8648148148148148,0,0,10,0.5,0.92,0,1,1,0.89880055
tibdewal ashok balbhadra,ashok b tibdewal,1,tibdewal ashok balbhadra,ashok b tibdewal,tibdewal ashok balbhadra,ashok b tibdewal,0.7611125454293772,0.87912214,0.7222222222222222,0,0,17,0.5,0.93,0,1,1,0.89895767
kulkarni hemant vitthal,hemant v kulkarni,1,kulkarni hemant vitthal,hemant v kulkarni,kulkarni hemant vitthal,hemant v kulkarni,0.7736302240665106,0.83316904,0.7561807331628304,0,0,17,0.5,0.94,1,1,1,0.89895767
sharma jagdish lakhi,jagdish l sharma,1,sharma jagdish lakhi,jagdish l sharma,sharma jagdish lakhi,jagdish l sharma,0.806125154175124,0.88836926,0.7154761904761905,0,0,13,0.5,0.93,1,1,1,0.89895767
shukla komal,kamal shukla,1,shukla komal,kamal shukla,shukla komal,kamal shukla,0.6736874147477664,0.7165928,0.626984126984127,0,0,10,0.3333333333333333,0.92,1,0,1,0.56464946
garodiya madhukar ishwari prasad,madhukar i garodiya,1,garodiya madhukar ishwari prasad,madhukar i garodiya,garodiya madhukar ishwari prasad,madhukar i garodiya,0.8074474108005806,0.7839818,0.7242324561403509,0,0,19,0.4,0.94,1,1,1,0.89895767
waghoo shazia abdul razzak,shazia a r waghoo,1,waghoo shazia abdul razzak,shazia a r waghoo,waghoo shazia abdul razzak,shazia a r waghoo,0.6972777272476515,0.7716321,0.7473604826546003,0,0,16,0.3333333333333333,0.87,1,1,1,0.89895767
solanki deepak manilal,deepak m solanki,1,solanki deepak manilal,deepak m solanki,solanki deepak manilal,deepak m solanki,0.8414955445467903,0.7986301,0.7632575757575758,0,0,14,0.5,0.93,1,1,1,0.89895767
kulkarni sharad govind,sharad g kulkarni,1,kulkarni sharad govind,sharad g kulkarni,kulkarni sharad govind,sharad g kulkarni,0.8019528106036814,0.8245412,0.7869875222816399,0,0,17,0.5,0.94,1,1,1,0.89895767
palande aniruddha vijaykumar,aniruddha v palande,1,palande aniruddha vijaykumar,aniruddha v palande,palande aniruddha vijaykumar,aniruddha v palande,0.7862570154447683,0.74728703,0.7525062656641603,0,0,16,0.5,0.94,1,1,1,0.89895767
bindu ms singh,b singh,1,bindu singh,b singh,bindu singh,b singh,0.5891373040404242,0.7549166,0.8051948051948052,0,0,4,0.3333333333333333,0.83,0,1,1,0.89895767
variar dinesh krishnan,dinesh k variar,1,variar dinesh krishnan,dinesh k variar,variar dinesh krishnan,dinesh k variar,0.823567364589998,0.8594916,0.7383838383838383,0,0,13,0.5,0.93,0,1,1,0.89895767
dawda harshad ganpat lal,harshad g dawda,1,dawda harshad ganpat lal,harshad g dawda,dawda harshad ganpat lal,harshad g dawda,0.7439493073594892,0.73411465,0.7416666666666667,0,0,13,0.4,0.93,1,1,1,0.89895767
shah mrs hemaxi mayank kumar,mayank h shah,1,shah hemaxi mayank kumar,mayank h shah,shah hemaxi mayank kumar,mayank h shah,0.607222927710242,0.78100467,0.5952991452991453,0,0,17,0.4,0.92,0,1,1,0.89895767
shukla punkaj,pankaj shukla,1,shukla punkaj,pankaj shukla,shukla punkaj,pankaj shukla,0.727237823433229,0.67397773,0.5854700854700855,0,0,10,0.3333333333333333,0.92,1,0,1,0.7301133
sawant prashant vishnu,prashant v sawant,1,sawant prashant vishnu,prashant v sawant,sawant prashant vishnu,prashant v sawant,0.8330090520344707,0.67970717,0.7436497326203209,0,0,12,0.5,0.94,0,1,1,0.89895767
moon vijay anandrao,vijay a moon,1,moon vijay anandrao,vijay a moon,moon vijay anandrao,vijay a moon,0.7629954183362204,0.8144145,0.7105263157894738,0,0,12,0.5,0.91,0,1,1,0.89895767
mir asif ali khan,m asif khan,1,mir asif ali khan,m asif khan,mir asif ali khan,m asif khan,0.7627907827187403,0.7949711,0.8122994652406417,0,0,6,0.4,0.9,0,1,1,0.89895767
pawar sajid anwar,sajid a pawar,1,pawar sajid anwar,sajid a pawar,pawar sajid anwar,sajid a pawar,0.8470323663255571,0.7538654,0.737430869783811,0,0,9,0.5,0.92,0,1,1,0.89895767
shetty subodh navin,subodh n shetty,1,shetty subodh navin,subodh n shetty,shetty subodh navin,subodh n shetty,0.875705354779162,0.8189849,0.6716374269005848,0,0,14,0.5,0.93,0,1,1,0.89895767
m suresh,suresh mane,1,m suresh,suresh mane,m suresh,suresh mane,0.7195768375540265,0.478313,0.7651515151515151,0,0,7,0.3333333333333333,0.86,0,1,1,0.89136535
praveen kumar r bhat,p r bhat,1,praveen kumar r bhat,p r bhat,praveen kumar r bhat,p r bhat,0.5511033328580182,0.59368443,0.48333333333333334,0,0,12,0.4,0.86,0,1,1,0.8931679
nandu vipul versi,vipul v nandu,1,nandu vipul versi,vipul v nandu,nandu vipul versi,vipul v nandu,0.7595578041057041,0.8475919,0.6191553544494721,0,0,12,0.5,0.92,0,1,1,0.89895767
pradhan ameet ramesh,ameet r pradhan,1,pradhan ameet ramesh,ameet r pradhan,pradhan ameet ramesh,ameet r pradhan,0.8555534810922328,0.84889174,0.7611111111111111,0,0,15,0.5,0.93,0,1,1,0.89895767
phadnis ashish sumangal,ashish s phadnis,1,phadnis ashish sumangal,ashish s phadnis,phadnis ashish sumangal,ashish s phadnis,0.8249102771647153,0.7740924,0.7527173913043478,0,0,15,0.5,0.93,0,1,1,0.89895767
lad parag bharatkumar,parag b lad,1,lad parag bharatkumar,parag b lad,lad parag bharatkumar,parag b lad,0.6605981772446957,0.68732005,0.6897546897546897,0,0,13,0.5,0.9,0,1,1,0.89895767
joshi prasad vishnu,prasad v joshi,1,joshi prasad vishnu,prasad v joshi,joshi prasad vishnu,prasad v joshi,0.7608641888451069,0.7732926,0.6906850459482038,0,0,11,0.5,0.92,1,1,1,0.89895767
gohil rasik savji bhai,rasik s gohil,1,gohil rasik savji bhai,rasik s gohil,gohil rasik savji bhai,rasik s gohil,0.7009053538932377,0.727402,0.7354312354312355,0,0,14,0.4,0.92,0,1,1,0.89895767
ani vinay vasudev,vinay v ani,1,ani vinay vasudev,vinay v ani,ani vinay vasudev,vinay v ani,0.6564340785734731,0.75719965,0.7308377896613191,0,0,10,0.5,0.9,1,1,1,0.89895767
gaitonde ajit sharad,ajit s gaitonde,1,gaitonde ajit sharad,ajit s gaitonde,gaitonde ajit sharad,ajit s gaitonde,0.8976991076022531,0.7934549,0.7833333333333333,0,0,15,0.5,0.93,0,1,1,0.89895767
khale amol shripad,amol s khale,1,khale amol shripad,amol s khale,khale amol shripad,amol s khale,0.7251248983762849,0.71611446,0.75,0,0,12,0.5,0.91,0,1,1,0.89895767
ketkar dinesh ramesh,dinesh r ketkar,1,ketkar dinesh ramesh,dinesh r ketkar,ketkar dinesh ramesh,dinesh r ketkar,0.890010718668519,0.89398396,0.7833333333333333,0,0,13,0.5,0.93,0,1,1,0.89895767
bedekar mahesh vijay,mahesh v bedekar,1,bedekar mahesh vijay,mahesh v bedekar,bedekar mahesh vijay,mahesh v bedekar,0.8738254063116563,0.7089559,0.7875,0,0,15,0.5,0.93,0,1,1,0.89895767
budhlani sunil harish,sunil h budhlani,1,budhlani sunil harish,sunil h budhlani,budhlani sunil harish,sunil h budhlani,0.9027230893881516,0.85024846,0.7748015873015873,0,0,14,0.5,0.93,1,1,1,0.89895767
jagger digant shyam,digant s jagger,1,jagger digant shyam,digant s jagger,jagger digant shyam,digant s jagger,0.8842585242520907,0.8491118,0.6716374269005848,0,0,13,0.5,0.93,0,1,1,0.89895767
more sawali mangesh,mangesh more,1,more sawali mangesh,mangesh more,more sawali mangesh,mangesh more,0.7892348515899639,0.6490202,0.6301169590643275,0,0,14,0.6666666666666666,1.0,0,1,1,0.89895767
thakkar nitin devji,nitin d thakkar,1,thakkar nitin devji,nitin d thakkar,thakkar nitin devji,nitin d thakkar,0.7484651354916606,0.8787451,0.7742690058479532,0,0,16,0.5,0.93,0,1,1,0.89895767
gandhi miss arpita vijay,vijay a gandhi,1,gandhi arpita vijay,vijay a gandhi,gandhi arpita vijay,vijay a gandhi,0.7123007134437813,0.9050194,0.6367053998632946,0,0,16,0.5,0.92,1,1,1,0.89895767
dandekar amit ashok,amit a dandekar,1,dandekar amit ashok,amit a dandekar,dandekar amit ashok,amit a dandekar,0.8436024423654995,0.75594354,0.643859649122807,0,0,15,0.5,0.93,0,1,1,0.89895767
patil ashok babu,ashok b patil,1,patil ashok babu,ashok b patil,patil ashok babu,ashok b patil,0.7957085351485669,0.8250163,0.640491452991453,0,0,11,0.5,0.92,0,1,1,0.89895767
mahavarkar baswan khandappa,b k mahavarkar,1,mahavarkar baswan khandappa,b k mahavarkar,mahavarkar baswan khandappa,b k mahavarkar,0.6113548820365999,0.81410027,0.6751458418125086,0,0,21,0.2,0.83,0,1,1,0.8983663
kelkar sandeep mukund,sandeep m kelkar,1,kelkar sandeep mukund,sandeep m kelkar,kelkar sandeep mukund,sandeep m kelkar,0.7854339826858945,0.887594,0.6805555555555555,0,0,13,0.5,0.93,0,1,1,0.89895767
bhoite suresh dadu,suresh d bhoite,1,bhoite suresh dadu,suresh d bhoite,bhoite suresh dadu,suresh d bhoite,0.8266450686685933,0.69597125,0.62996632996633,0,0,14,0.5,0.93,0,1,1,0.89895767
gokhale rohit ramesh,rohit r gokhale,1,gokhale rohit ramesh,rohit r gokhale,gokhale rohit ramesh,rohit r gokhale,0.8834246858585482,0.84437454,0.7833333333333333,0,0,14,0.5,0.93,0,1,1,0.89895767
talele rupesh mohan,rupesh m talele,1,talele rupesh mohan,rupesh m talele,talele rupesh mohan,rupesh m talele,0.9157430747212296,0.76280147,0.6964462438146648,0,0,13,0.5,0.93,0,1,1,0.89895767
kadam saurabh anil,saurabh a kadam,1,kadam saurabh anil,saurabh a kadam,kadam saurabh anil,saurabh a kadam,0.8972141854167952,0.85911095,0.7111111111111111,0,0,12,0.5,0.93,0,1,1,0.89895767
khare shashikant pandurang,shashikant p khare,1,khare shashikant pandurang,shashikant p khare,khare shashikant pandurang,shashikant p khare,0.7434574596413207,0.8190305,0.7288419641360818,0,0,13,0.5,0.94,0,1,1,0.89895767
kanak raju gangaram,raju g kanak,1,kanak raju gangaram,raju g kanak,kanak raju gangaram,raju g kanak,0.7159974256810961,0.8601972,0.7383040935672515,0,0,11,0.5,0.91,0,1,1,0.89895767
nimbalkar sanjay ramrao,sanjay r nimbalkar,1,nimbalkar sanjay ramrao,sanjay r nimbalkar,nimbalkar sanjay ramrao,sanjay r nimbalkar,0.8406183170818289,0.87734944,0.7793880837359097,0,0,17,0.5,0.94,0,1,1,0.89895767
joshi mahesh madhav,mahesh m joshi,1,joshi mahesh madhav,mahesh m joshi,joshi mahesh madhav,mahesh m joshi,0.8076605888015482,0.8667355,0.6367053998632946,0,0,12,0.5,0.92,1,1,1,0.89895767
sambhare mahesh arun,mahesh a sambhare,1,sambhare mahesh arun,mahesh a sambhare,sambhare mahesh arun,mahesh a sambhare,0.8841762490726861,0.7812558,0.8127450980392158,0,0,14,0.5,0.94,0,1,1,0.89895767
shenoi kusum krishna mrs,kusum k shenoi,1,shenoi kusum krishna,kusum k shenoi,shenoi kusum krishna,kusum k shenoi,0.8643153134602392,0.8392235,0.7333333333333334,0,0,12,0.5,0.92,1,1,1,0.89895767
shah nirav praful,nirav p shah,1,shah nirav praful,nirav p shah,shah nirav praful,nirav p shah,0.6695996908530378,0.8285663,0.6405228758169935,0,0,10,0.5,0.91,0,1,1,0.89895767
walinjkar rajan damodar,r d walinjkar,1,walinjkar rajan damodar,r d walinjkar,walinjkar rajan damodar,r d walinjkar,0.7402071855725899,0.725692,0.6232897537245363,0,0,18,0.2,0.82,0,1,1,0.8983663
parekh samir sunil,sunil s parekh,1,parekh samir sunil,sunil s parekh,parekh samir sunil,sunil s parekh,0.8324332581652855,0.8512106,0.6474266474266474,0,0,15,0.5,0.92,0,1,1,0.89895767
pol uday anandrao,uday a pol,1,pol uday anandrao,uday a pol,pol uday anandrao,uday a pol,0.7652596772794485,0.5977225,0.6960784313725491,0,0,11,0.5,0.89,0,1,1,0.89895767
cherian verghese,varghese cherian,1,cherian verghese,varghese cherian,cherian verghese,varghese cherian,0.8029044003136947,0.66042244,0.5601851851851852,0,0,14,0.3333333333333333,0.94,0,0,1,0.88654673
kamble vinay chandrakant,vinay c kamble,1,kamble vinay chandrakant,vinay c kamble,kamble vinay chandrakant,vinay c kamble,0.7755006775458728,0.73289496,0.6944444444444445,0,0,16,0.5,0.92,0,1,1,0.89895767
naikare dinesh kashinath,dinesh k naikare,1,naikare dinesh kashinath,dinesh k naikare,naikare dinesh kashinath,dinesh k naikare,0.801291788689032,0.85901505,0.7222222222222222,0,0,14,0.5,0.93,0,1,1,0.89895767
deshmukh kiran vijay,vijay k deshmukh,1,deshmukh kiran vijay,vijay k deshmukh,deshmukh kiran vijay,vijay k deshmukh,0.8736677591626499,0.83273786,0.6669871794871794,0,0,18,0.5,0.93,0,1,1,0.89895767
agarwal miss rashmi,rashami agarwal,1,agarwal rashmi,rashami agarwal,agarwal rashmi,rashami agarwal,0.7473019785354362,0.9313781,0.5126984126984127,0,0,12,0.3333333333333333,0.97,1,0,1,0.88654673
gorad vikas dada,vikas d gorad,1,gorad vikas dada,vikas d gorad,gorad vikas dada,vikas d gorad,0.8205647067590346,0.87790805,0.6647435897435897,0,0,11,0.5,0.92,0,1,1,0.89895767
mane yogesh ashok,ashok y mane,1,mane yogesh ashok,ashok y mane,mane yogesh ashok,ashok y mane,0.7095038530925888,0.85533714,0.5221755368814193,0,0,14,0.5,0.91,0,1,1,0.89895767
salot milan jayanti bhai,milan j salot,1,salot milan jayanti bhai,milan j salot,salot milan jayanti bhai,milan j salot,0.7390503597449112,0.64943266,0.719017094017094,0,0,16,0.4,0.92,0,1,1,0.89895767
tiwari ashutosh sushil,ashutosh s tiwari,1,tiwari ashutosh sushil,ashutosh s tiwari,tiwari ashutosh sushil,ashutosh s tiwari,0.8524200703863666,0.81006217,0.6991681521093285,0,0,14,0.5,0.94,1,1,1,0.89895767
pisal miss ratnaprabha vinayak,ratnaprabha v pisal,1,pisal ratnaprabha vinayak,ratnaprabha v pisal,pisal ratnaprabha vinayak,ratnaprabha v pisal,0.8668487082191885,0.8028736,0.7405985552115584,0,0,11,0.5,0.94,1,1,1,0.89895767
mhatre sanjay ramesh,sanjay r mhatre,1,mhatre sanjay ramesh,sanjay r mhatre,mhatre sanjay ramesh,sanjay r mhatre,0.8710874631557207,0.89023113,0.7833333333333333,0,0,13,0.5,0.93,0,1,1,0.89895767
teltumde sharad harish,sharad h teltumde,1,teltumde sharad harish,sharad h teltumde,teltumde sharad harish,sharad h teltumde,0.9189849790874979,0.8504516,0.7673796791443851,0,0,18,0.5,0.94,0,1,1,0.89895767
nandan vemuri,v nandan,1,nandan vemuri,v nandan,nandan vemuri,v nandan,0.5237576009203874,0.67361873,0.6616300366300366,0,0,9,0.3333333333333333,0.86,0,1,1,0.8939444
patil yogesh ramrao,yogesh r patil,1,patil yogesh ramrao,yogesh r patil,patil yogesh ramrao,yogesh r patil,0.7737694908592287,0.70421374,0.6135338345864662,0,0,12,0.5,0.92,0,1,1,0.89895767
shukla kapil pramodkumar,kapil p shukla,1,shukla kapil pramodkumar,kapil p shukla,shukla kapil pramodkumar,kapil p shukla,0.7217523889419136,0.7365935,0.7182539682539684,0,0,15,0.5,0.92,1,1,1,0.89895767
nikhate sharad shamrao,sharad s nikhate,1,nikhate sharad shamrao,sharad s nikhate,nikhate sharad shamrao,sharad s nikhate,0.7963205527399058,0.6931016,0.7632575757575758,0,0,15,0.5,0.93,0,1,1,0.89895767
deshpande nitin santuk,nitin s deshpande,1,deshpande nitin santuk,nitin s deshpande,deshpande nitin santuk,nitin s deshpande,0.7771790469776647,0.7686218,0.7673796791443851,0,0,18,0.5,0.94,0,1,1,0.89895767
dhande parag reva,parag r dhande,1,dhande parag reva,parag r dhande,dhande parag reva,parag r dhande,0.7892251432953556,0.82155097,0.6594092182327477,0,0,13,0.5,0.92,0,1,1,0.89895767
shinde nikhil nago,nikhil n shinde,1,shinde nikhil nago,nikhil n shinde,shinde nikhil nago,nikhil n shinde,0.8155203987309273,0.78121716,0.6833333333333335,0,0,13,0.5,0.93,0,1,1,0.89895767
patel sushank sankatha,sushank s patel,1,patel sushank sankatha,sushank s patel,patel sushank sankatha,sushank s patel,0.8115540491857022,0.8874579,0.7383838383838383,0,0,11,0.5,0.93,0,1,1,0.89895767
n vaikuhta shenoy,v n shenoy,1,n vaikuhta shenoy,v n shenoy,n vaikuhta shenoy,v n shenoy,0.6002685727784708,0.816383,0.7960784313725492,0,0,9,0.5,0.89,0,1,1,0.89895767
jadhav gaurav pradeep,pradeep g jadhav,1,jadhav gaurav pradeep,pradeep g jadhav,jadhav gaurav pradeep,pradeep g jadhav,0.8126680589259562,0.889144,0.585588023088023,0,0,15,0.5,0.93,0,1,1,0.89895767
kulkarni sakshi ram,ram s kulkarni,1,kulkarni sakshi ram,ram s kulkarni,kulkarni sakshi ram,ram s kulkarni,0.7859679714602862,0.8660578,0.662907268170426,0,0,14,0.5,0.92,1,1,1,0.89895767
birhade sunil laxman,sunil l birhade,1,birhade sunil laxman,sunil l birhade,birhade sunil laxman,sunil l birhade,0.8188006399566774,0.7257757,0.7611111111111111,0,0,15,0.5,0.93,0,1,1,0.89895767
bhorkade vijay kumar dharma,vijay d bhorkade,1,bhorkade vijay kumar dharma,vijay d bhorkade,bhorkade vijay kumar dharma,vijay d bhorkade,0.8387417304152243,0.73088634,0.7183641975308642,0,0,19,0.4,0.93,0,1,1,0.89895767
vala jigar jaysukh,jigar j vala,1,vala jigar jaysukh,jigar j vala,vala jigar jaysukh,jigar j vala,0.6949940529173309,0.8362901,0.75,0,0,11,0.5,0.91,1,1,1,0.89895767
chheda naresh jadavji,naresh j chheda,1,chheda naresh jadavji,naresh j chheda,chheda naresh jadavji,naresh j chheda,0.7256636728187956,0.8719928,0.7714285714285715,0,0,14,0.5,0.93,1,1,1,0.89895767
joglekar uday madhukar,uday m joglekar,1,joglekar uday madhukar,uday m joglekar,joglekar uday madhukar,uday m joglekar,0.83370220792063,0.88193524,0.7383838383838383,0,0,15,0.5,0.93,0,1,1,0.89895767
raut amol sudam,amol s raut,1,raut amol sudam,amol s raut,raut amol sudam,amol s raut,0.8031510463608011,0.78964144,0.694949494949495,0,0,9,0.5,0.9,0,1,1,0.89895767
gandhi mayank jitendra,jitendra m gandhi,1,gandhi mayank jitendra,jitendra m gandhi,gandhi mayank jitendra,jitendra m gandhi,0.8251860465346433,0.8958676,0.624777183600713,0,0,17,0.5,0.94,1,1,1,0.89895767
shanbag namita ganpat,ganpat n shanbag,1,shanbag namita ganpat,ganpat n shanbag,shanbag namita ganpat,ganpat n shanbag,0.865840673715485,0.88340497,0.7283730158730158,0,0,13,0.5,0.93,0,1,1,0.89895767
bapat milind ashok,milind a bapat,1,bapat milind ashok,milind a bapat,bapat milind ashok,milind a bapat,0.8630854967933002,0.676136,0.6474266474266474,0,0,12,0.5,0.92,0,1,1,0.89895767
jalgaonkar azal akbar,a jalgaonkar,1,jalgaonkar azal akbar,a jalgaonkar,jalgaonkar azal akbar,a jalgaonkar,0.7471742396630372,0.6846762,0.6904761904761904,0,0,13,0.25,0.91,0,1,1,0.89895767
vaje chandrakant budhaji,chandrakant b vaje,1,vaje chandrakant budhaji,chandrakant b vaje,vaje chandrakant budhaji,chandrakant b vaje,0.7704723294386668,0.8593212,0.7268518518518517,0,0,9,0.5,0.94,0,1,1,0.89895767
deshmukh vaibhav pradip,vaibhav p deshmukh,1,deshmukh vaibhav pradip,vaibhav p deshmukh,deshmukh vaibhav pradip,vaibhav p deshmukh,0.8729726188104329,0.8930824,0.7793880837359097,0,0,18,0.5,0.94,0,1,1,0.89895767
kulkarni arvind anant,arvind a kulkarni,1,kulkarni arvind anant,arvind a kulkarni,kulkarni arvind anant,arvind a kulkarni,0.8906855791004822,0.8923811,0.7796451914098973,0,0,16,0.5,0.94,1,1,1,0.89895767
jain khushboo manoj,manoj k jain,1,jain khushboo manoj,manoj k jain,jain khushboo manoj,manoj k jain,0.5960679261871386,0.91662395,0.6865497076023391,0,0,15,0.5,0.91,0,1,1,0.89895767
mhatre nitin pandurang,nitin p mhatre,1,mhatre nitin pandurang,nitin p mhatre,mhatre nitin pandurang,nitin p mhatre,0.7621148377776641,0.71280676,0.712121212121212,0,0,15,0.5,0.92,0,1,1,0.89895767
m shilpa,shilpa mote,1,m shilpa,shilpa mote,m shilpa,shilpa mote,0.7024815425710487,0.76141685,0.7651515151515151,0,0,7,0.3333333333333333,0.86,1,1,1,0.89895767
mhatre vishakha vishnu,vishakha v mhatre,1,mhatre vishakha vishnu,vishakha v mhatre,mhatre vishakha vishnu,vishakha v mhatre,0.8801258160508946,0.75761324,0.6569998628822158,0,0,13,0.5,0.94,1,1,1,0.89895767
gandhi yayati prabhakar,yayati p gandhi,1,gandhi yayati prabhakar,yayati p gandhi,gandhi yayati prabhakar,yayati p gandhi,0.8117558348691143,0.88303614,0.7729468599033816,0,0,15,0.5,0.93,1,1,1,0.89895767
kadam sunil shankar,sunil s kadam,1,kadam sunil shankar,sunil s kadam,kadam sunil shankar,sunil s kadam,0.8322064018199687,0.7160047,0.766531713900135,0,0,11,0.5,0.92,0,1,1,0.89895767
kashid prafull balasaheb,prafull b kashid,1,kashid prafull balasaheb,prafull b kashid,kashid prafull balasaheb,prafull b kashid,0.7686419330244098,0.75443923,0.7222222222222222,0,0,12,0.5,0.93,0,1,1,0.89895767
sudeep,sudeep kumar,1,sudeep,sudeep kumar,sudeep,sudeep kumar,0.8655468123724479,0.5630832,0.9,0,0,6,0.5,1.0,0,0,1,0.7534594
chopdawala abbasi shahbirbhai,a s chopdawala,1,chopdawala abbasi shahbirbhai,a s chopdawala,chopdawala abbasi shahbirbhai,a s chopdawala,0.5990424255755766,0.6410612,0.6384362763673108,0,0,23,0.2,0.83,1,1,1,0.89775467
kundale darshana rajendra,darshana r kundale,1,kundale darshana rajendra,darshana r kundale,kundale darshana rajendra,darshana r kundale,0.8409532367205557,0.879851,0.7585185185185185,0,0,14,0.5,0.94,1,1,1,0.89895767
desai laxmikant kamudas,laxmikant k desai,1,desai laxmikant kamudas,laxmikant k desai,desai laxmikant kamudas,laxmikant k desai,0.8043889750220835,0.8313698,0.7122762148337595,0,0,11,0.5,0.94,1,1,1,0.89895767
kadam nirmala arun mrs,nirmala a kadam,1,kadam nirmala arun,nirmala a kadam,kadam nirmala arun,nirmala a kadam,0.8829376250136345,0.77637786,0.7347578347578348,0,0,12,0.5,0.93,1,1,1,0.89895767
kalyani parag gopal,parag g kalyani,1,kalyani parag gopal,parag g kalyani,kalyani parag gopal,parag g kalyani,0.8365331431686386,0.8124611,0.7964912280701754,0,0,14,0.5,0.93,1,1,1,0.89895767
bansal kunal ramesh,ramesh k bansal,1,bansal kunal ramesh,ramesh k bansal,bansal kunal ramesh,ramesh k bansal,0.8010502595074752,0.8744724,0.5976608187134502,0,0,14,0.5,0.93,0,1,1,0.89895767
dasgupta miss smita,s dasgupta,1,dasgupta smita,s dasgupta,dasgupta smita,s dasgupta,0.8085373913512148,0.77164173,0.6994708994708995,0,0,8,0.3333333333333333,0.89,1,1,1,0.89895767
mhatre sameer prakash,sameer p mhatre,1,mhatre sameer prakash,sameer p mhatre,mhatre sameer prakash,sameer p mhatre,0.8591311434811403,0.7066151,0.7714285714285715,0,0,13,0.5,0.93,0,1,1,0.89895767
shelgikar kishor madhukar,kishor m shelgikar,1,shelgikar kishor madhukar,kishor m shelgikar,shelgikar kishor madhukar,kishor m shelgikar,0.8560937650418631,0.8702893,0.7399999999999999,0,0,16,0.5,0.94,0,1,1,0.89895767
joshi prakash vishnu,prakash v joshi,1,joshi prakash vishnu,prakash v joshi,joshi prakash vishnu,prakash v joshi,0.7794215839340234,0.7987385,0.6850427350427349,0,0,11,0.5,0.93,1,1,1,0.89895767
rege amol jayawant,amol j rege,1,rege amol jayawant,amol j rege,rege amol jayawant,amol j rege,0.7532992267049653,0.60715204,0.7188552188552189,0,0,12,0.5,0.9,0,1,1,0.89895767
potdar sanjay vithal,sanjay v potdar,1,potdar sanjay vithal,sanjay v potdar,potdar sanjay vithal,sanjay v potdar,0.8407222158694436,0.8115764,0.7833333333333333,0,0,12,0.5,0.93,0,1,1,0.89895767
pathak satyajit deodatta,satyajit d pathak,1,pathak satyajit deodatta,satyajit d pathak,pathak satyajit deodatta,satyajit d pathak,0.7276557666303868,0.8160943,0.7655228758169935,0,0,12,0.5,0.94,0,1,1,0.89895767
kelkar miss sujata vijay,sujata kelkar,1,kelkar sujata vijay,sujata kelkar,kelkar sujata vijay,sujata kelkar,0.8935820175471763,0.7990867,0.7408906882591092,0,0,12,0.6666666666666666,1.0,1,1,1,0.89895767
dalal avinash bhimrao,avinash b dalal,1,dalal avinash bhimrao,avinash b dalal,dalal avinash bhimrao,avinash b dalal,0.7234516266838085,0.7558569,0.7003663003663004,0,0,11,0.5,0.93,0,1,1,0.89895767
sangle sanjay anant,sanjay a sangle,1,sangle sanjay anant,sanjay a sangle,sangle sanjay anant,sanjay a sangle,0.8866173441959276,0.88108754,0.6994152046783625,0,0,12,0.5,0.93,0,1,1,0.89895767
dadke mahendra sudhakar,mahendra s dadke,1,dadke mahendra sudhakar,mahendra s dadke,dadke mahendra sudhakar,mahendra s dadke,0.8434833474138859,0.7915635,0.7735507246376812,0,0,11,0.5,0.93,1,1,1,0.89895767
mehta rajendra singh,rajendra s mehta,1,mehta rajendra singh,rajendra s mehta,mehta rajendra singh,rajendra s mehta,0.8817701723975621,0.9505423,0.7154761904761905,0,0,11,0.5,0.93,1,1,1,0.89895767
agrawal ms aarti shyam,aarti s agrawal,1,agrawal aarti shyam,aarti s agrawal,agrawal aarti shyam,aarti s agrawal,0.8539631107836311,0.8215804,0.8368421052631579,0,0,13,0.5,0.93,1,1,1,0.89895767
salunke dilip vitthal,dilip v salunke,1,salunke dilip vitthal,dilip v salunke,salunke dilip vitthal,dilip v salunke,0.8088596945717138,0.81179726,0.7714285714285715,0,0,16,0.5,0.93,0,1,1,0.89895767
bumb sagar gulab,sagar g bumb,1,bumb sagar gulab,sagar g bumb,bumb sagar gulab,sagar g bumb,0.7881056361131489,0.86166847,0.7771464646464645,0,0,9,0.5,0.91,0,1,1,0.89895767
gaikwad rohini prakash,rohini p gaikwad,1,gaikwad rohini prakash,rohini p gaikwad,gaikwad rohini prakash,rohini p gaikwad,0.8711363846033872,0.79816043,0.7632575757575758,0,0,14,0.5,0.93,1,1,1,0.89895767
aparna g,aparna gosawi,1,aparna g,aparna gosawi,aparna g,aparna gosawi,0.5907771121249265,0.7680008,0.9230769230769231,0,1,5,0.3333333333333333,0.86,1,1,1,0.89880055
mulay sanjay pramod,pramod s mulay,1,mulay sanjay pramod,pramod s mulay,mulay sanjay pramod,pramod s mulay,0.8724425879379867,0.7032434,0.5391604010025063,0,0,17,0.5,0.92,0,1,1,0.89895767
apte subhash mukund,subhash m apte,1,apte subhash mukund,subhash m apte,apte subhash mukund,subhash m apte,0.779684454048433,0.8331998,0.6367053998632946,0,0,10,0.5,0.92,0,1,1,0.89895767
patvekar milind ashok,milind a patvekar,1,patvekar milind ashok,milind a patvekar,patvekar milind ashok,milind a patvekar,0.8953435792224338,0.77866334,0.7796451914098973,0,0,17,0.5,0.94,0,1,1,0.89895767
chaudhari nitin dinkar,nitin d chaudhari,1,chaudhari nitin dinkar,nitin d chaudhari,chaudhari nitin dinkar,nitin d chaudhari,0.8002502811588061,0.80547255,0.7673796791443851,0,0,18,0.5,0.94,1,1,1,0.89895767
pandit sharad arvind,arvind s pandit,1,pandit sharad arvind,arvind s pandit,pandit sharad arvind,arvind s pandit,0.8656846813825971,0.8597884,0.734920634920635,0,0,15,0.5,0.93,0,1,1,0.89895767
choukkar nitin manohar,nitin m choukkar,1,choukkar nitin manohar,nitin m choukkar,choukkar nitin manohar,nitin m choukkar,0.8527540636766396,0.88884383,0.7424242424242425,0,0,15,0.5,0.93,0,1,1,0.89895767
bomble shailesh sadashiv,shailesh s bomble,1,bomble shailesh sadashiv,shailesh s bomble,bomble shailesh sadashiv,shailesh s bomble,0.8390489168360833,0.815801,0.7655228758169935,0,0,14,0.5,0.94,0,1,1,0.89895767
kasar shrikant tukaram,shrikant t kasar,1,kasar shrikant tukaram,shrikant t kasar,kasar shrikant tukaram,shrikant t kasar,0.767703862526078,0.8486114,0.7424242424242425,0,0,9,0.5,0.93,0,1,1,0.89895767
date suhas vinayak,suhas v date,1,date suhas vinayak,suhas v date,date suhas vinayak,suhas v date,0.78523588243137,0.6837273,0.7222222222222222,0,0,10,0.5,0.91,0,1,1,0.89895767
kale abhijit subhash,abhijit s kale,1,kale abhijit subhash,abhijit s kale,kale abhijit subhash,abhijit s kale,0.8241452118308493,0.76001966,0.6573593073593074,0,0,10,0.5,0.92,0,1,1,0.89895767
borate mangesh khanduji,mangesh k borate,1,borate mangesh khanduji,mangesh k borate,borate mangesh khanduji,mangesh k borate,0.7580896022791987,0.76436543,0.7318840579710145,0,0,14,0.5,0.93,0,1,1,0.89895767
runwal sandesh kantilal,sandesh k runwal,1,runwal sandesh kantilal,sandesh k runwal,runwal sandesh kantilal,sandesh k runwal,0.7921136916246501,0.79145575,0.7527173913043478,0,0,12,0.5,0.93,0,1,1,0.89895767
jawalekar sarvesh dhondopant,sarvesh d jawalekar,1,jawalekar sarvesh dhondopant,sarvesh d jawalekar,jawalekar sarvesh dhondopant,sarvesh d jawalekar,0.7153063783320794,0.6871176,0.7525062656641603,0,0,20,0.5,0.94,0,1,1,0.89895767
choudri siddarth anant,siddharth a chaudri,1,choudri siddarth anant,siddharth a chaudri,choudri siddarth anant,siddharth a chaudri,0.530222936089296,0.7454692,0.6897926634768741,0,0,16,0.0,0.83,1,0,1,0.8492395
tambolkar ajit narayan,ajit n tambolkar,1,tambolkar ajit narayan,ajit n tambolkar,tambolkar ajit narayan,ajit n tambolkar,0.8799363600583571,0.8283026,0.7424242424242425,0,0,18,0.5,0.93,0,1,1,0.89895767
patil atul arjun,atul a patil,1,patil atul arjun,atul a patil,patil atul arjun,atul a patil,0.7573473334828319,0.6354747,0.75,0,0,10,0.5,0.91,0,1,1,0.89895767
kadrekar sujit ramesh,sujit r kadrekar,1,kadrekar sujit ramesh,sujit r kadrekar,kadrekar sujit ramesh,sujit r kadrekar,0.8944404773167097,0.8734123,0.7748015873015873,0,0,16,0.5,0.93,0,1,1,0.89895767
bhokre swapnil subhash,swapnil s bhokre,1,bhokre swapnil subhash,swapnil s bhokre,bhokre swapnil subhash,swapnil s bhokre,0.8815010070371735,0.7625765,0.7424242424242425,0,0,12,0.5,0.93,0,1,1,0.89895767
mantri abhay shrikant,abhay s mantri,1,mantri abhay shrikant,abhay s mantri,mantri abhay shrikant,abhay s mantri,0.7817265156237941,0.7672302,0.7222222222222222,0,0,13,0.5,0.92,1,1,1,0.89895767
t pooja,pooja telang,1,t pooja,pooja telang,t pooja,pooja telang,0.6588075869289518,0.7547295,0.6746031746031745,0,0,9,0.3333333333333333,0.83,1,1,1,0.89895767
advani kamal kumar mohan,kamal m advani,1,advani kamal kumar mohan,kamal m advani,advani kamal kumar mohan,kamal m advani,0.837249825206222,0.7857214,0.7182539682539684,0,0,15,0.4,0.92,1,1,1,0.89895767
prabhune sachin laxman,sachin l prabhune,1,prabhune sachin laxman,sachin l prabhune,prabhune sachin laxman,sachin l prabhune,0.818124766856865,0.83167577,0.7673796791443851,0,0,16,0.5,0.94,0,1,1,0.89895767
pathak sagar vilas,sagar v pathak,1,pathak sagar vilas,sagar v pathak,pathak sagar vilas,sagar v pathak,0.754827860170898,0.6946107,0.7830687830687829,0,0,13,0.5,0.92,0,1,1,0.89895767
gholap swanand sudhakar,swanand s gholap,1,gholap swanand sudhakar,swanand s gholap,gholap swanand sudhakar,swanand s gholap,0.8422775224297036,0.8008845,0.7527173913043478,0,0,12,0.5,0.93,0,1,1,0.89895767
kavade sandeep ganpat,sandeep g kavade,1,kavade sandeep ganpat,sandeep g kavade,kavade sandeep ganpat,sandeep g kavade,0.7610687732944811,0.8542917,0.7043650793650794,0,0,13,0.5,0.93,0,1,1,0.89895767
n rakesh,rakesh nikam,1,n rakesh,rakesh nikam,n rakesh,rakesh nikam,0.6796427131081838,0.67356014,0.6765873015873017,0,0,8,0.3333333333333333,0.86,0,1,1,0.89895767
deshpande nitin khanderao,nitin k deshpande,1,deshpande nitin khanderao,nitin k deshpande,deshpande nitin khanderao,nitin k deshpande,0.8116892741320995,0.6890293,0.7364705882352941,0,0,18,0.5,0.94,0,1,1,0.89895767
kothari dushyant subhash,dushyant s kothari,1,kothari dushyant subhash,dushyant s kothari,kothari dushyant subhash,dushyant s kothari,0.869456847380962,0.79193217,0.7685185185185185,0,0,14,0.5,0.94,1,1,1,0.89895767
jadhav siddharth prafull,siddharth p jadhav,1,jadhav siddharth prafull,siddharth p jadhav,jadhav siddharth prafull,siddharth p jadhav,0.7549149028457127,0.8561095,0.6851851851851851,0,0,13,0.5,0.94,0,1,1,0.89895767
panse anil madhav,anil m panse,1,panse anil madhav,anil m panse,panse anil madhav,anil m panse,0.8118809292250055,0.794569,0.7352941176470589,0,0,12,0.5,0.91,0,1,1,0.89895767
mishra mrs aparna,aparana mishra,1,mishra aparna,aparana mishra,mishra aparna,aparana mishra,0.7537975330304756,0.8482939,0.6039377289377289,0,0,11,0.3333333333333333,0.96,1,0,1,0.88654673
jagtap rajeev vasant,rajeev v jagtap,1,jagtap rajeev vasant,rajeev v jagtap,jagtap rajeev vasant,rajeev v jagtap,0.8615758642914093,0.8127949,0.7833333333333333,0,0,12,0.5,0.93,0,1,1,0.89895767
patil miss maneka mukund,mukund m patil,1,patil maneka mukund,mukund m patil,patil maneka mukund,mukund m patil,0.786918551745238,0.7462664,0.4799498746867168,0,0,17,0.5,0.92,0,1,1,0.89895767
gokhale nikhil shripad,nikhil s gokhale,1,gokhale nikhil shripad,nikhil s gokhale,gokhale nikhil shripad,nikhil s gokhale,0.8036977892674176,0.8331373,0.7840909090909092,0,0,15,0.5,0.93,0,1,1,0.89895767
more santosh ghansham,santosh g more,1,more santosh ghansham,santosh g more,more santosh ghansham,santosh g more,0.7376419145973545,0.7657009,0.6183261183261183,0,0,12,0.5,0.92,0,1,1,0.89895767
survase narayan pandhari,narayan p survase,1,survase narayan pandhari,narayan p survase,survase narayan pandhari,narayan p survase,0.8482174584797747,0.8457413,0.7655228758169935,0,0,15,0.5,0.94,0,1,1,0.89895767
chavan sandip vishnu,sandip v chavan,1,chavan sandip vishnu,sandip v chavan,chavan sandip vishnu,sandip v chavan,0.7823402908902574,0.7493182,0.7611111111111111,0,0,13,0.5,0.93,0,1,1,0.89895767
b kiran,kiran bhole,1,b kiran,kiran bhole,b kiran,kiran bhole,0.5650724919953223,0.8420392,0.6341991341991342,0,0,8,0.3333333333333333,0.83,0,1,1,0.89895767
kshirsagar anand fakira,anand f kshirsagar,1,kshirsagar anand fakira,anand f kshirsagar,kshirsagar anand fakira,anand f kshirsagar,0.7769459454352753,0.83676475,0.6951690821256039,0,0,18,0.5,0.94,0,1,1,0.89895767
pendse atul sitaram,atul s pendse,1,pendse atul sitaram,atul s pendse,pendse atul sitaram,atul s pendse,0.8285879364980627,0.74741465,0.7408906882591092,0,0,14,0.5,0.92,0,1,1,0.89895767
gaikwad sadanand pandurang,sadanand p gaikwad,1,gaikwad sadanand pandurang,sadanand p gaikwad,gaikwad sadanand pandurang,sadanand p gaikwad,0.8052774502666031,0.82492065,0.7492877492877493,0,0,16,0.5,0.94,0,1,1,0.89895767
narnaware anand sunil,anand s narnaware,1,narnaware anand sunil,anand s narnaware,narnaware anand sunil,anand s narnaware,0.8775443993433792,0.8856141,0.7322128851540617,0,0,15,0.5,0.94,0,1,1,0.89895767
potnis rajneesh chandrakant,rajneesh c potnis,1,potnis rajneesh chandrakant,rajneesh c potnis,potnis rajneesh chandrakant,rajneesh c potnis,0.8368830137757536,0.81753707,0.719680464778504,0,0,17,0.5,0.94,0,1,1,0.89895767
warerkar abhijit umakant,abhijit u warerkar,1,warerkar abhijit umakant,abhijit u warerkar,warerkar abhijit umakant,abhijit u warerkar,0.8457464817739755,0.85926974,0.75,0,0,16,0.5,0.94,0,1,1,0.89895767
gurram manik ambaji,manik a gurram,1,gurram manik ambaji,manik a gurram,gurram manik ambaji,manik a gurram,0.7731504802124496,0.77879435,0.7456140350877193,0,0,14,0.5,0.92,0,1,1,0.89895767
suryanarayan a,suryanarayan akude,1,suryanarayan a,suryanarayan akude,suryanarayan a,suryanarayan akude,0.7639154006698546,0.81401455,0.9555555555555556,0,1,4,0.3333333333333333,0.92,0,1,1,0.89880055
revankar vinayak anandu,vinayak a revankar,1,revankar vinayak anandu,vinayak a revankar,revankar vinayak anandu,vinayak a revankar,0.8617763965872779,0.8247299,0.7793880837359097,0,0,16,0.5,0.94,0,1,1,0.89895767
kelkar prasad anand,prasad a kelkar,1,kelkar prasad anand,prasad a kelkar,kelkar prasad anand,prasad a kelkar,0.8778443416075564,0.7743676,0.643859649122807,0,0,14,0.5,0.93,0,1,1,0.89895767
k lavanya,lavanya kamtam,1,k lavanya,lavanya kamtam,k lavanya,lavanya kamtam,0.66477903578968,0.8255327,0.6534391534391534,0,0,9,0.3333333333333333,0.88,1,1,1,0.89895767
deshpande rahul vilas,rahul deshpande,1,deshpande rahul vilas,rahul deshpande,deshpande rahul vilas,rahul deshpande,0.8381295891547998,0.7119762,0.6238095238095238,0,0,17,0.6666666666666666,1.0,0,1,1,0.89895767
gulve raosaheb sambhaji,raosaheb s gulve,1,gulve raosaheb sambhaji,raosaheb s gulve,gulve raosaheb sambhaji,raosaheb s gulve,0.8338024889098286,0.7984121,0.6183574879227054,0,0,13,0.5,0.93,0,1,1,0.89895767
kulkarni niranjan s,s n kulkarni,1,kulkarni niranjan s,s n kulkarni,kulkarni niranjan s,s n kulkarni,0.7544000899931267,0.8240211,0.6198830409356725,0,0,15,0.5,0.91,1,1,1,0.89895767
deshpande miss ratna ashok,ashok r deshpande,1,deshpande ratna ashok,ashok r deshpande,deshpande ratna ashok,ashok r deshpande,0.8452424786787889,0.85766643,0.7099906629318394,0,0,17,0.5,0.94,0,1,1,0.89895767
naigaonkar nilesh vijay,nilesh v naigaonkar,1,naigaonkar nilesh vijay,nilesh v naigaonkar,naigaonkar nilesh vijay,nilesh v naigaonkar,0.916192234202094,0.8061521,0.6389887762885474,0,0,18,0.5,0.94,0,1,1,0.89895767
wable ranasingh d,r d wable,1,wable ranasingh d,r d wable,wable ranasingh d,r d wable,0.7648319185432909,0.7641365,0.586990351696234,0,0,15,0.5,0.88,0,1,1,0.89895767
gaikwad mrs vinaya tushar,tushar v gaikwad,1,gaikwad vinaya tushar,tushar v gaikwad,gaikwad vinaya tushar,tushar v gaikwad,0.8620482232002727,0.82160926,0.6158910533910533,0,0,16,0.5,0.93,0,1,1,0.89895767
b priya,priya bhinge,1,b priya,priya bhinge,b priya,priya bhinge,0.5389559447941116,0.76835,0.6190476190476191,0,0,9,0.3333333333333333,0.83,1,1,1,0.8939444
khune amit dattatraya,datthatraya kuhune,1,khune amit dattatraya,datthatraya kuhune,khune amit dattatraya,datthatraya kuhune,0.5361118619258948,0.70475423,0.48346560846560843,0,0,19,0.0,0.82,1,0,1,0.8473242
yadav swapnil prakash,swapnil p yadav,1,yadav swapnil prakash,swapnil p yadav,yadav swapnil prakash,swapnil p yadav,0.8553307201058041,0.80297124,0.6238095238095238,0,0,11,0.5,0.93,0,1,1,0.89895767
deshmukh rajan madhukar,madhukar r deshmukh,1,deshmukh rajan madhukar,madhukar r deshmukh,deshmukh rajan madhukar,madhukar r deshmukh,0.926814945400712,0.8663374,0.7000858123569794,0,0,16,0.5,0.94,0,1,1,0.89895767
patil nagraj v,v n patil,1,patil nagraj v,v n patil,patil nagraj v,v n patil,0.613391414618884,0.6911937,0.6164021164021164,0,0,11,0.5,0.88,0,1,1,0.89895767
chavan santosh maruti,santosh m chavan,1,chavan santosh maruti,santosh m chavan,chavan santosh maruti,santosh m chavan,0.7694810611024816,0.7895874,0.7043650793650794,0,0,14,0.5,0.93,0,1,1,0.89895767
kale bajarang kalu,bajarang k kale,1,kale bajarang kalu,bajarang k kale,kale bajarang kalu,bajarang k kale,0.8594322906324869,0.88829136,0.7603988603988604,0,0,8,0.5,0.93,0,0,1,0.6015134
sayamber nitin gulabrao,nitin g sayamber,1,sayamber nitin gulabrao,nitin g sayamber,sayamber nitin gulabrao,nitin g sayamber,0.7563651775842698,0.692744,0.7318840579710145,0,0,17,0.5,0.93,0,1,1,0.89895767
wagh sagar ramnatrao,sagar r wagh,1,wagh sagar ramnatrao,sagar r wagh,wagh sagar ramnatrao,sagar r wagh,0.655169150910091,0.647141,0.7277777777777779,0,0,12,0.5,0.91,0,1,1,0.89895767
gitay mrs urmila aniruddha,aniruddha m gitay,1,gitay urmila aniruddha,aniruddha m gitay,gitay urmila aniruddha,aniruddha m gitay,0.8102549816896455,0.8184812,0.5475935828877004,0,0,19,0.5,0.94,1,0,1,0.88654673
salve bharat asaram,bharat a salve,1,salve bharat asaram,bharat a salve,salve bharat asaram,bharat a salve,0.8397760033857009,0.89524215,0.6670084301663248,0,0,10,0.5,0.92,0,1,1,0.89895767
bade ganesh ramnath,ganesh r bade,1,bade ganesh ramnath,ganesh r bade,bade ganesh ramnath,ganesh r bade,0.7295712381002534,0.7999427,0.6568519200098147,0,0,10,0.5,0.92,0,1,1,0.89895767
gore sopan raghunath,sopan r gore,1,gore sopan raghunath,sopan r gore,gore sopan raghunath,sopan r gore,0.7487809307316271,0.7437947,0.7277777777777779,0,0,12,0.5,0.91,0,1,1,0.89895767
deshpande mohan vasant,mohan v deshpande,1,deshpande mohan vasant,mohan v deshpande,deshpande mohan vasant,mohan v deshpande,0.8445513575958062,0.8610381,0.7869875222816399,0,0,17,0.5,0.94,0,1,1,0.89895767
bhattad miss rashmi raman,raman bhattad,1,bhattad rashmi raman,raman bhattad,bhattad rashmi raman,raman bhattad,0.8284670861599662,0.83436203,0.6775058275058274,0,0,15,0.6666666666666666,1.0,0,1,1,0.89895767
patil amit bhagwan,amit b patil,1,patil amit bhagwan,amit b patil,patil amit bhagwan,amit b patil,0.6603041298786548,0.80868584,0.75,0,0,12,0.5,0.91,0,1,1,0.89895767
desai jabbar valisha,jabbar v desai,1,desai jabbar valisha,jabbar v desai,desai jabbar valisha,jabbar v desai,0.7923328689719314,0.80891657,0.7333333333333334,0,0,11,0.5,0.92,1,1,1,0.89895767
patil sandip ravindra,sandip r patil,1,patil sandip ravindra,sandip r patil,patil sandip ravindra,sandip r patil,0.7840417497782354,0.7779738,0.746031746031746,0,0,13,0.5,0.92,0,1,1,0.89895767
taralekar amol arvind,amol a taralekar,1,taralekar amol arvind,amol a taralekar,taralekar amol arvind,amol a taralekar,0.8365969305433975,0.8257923,0.7043650793650794,0,0,15,0.5,0.93,0,1,1,0.89895767
rohan pradeep patil,pradeep r patil,1,rohan pradeep patil,pradeep r patil,rohan pradeep patil,pradeep r patil,0.8239145064061242,0.6593189,0.7964912280701754,0,0,8,0.5,0.93,0,1,1,0.89895767
b r vinay,vinay b rajmane,1,b r vinay,vinay b rajmane,b r vinay,vinay b rajmane,0.5690267361635766,0.7131833,0.7185185185185187,0,0,12,0.5,0.88,0,1,1,0.89895767
borate anil ganapati,anil g borate,1,borate anil ganapati,anil g borate,borate anil ganapati,anil g borate,0.7522254871682369,0.6778999,0.7294871794871794,0,0,12,0.5,0.92,0,1,1,0.89895767
sharma prajakta anand,prajakta a sharma,1,sharma prajakta anand,prajakta a sharma,sharma prajakta anand,prajakta a sharma,0.8906505333959367,0.7864655,0.7110177404295052,0,0,13,0.5,0.94,1,1,1,0.89895767
natu vikas shridhar,vikas s natu,1,natu vikas shridhar,vikas s natu,natu vikas shridhar,vikas s natu,0.7586444347706998,0.72978413,0.7105263157894738,0,0,12,0.5,0.91,0,1,1,0.89895767
desai prasad sunil,prasad s desai,1,desai prasad sunil,prasad s desai,desai prasad sunil,prasad s desai,0.8184648876676689,0.814258,0.781033781033781,0,0,12,0.5,0.92,1,1,1,0.89895767
patil kavita m miss,m k patil,1,patil kavita m,m k patil,patil kavita m,m k patil,0.6287233355576766,0.76153576,0.6164021164021164,0,0,11,0.5,0.88,0,1,1,0.89895767
p nivedita,nivedita patil,1,p nivedita,nivedita patil,p nivedita,nivedita patil,0.8422284702579127,0.79193604,0.7904761904761904,0,0,8,0.3333333333333333,0.89,1,1,1,0.89895767
patil sharad shamrao,sharad s patil,1,patil sharad shamrao,sharad s patil,patil sharad shamrao,sharad s patil,0.7254685307519413,0.72068155,0.7571428571428571,0,0,12,0.5,0.92,0,1,1,0.89895767
mutalik sachin subhash,sachin s mutalik,1,mutalik sachin subhash,sachin s mutalik,mutalik sachin subhash,sachin s mutalik,0.8530278348747048,0.8548353,0.7424242424242425,0,0,15,0.5,0.93,0,1,1,0.89895767
patil sayali satish,sayali s patil,1,patil sayali satish,sayali s patil,patil sayali satish,sayali s patil,0.8425483643406122,0.87497485,0.7170811644495855,0,0,10,0.5,0.92,1,1,1,0.89895767
mirgunde shishir prabhakar,shishir p mirgunde,1,mirgunde shishir prabhakar,shishir p mirgunde,mirgunde shishir prabhakar,shishir p mirgunde,0.8613487485349864,0.83895195,0.7492877492877493,0,0,18,0.5,0.94,0,1,1,0.89895767
deshpande suresh vishwanath,suresh v deshpande,1,deshpande suresh vishwanath,suresh v deshpande,deshpande suresh vishwanath,suresh v deshpande,0.7908800144888947,0.6280679,0.7222222222222222,0,0,17,0.5,0.94,0,1,1,0.89895767
kadam vinod ramchandra,vinod r kadam,1,kadam vinod ramchandra,vinod r kadam,kadam vinod ramchandra,vinod r kadam,0.7307796358877127,0.76080847,0.7354312354312355,0,0,13,0.5,0.92,0,1,1,0.89895767
kadam shashank ravindra,ravindra s kadam,1,kadam shashank ravindra,ravindra s kadam,kadam shashank ravindra,ravindra s kadam,0.7865285819967881,0.80354494,0.6183574879227054,0,0,18,0.5,0.93,1,1,1,0.89895767
chavan rahul surakant,rahul s chavan,1,chavan rahul surakant,rahul s chavan,chavan rahul surakant,rahul s chavan,0.7282505211621133,0.8359174,0.746031746031746,0,0,12,0.5,0.92,0,1,1,0.89895767
potdar sudhir vijay,sudhir v potdar,1,potdar sudhir vijay,sudhir v potdar,potdar sudhir vijay,sudhir v potdar,0.8921179470804678,0.60567284,0.643859649122807,0,0,13,0.5,0.93,0,1,1,0.89895767
patil nitin vishnu,nitin v patil,1,patil nitin vishnu,nitin v patil,patil nitin vishnu,nitin v patil,0.7634415791530095,0.63431984,0.7792022792022792,0,0,12,0.5,0.92,0,1,1,0.89895767
deshpande rahul suresh,suresh r deshpande,1,deshpande rahul suresh,suresh r deshpande,deshpande rahul suresh,suresh r deshpande,0.8687949651492878,0.6872194,0.705050505050505,0,0,17,0.5,0.94,0,1,1,0.89895767
chavan motilal s,m s chavan,1,chavan motilal s,m s chavan,chavan motilal s,m s chavan,0.5589683441028044,0.71501875,0.6416666666666667,0,0,14,0.5,0.89,0,1,1,0.89855313
jathar nimish nitin,nitin n jathar,1,jathar nimish nitin,nitin n jathar,jathar nimish nitin,nitin n jathar,0.768767296043571,0.8726077,0.7427221900906112,0,0,15,0.5,0.92,0,1,1,0.89895767
chougule umesh bapuso,b chougule,1,chougule umesh bapuso,b chougule,chougule umesh bapuso,b chougule,0.6535577475950912,0.54682374,0.6280423280423281,0,0,15,0.25,0.89,0,1,1,0.89895767
patil ajit subhash,ajit s patil,1,patil ajit subhash,ajit s patil,patil ajit subhash,ajit s patil,0.7517810450772573,0.75655407,0.75,0,0,12,0.5,0.91,0,1,1,0.89895767
kulkarni gayatri milind,milind g kulkarni,1,kulkarni gayatri milind,milind g kulkarni,kulkarni gayatri milind,milind g kulkarni,0.793487462450055,0.8665565,0.644075021312873,0,0,18,0.5,0.94,1,1,1,0.89895767
kulkarni praveen madhukar,praveen m kulkarni,1,kulkarni praveen madhukar,praveen m kulkarni,kulkarni praveen madhukar,praveen m kulkarni,0.8021168332345487,0.8322203,0.7585185185185185,0,0,15,0.5,0.94,1,1,1,0.89895767
bagane rajvardhan malgounda,rajvardhan m bagane,1,bagane rajvardhan malgounda,rajvardhan m bagane,bagane rajvardhan malgounda,rajvardhan m bagane,0.7637262289583499,0.8601568,0.7042005886175132,0,0,14,0.5,0.94,0,1,1,0.89895767
takale dilip shivram,dilip s takale,1,takale dilip shivram,dilip s takale,takale dilip shivram,dilip s takale,0.7737406435595169,0.84272325,0.7333333333333334,0,0,13,0.5,0.92,0,1,1,0.89895767
sarda gowardhan ramvilas,gowardhan r sarda,1,sarda gowardhan ramvilas,gowardhan r sarda,sarda gowardhan ramvilas,gowardhan r sarda,0.7671466922591337,0.8536019,0.7459150326797386,0,0,12,0.5,0.94,1,1,1,0.89895767
tamboli priya rajesh,priya r tamboli,1,tamboli priya rajesh,priya r tamboli,tamboli priya rajesh,priya r tamboli,0.8923005168029893,0.8516994,0.7611111111111111,0,0,15,0.5,0.93,1,1,1,0.89895767
nilakhe sachin sharad,sachin s nilakhe,1,nilakhe sachin sharad,sachin s nilakhe,nilakhe sachin sharad,sachin s nilakhe,0.8901884583591753,0.88293064,0.753968253968254,0,0,15,0.5,0.93,0,1,1,0.89895767
magdum sudhir arun,sudhir a magdum,1,magdum sudhir arun,sudhir a magdum,magdum sudhir arun,sudhir a magdum,0.9110673889126146,0.695346,0.7091168091168091,0,0,13,0.5,0.93,0,1,1,0.89895767
desai wilson vasant,wilson v desai,1,desai wilson vasant,wilson v desai,desai wilson vasant,wilson v desai,0.8727112995482524,0.7571985,0.6906850459482038,0,0,11,0.5,0.92,1,1,1,0.89895767
jadhav amol ramrao,amol r jadhav,1,jadhav amol ramrao,amol r jadhav,jadhav amol ramrao,amol r jadhav,0.7785847412655671,0.7674734,0.7535612535612536,0,0,12,0.5,0.92,0,1,1,0.89895767
hatti kiran shankar,kiran s hatti,1,hatti kiran shankar,kiran s hatti,hatti kiran shankar,kiran s hatti,0.8350111110945545,0.8401798,0.766531713900135,0,0,11,0.5,0.92,1,1,1,0.89895767
pattanshetti nagendra malanna,n m pattanshetti,1,pattanshetti nagendra malanna,n m pattanshetti,pattanshetti nagendra malanna,n m pattanshetti,0.7002797558947754,0.6295785,0.6192528735632185,0,0,21,0.2,0.86,1,1,1,0.89775467
patil narendra baburao,narendra b patil,1,patil narendra baburao,narendra b patil,patil narendra baburao,narendra b patil,0.711234107130585,0.7662042,0.6262626262626263,0,0,12,0.5,0.93,1,1,1,0.89895767
kolhapure mohit shivkumar,s m kolhapure,1,kolhapure mohit shivkumar,s m kolhapure,kolhapure mohit shivkumar,s m kolhapure,0.7111240170775018,0.6727516,0.6105361305361305,0,0,20,0.2,0.82,0,1,1,0.8983663
patil priyanka anant,priyanka a patil,1,patil priyanka anant,priyanka a patil,patil priyanka anant,priyanka a patil,0.8596807431943023,0.887838,0.7862500000000001,0,0,11,0.5,0.93,1,1,1,0.89895767
patil rajeshkumar ramu,rajeshkumar r patil,1,patil rajeshkumar ramu,rajeshkumar r patil,patil rajeshkumar ramu,rajeshkumar r patil,0.8652874263781787,0.8651874,0.6904306220095694,0,0,11,0.5,0.94,0,1,1,0.89895767
patil kiran subhash,subhash k patil,1,patil kiran subhash,subhash k patil,patil kiran subhash,subhash k patil,0.8254372516480096,0.6705507,0.46883876357560567,0,0,18,0.5,0.93,0,1,1,0.89895767
patil vijay yuvraj,yuvraj v patil,1,patil vijay yuvraj,yuvraj v patil,patil vijay yuvraj,yuvraj v patil,0.8842001519850254,0.8410568,0.5052910052910052,0,0,16,0.5,0.92,0,1,1,0.89895767
redkar sudhir narayanra,sudhir n redkar,1,redkar sudhir narayanra,sudhir n redkar,redkar sudhir narayanra,sudhir n redkar,0.7408760705890696,0.80521905,0.7507246376811594,0,0,13,0.5,0.93,0,1,1,0.89895767
zantye amol shashikant,amol s zantye,1,zantye amol shashikant,amol s zantye,zantye amol shashikant,amol s zantye,0.8301424955834056,0.7082416,0.7097902097902097,0,0,15,0.5,0.92,0,1,1,0.89895767
ruprell miss anju srichand,anju s ruprell,1,ruprell anju srichand,anju s ruprell,ruprell anju srichand,anju s ruprell,0.8079189325302534,0.8187319,0.7222222222222222,0,0,15,0.5,0.92,0,1,1,0.89895767
chawla kunal sunil,kunal s chawla,1,chawla kunal sunil,kunal s chawla,chawla kunal sunil,kunal s chawla,0.8686736765159468,0.8253271,0.7830687830687829,0,0,13,0.5,0.92,1,1,1,0.89895767
rohra jagdish ashok,jagdish a rohra,1,rohra jagdish ashok,jagdish a rohra,rohra jagdish ashok,jagdish a rohra,0.8722148955798934,0.7398471,0.723391812865497,0,0,11,0.5,0.93,1,1,1,0.89895767
brijwani narain virumal,narain v brijwani,1,brijwani narain virumal,narain v brijwani,brijwani narain virumal,narain v brijwani,0.8138402068440517,0.8270557,0.7561807331628304,0,0,16,0.5,0.94,1,1,1,0.89895767
khilnani santosh choitram,santosh c khilnani,1,khilnani santosh choitram,santosh c khilnani,khilnani santosh choitram,santosh c khilnani,0.7741176307316924,0.8008848,0.7399999999999999,0,0,16,0.5,0.94,1,1,1,0.89895767
joshi nitin yeshwant,nitin y joshi,1,joshi nitin yeshwant,nitin y joshi,joshi nitin yeshwant,nitin y joshi,0.7069647387595446,0.74575126,0.7294871794871794,0,0,13,0.5,0.92,1,1,1,0.89895767
dixit saurabh yogesh,yogesh dixit,1,dixit saurabh yogesh,yogesh dixit,dixit saurabh yogesh,yogesh dixit,0.8242524133406044,0.7156571,0.5222222222222223,0,0,17,0.6666666666666666,1.0,0,1,1,0.89895767
pandey arvind nanku,arvind n pandey,1,pandey arvind nanku,arvind n pandey,pandey arvind nanku,arvind n pandey,0.7968077001188839,0.7625298,0.6716374269005848,0,0,12,0.5,0.93,0,1,1,0.89895767
samant devanand yeshavant,devanand y samant,1,samant devanand yeshavant,devanand y samant,samant devanand yeshavant,devanand y samant,0.7732014964133195,0.66297156,0.775686274509804,0,0,10,0.5,0.94,0,1,1,0.89895767
jayawant girish vasant,girish v jayawant,1,jayawant girish vasant,girish v jayawant,jayawant girish vasant,girish v jayawant,0.8752971948445091,0.86920846,0.7673796791443851,0,0,14,0.5,0.94,0,1,1,0.89895767
pawar mandar ramsing,mandar r pawar,1,pawar mandar ramsing,mandar r pawar,pawar mandar ramsing,mandar r pawar,0.6888842757837508,0.71490055,0.780952380952381,0,0,12,0.5,0.92,0,1,1,0.89895767
varma ravi t k,r k varma,1,varma ravi t k,r k varma,varma ravi t k,r k varma,0.7341101441170074,0.7743741,0.6164021164021164,0,0,11,0.4,0.88,1,1,1,0.89895767
adhav rajeev madhukar,rajeev m adhav,1,adhav rajeev madhukar,rajeev m adhav,adhav rajeev madhukar,rajeev m adhav,0.7662806585666773,0.8148838,0.7222222222222222,0,0,10,0.5,0.92,0,1,1,0.89895767
undavia rajendra bansilal,rajendra b undavia,1,undavia rajendra bansilal,rajendra b undavia,undavia rajendra bansilal,rajendra b undavia,0.7741715213065306,0.7677302,0.7585185185185185,0,0,15,0.5,0.94,1,1,1,0.89895767
mestry sudhir bhagwan,sudhir b mestry,1,mestry sudhir bhagwan,sudhir b mestry,mestry sudhir bhagwan,sudhir b mestry,0.7981313658838616,0.77468324,0.7492063492063492,0,0,14,0.5,0.93,0,1,1,0.89895767
sunil n k,sunil n kamat,1,sunil n k,sunil n kamat,sunil n k,sunil n kamat,0.6849463127782274,0.8132225,0.9384615384615385,0,1,4,0.5,0.88,0,1,1,0.89880055
wanve sunil narayan,sunil n wanve,1,wanve sunil narayan,sunil n wanve,wanve sunil narayan,sunil n wanve,0.8455350771739668,0.72114384,0.766531713900135,0,0,11,0.5,0.92,0,1,1,0.89895767
naik mrs tara shankar,tara s naik,1,naik tara shankar,tara s naik,naik tara shankar,tara s naik,0.7861274613155426,0.67826104,0.7611408199643493,0,0,10,0.5,0.9,1,1,1,0.89895767
phadnis unmesh vilas,unmesh v phadnis,1,phadnis unmesh vilas,unmesh v phadnis,phadnis unmesh vilas,unmesh v phadnis,0.8793922378894228,0.64132833,0.7666666666666666,0,0,14,0.5,0.93,0,1,1,0.89895767
varsha p,varsha patil,1,varsha p,varsha patil,varsha p,varsha patil,0.7342225555877786,0.8263184,0.9333333333333333,0,1,4,0.3333333333333333,0.86,1,1,1,0.89880055
aage vijay gopal rao,vijay g aage,1,aage vijay gopal rao,vijay g aage,aage vijay gopal rao,vijay g aage,0.761703987164314,0.7690221,0.7277777777777779,0,0,12,0.4,0.91,0,1,1,0.89895767
magare kapil ashok,kapil a magare,1,magare kapil ashok,kapil a magare,magare kapil ashok,kapil a magare,0.8624387009251009,0.79352176,0.7830687830687829,0,0,14,0.5,0.92,0,1,1,0.89895767
patil mahesh diliprao,mahesh d patil,1,patil mahesh diliprao,mahesh d patil,patil mahesh diliprao,mahesh d patil,0.642626237183381,0.6912604,0.746031746031746,0,0,13,0.5,0.92,0,1,1,0.89895767
akole mayuresh manohar,mayuresh m akole,1,akole mayuresh manohar,mayuresh m akole,akole mayuresh manohar,mayuresh m akole,0.8667254375577865,0.85567343,0.6704545454545454,0,0,11,0.5,0.93,0,1,1,0.89895767
yadav shailesh rampyare,shailesh r yadav,1,yadav shailesh rampyare,shailesh r yadav,yadav shailesh rampyare,shailesh r yadav,0.6766592622462092,0.78100514,0.6612318840579711,0,0,12,0.5,0.93,0,1,1,0.89895767
chaudhary bhagwat jiwaji,bhagwat j chaudhary,1,chaudhary bhagwat jiwaji,bhagwat j chaudhary,chaudhary bhagwat jiwaji,bhagwat j chaudhary,0.7695163686073652,0.8698119,0.8077485380116958,0,0,18,0.5,0.94,0,1,1,0.89895767
jadhav bharat maharu,bharat m jadhav,1,jadhav bharat maharu,bharat m jadhav,jadhav bharat maharu,bharat m jadhav,0.7947181721377795,0.8443285,0.7833333333333333,0,0,12,0.5,0.93,0,1,1,0.89895767
nimkande harshal ramrao,harshal r nimkande,1,nimkande harshal ramrao,harshal r nimkande,nimkande harshal ramrao,harshal r nimkande,0.840358154276621,0.7980322,0.7793880837359097,0,0,16,0.5,0.94,0,1,1,0.89895767
misar mrs ritu parag,parag misar,1,misar ritu parag,parag misar,misar ritu parag,parag misar,0.820725713812902,0.8408188,0.5757575757575758,0,0,11,0.6666666666666666,1.0,0,1,1,0.89895767
bhosale rutika vivek,rutika v bhosale,1,bhosale rutika vivek,rutika v bhosale,bhosale rutika vivek,rutika v bhosale,0.8618369018227867,0.80020016,0.7875,0,0,16,0.5,0.93,1,1,1,0.89895767
upasani sameeran jagadish,sameeran j upasani,1,upasani sameeran jagadish,sameeran j upasani,upasani sameeran jagadish,sameeran j upasani,0.7931544577875295,0.8539572,0.7399999999999999,0,0,15,0.5,0.94,1,1,1,0.89895767
madhavi hemant anant,hemant a madhavi,1,madhavi hemant anant,hemant a madhavi,madhavi hemant anant,hemant a madhavi,0.894366146383204,0.91981745,0.7666666666666666,0,0,15,0.5,0.93,1,1,1,0.89895767
dawat naresh venkatesh,naresh v dawat,1,dawat naresh venkatesh,naresh v dawat,dawat naresh venkatesh,naresh v dawat,0.7666820989897939,0.74280894,0.735930735930736,0,0,13,0.5,0.92,0,1,1,0.89895767
patil sanket ramesh,sanket r patil,1,patil sanket ramesh,sanket r patil,patil sanket ramesh,sanket r patil,0.8503509489729324,0.7862959,0.6367053998632946,0,0,12,0.5,0.92,0,1,1,0.89895767
jain miss kiran shripal,shripal m jain,1,jain kiran shripal,shripal m jain,jain kiran shripal,shripal m jain,0.8390616438968976,0.89815134,0.546957671957672,0,0,15,0.5,0.92,0,0,1,0.7301133
gaikwad arvind vasant,arvind v gaikwad,1,gaikwad arvind vasant,arvind v gaikwad,gaikwad arvind vasant,arvind v gaikwad,0.8695668141397613,0.8072504,0.7748015873015873,0,0,15,0.5,0.93,0,1,1,0.89895767
chaudhari vivek popat,v p chaudhari,1,chaudhari vivek popat,v p chaudhari,chaudhari vivek popat,v p chaudhari,0.5491131645800517,0.6670695,0.5818070818070818,0,0,16,0.2,0.82,1,1,1,0.89224714
hirve vasant undru,vasant u hirve,1,hirve vasant undru,vasant u hirve,hirve vasant undru,vasant u hirve,0.7832386409823515,0.7939987,0.6777296777296776,0,0,11,0.5,0.92,0,1,1,0.89895767
chile vijay suresh,vijay s chile,1,chile vijay suresh,vijay s chile,chile vijay suresh,vijay s chile,0.8367805717931049,0.7771897,0.7535612535612536,0,0,12,0.5,0.92,0,1,1,0.89895767
bhndopadhyay anirban,anirban bandopadhyay,1,bhndopadhyay anirban,anirban bandopadhyay,bhndopadhyay anirban,anirban bandopadhyay,0.8221651147382981,0.7637161,0.7627450980392156,0,0,17,0.3333333333333333,0.95,0,0,1,0.88654673
barve anjali vijay mrs,anjali v barve,1,barve anjali vijay,anjali v barve,barve anjali vijay,anjali v barve,0.867235282716781,0.79598,0.6777296777296776,0,0,11,0.5,0.92,1,1,1,0.89895767
tandale jagannath gangadhar,jagannath g tandale,1,tandale jagannath gangadhar,jagannath g tandale,tandale jagannath gangadhar,jagannath g tandale,0.817491662174418,0.8216579,0.7608836907082521,0,0,15,0.5,0.94,0,1,1,0.89895767
kadam sanjay sampat,sanjay s kadam,1,kadam sanjay sampat,sanjay s kadam,kadam sanjay sampat,sanjay s kadam,0.756140287827559,0.83144593,0.7184628237259815,0,0,11,0.5,0.92,0,1,1,0.89895767
shah monica sunil,sunil m shah,1,shah monica sunil,sunil m shah,shah monica sunil,sunil m shah,0.6307892945159119,0.75017476,0.6116557734204793,0,0,13,0.5,0.91,0,1,1,0.89895767
sope mrs varsha rajendra,rajendra sope,1,sope varsha rajendra,rajendra sope,sope varsha rajendra,rajendra sope,0.8560179050095188,0.8158994,0.6230769230769231,0,0,15,0.6666666666666666,1.0,1,1,1,0.89895767
hagwane raghunath keru,raghunath k hagwane,1,hagwane raghunath keru,raghunath k hagwane,hagwane raghunath keru,raghunath k hagwane,0.861320530363207,0.9175081,0.7922204501151869,0,0,16,0.5,0.94,0,1,1,0.89895767
chaudhari sandip tarachand,sandip t chaudhari,1,chaudhari sandip tarachand,sandip t chaudhari,chaudhari sandip tarachand,sandip t chaudhari,0.7775417151841291,0.8286878,0.7492877492877493,0,0,17,0.5,0.94,1,1,1,0.89895767
upasani ms rutuja shirish,shirish upasani,1,upasani rutuja shirish,shirish upasani,upasani rutuja shirish,shirish upasani,0.7487776796343252,0.7436155,0.6909867909867909,0,0,17,0.6666666666666666,1.0,1,1,1,0.89895767
patil dhananjay sanjay,dhananjay s patil,1,patil dhananjay sanjay,dhananjay s patil,patil dhananjay sanjay,dhananjay s patil,0.907040782542137,0.7663265,0.6569998628822158,0,0,12,0.5,0.94,0,1,1,0.89895767
mehkarkar nitin sudhakar,nitin s mehkarkar,1,mehkarkar nitin sudhakar,nitin s mehkarkar,mehkarkar nitin sudhakar,nitin s mehkarkar,0.8750855426179714,0.8299092,0.7459150326797386,0,0,15,0.5,0.94,0,1,1,0.89895767
mahesh g s,mahesh g shelke,1,mahesh g s,mahesh g shelke,mahesh g s,mahesh g shelke,0.5858871204267725,0.7702349,0.9333333333333333,0,1,5,0.5,0.89,0,1,1,0.89880055
shah rohan digvijay,rohan d shah,1,shah rohan digvijay,rohan d shah,shah rohan digvijay,rohan d shah,0.5636090413748419,0.81242657,0.7105263157894738,0,0,11,0.5,0.91,0,1,1,0.89895767
kharpate virendra vasantrao,virendra v kharpate,1,kharpate virendra vasantrao,virendra v kharpate,kharpate virendra vasantrao,virendra v kharpate,0.7963348880573254,0.752831,0.7608836907082521,0,0,17,0.5,0.94,1,1,1,0.89895767
bhagat shital ramesh,ramesh s bhagat,1,bhagat shital ramesh,ramesh s bhagat,bhagat shital ramesh,ramesh s bhagat,0.7945559552029955,0.86798203,0.6095959595959596,0,0,16,0.5,0.93,0,1,1,0.89895767
jadhav rajesh madan,rajesh m jadhav,1,jadhav rajesh madan,rajesh m jadhav,jadhav rajesh madan,rajesh m jadhav,0.8269109147604083,0.8401191,0.7472013366750208,0,0,11,0.5,0.93,0,1,1,0.89895767
sabale pravin rambhav,pravin r sabale,1,sabale pravin rambhav,pravin r sabale,sabale pravin rambhav,pravin r sabale,0.7780503776630601,0.80164117,0.7492063492063492,0,0,13,0.5,0.93,0,1,1,0.89895767
wavhal shashikant vasant,shashikant v wavhal,1,wavhal shashikant vasant,shashikant v wavhal,wavhal shashikant vasant,shashikant v wavhal,0.899144653922255,0.82220113,0.710827313381493,0,0,13,0.5,0.94,0,1,1,0.89895767
p suresh,suresh pote,1,p suresh,suresh pote,p suresh,suresh pote,0.5867671017953693,0.5765833,0.7651515151515151,0,0,7,0.3333333333333333,0.86,0,1,1,0.89895767
kothari ramesh shantilal,ramesh s kothari,1,kothari ramesh shantilal,ramesh s kothari,kothari ramesh shantilal,ramesh s kothari,0.741546767564379,0.77013457,0.7222222222222222,0,0,15,0.5,0.93,1,1,1,0.89895767
shinde miss anuja arun,arun shinde,1,shinde anuja arun,arun shinde,shinde anuja arun,arun shinde,0.7718138810925127,0.79835796,0.6657754010695187,0,0,15,0.6666666666666666,1.0,0,1,1,0.89895767
nage arunkumar ramesh,arunkumar r nage,1,nage arunkumar ramesh,arunkumar r nage,nage arunkumar ramesh,arunkumar r nage,0.8674998358990567,0.84964395,0.7505952380952382,0,0,10,0.5,0.93,0,1,1,0.89895767
patel shachi bharat,bharat s patel,1,patel shachi bharat,bharat s patel,patel shachi bharat,bharat s patel,0.7468391077319472,0.88064015,0.5944026733500417,0,0,15,0.5,0.92,0,1,1,0.89895767
patil nishikant subhash,nishikant s patil,1,patil nishikant subhash,nishikant s patil,patil nishikant subhash,nishikant s patil,0.8191289528248424,0.78151727,0.6892867291844275,0,0,12,0.5,0.94,0,1,1,0.89895767
date shashank sharad,shashank s date,1,date shashank sharad,shashank s date,date shashank sharad,shashank s date,0.8732941084849037,0.9371396,0.6850427350427349,0,0,10,0.5,0.93,0,1,1,0.89895767
pagare sunil dhansing,sunil d pagare,1,pagare sunil dhansing,sunil d pagare,pagare sunil dhansing,sunil d pagare,0.7349047581634324,0.73580873,0.7222222222222222,0,0,14,0.5,0.92,0,1,1,0.89895767
hussain zakir,zakir husain,1,hussain zakir,zakir husain,hussain zakir,zakir husain,0.8196095948789166,0.6685089,0.5644078144078144,0,0,11,0.3333333333333333,0.96,0,0,1,0.88654673
dipak ashok patil,dipak a patil,1,dipak ashok patil,dipak a patil,dipak ashok patil,dipak a patil,0.8285192837764566,0.6574144,0.9529411764705882,0,0,4,0.5,0.92,0,1,1,0.89880055
patil vaibhav dilip,dilip v patil,1,patil vaibhav dilip,dilip v patil,patil vaibhav dilip,dilip v patil,0.7374979112465715,0.7756121,0.687154950312845,0,0,13,0.5,0.92,0,1,1,0.89895767
mahajan bhavesh s,s b mahajan,1,mahajan bhavesh s,s b mahajan,mahajan bhavesh s,s b mahajan,0.6739809846624881,0.882159,0.6714200831847891,0,0,14,0.5,0.9,0,1,1,0.89895767
dinesh r s,dinesh r sonar,1,dinesh r s,dinesh r sonar,dinesh r s,dinesh r sonar,0.7025776960953304,0.6817449,0.9428571428571428,0,1,4,0.5,0.89,0,1,1,0.89880055
patil yogesh balaso,yogesh b patil,1,patil yogesh balaso,yogesh b patil,patil yogesh balaso,yogesh b patil,0.7368971190778889,0.7053686,0.6670084301663248,0,0,11,0.5,0.92,0,1,1,0.89895767
patil anuj krishna,anuj k patil,1,patil anuj krishna,anuj k patil,patil anuj krishna,anuj k patil,0.7850585205694439,0.77548456,0.7222222222222222,0,0,12,0.5,0.91,0,1,1,0.89895767
sarode devidas nathu,devidas n sarode,1,sarode devidas nathu,devidas n sarode,sarode devidas nathu,devidas n sarode,0.8838913382400705,0.8814983,0.6916666666666668,0,0,13,0.5,0.93,0,1,1,0.89895767
patil kundan vishwanath,kundan v patil,1,patil kundan vishwanath,kundan v patil,patil kundan vishwanath,kundan v patil,0.7148386628909975,0.63289845,0.7267080745341614,0,0,14,0.5,0.92,0,1,1,0.89895767
patil rahul pramod,pramod r patil,1,patil rahul pramod,pramod r patil,patil rahul pramod,pramod r patil,0.8265182960386038,0.71564853,0.5661375661375662,0,0,12,0.5,0.92,0,1,1,0.89895767
patil amit jagannath,jagannath a patil,1,patil amit jagannath,jagannath a patil,patil amit jagannath,jagannath a patil,0.8856461658965072,0.82405275,0.596078431372549,0,0,15,0.5,0.94,0,1,1,0.89895767
bhirud nilesh ramesh,nilesh r bhirud,1,bhirud nilesh ramesh,nilesh r bhirud,bhirud nilesh ramesh,nilesh r bhirud,0.8909806547657553,0.8406907,0.7611111111111111,0,0,14,0.5,0.93,0,1,1,0.89895767
gothwal nitin suresh,nitin s gothwal,1,gothwal nitin suresh,nitin s gothwal,gothwal nitin suresh,nitin s gothwal,0.8844947580206489,0.83044916,0.7833333333333333,0,0,15,0.5,0.93,0,1,1,0.89895767
patil harshal shrikant,harshal s patil,1,patil harshal shrikant,harshal s patil,patil harshal shrikant,harshal s patil,0.744816024767734,0.72181726,0.7606060606060606,0,0,13,0.5,0.93,0,1,1,0.89895767
pachpande tushar raghunath,tushar r pachpande,1,pachpande tushar raghunath,tushar r pachpande,pachpande tushar raghunath,tushar r pachpande,0.8142555068454861,0.8404802,0.7492877492877493,0,0,18,0.5,0.94,0,1,1,0.89895767
patil miss sonali sudhir,sudhir s patil,1,patil sonali sudhir,sudhir s patil,patil sonali sudhir,sudhir s patil,0.7630968512647457,0.7706051,0.4974937343358396,0,0,15,0.5,0.92,0,1,1,0.89895767
patil sandip bhaskar,bhaskar s patil,1,patil sandip bhaskar,bhaskar s patil,patil sandip bhaskar,bhaskar s patil,0.7916370159182722,0.83095694,0.5722222222222223,0,0,17,0.5,0.93,0,1,1,0.89895767
patel sagar vijay,vijay s patel,1,patel sagar vijay,vijay s patel,patel sagar vijay,vijay s patel,0.8040109195912303,0.88538903,0.4929110105580694,0,0,14,0.5,0.92,0,1,1,0.89895767
koli rajesh hiraman,rajesh h koli,1,koli rajesh hiraman,rajesh h koli,koli rajesh hiraman,rajesh h koli,0.7834364825556152,0.68667,0.6318488529014844,0,0,11,0.5,0.92,1,1,1,0.89895767
hadi azam m,m a hadi,1,hadi azam m,m a hadi,hadi azam m,m a hadi,0.6714996785542493,0.72255635,0.654040404040404,0,0,9,0.5,0.86,1,1,1,0.89895767
jatale prafulla vishwanath,prafulla v jatale,1,jatale prafulla vishwanath,prafulla v jatale,jatale prafulla vishwanath,prafulla v jatale,0.8275031525848597,0.6107216,0.7277526395173454,0,0,14,0.5,0.94,1,1,1,0.89895767
kolte rajeev prabhakar,rajeev p kolte,1,kolte rajeev prabhakar,rajeev p kolte,kolte rajeev prabhakar,rajeev p kolte,0.8249270692059425,0.83931935,0.735930735930736,0,0,14,0.5,0.92,0,1,1,0.89895767
tathe viraj suresh,suresh tathe,1,tathe viraj suresh,suresh tathe,tathe viraj suresh,suresh tathe,0.8332763269364762,0.64078236,0.662962962962963,0,0,15,0.6666666666666666,1.0,0,1,1,0.89895767
chandge abhijit manohar,abhijit m chandge,1,chandge abhijit manohar,abhijit m chandge,chandge abhijit manohar,abhijit m chandge,0.8579726363424142,0.8572656,0.7561807331628304,0,0,15,0.5,0.94,0,1,1,0.89895767
ghule ajit haribhau,ajit h ghule,1,ghule ajit haribhau,ajit h ghule,ghule ajit haribhau,ajit h ghule,0.698338922560358,0.81773067,0.7105263157894738,0,0,13,0.5,0.91,0,1,1,0.89895767
pradeep n takle,p n takle,1,pradeep n takle,p n takle,pradeep n takle,p n takle,0.80761318761579,0.8139648,0.78,0,0,6,0.5,0.88,0,1,1,0.89895767
vaidya prasad narayan,prasad n vaidya,1,vaidya prasad narayan,prasad n vaidya,vaidya prasad narayan,prasad n vaidya,0.8303646890798674,0.8083345,0.7714285714285715,0,0,12,0.5,0.93,1,1,1,0.89895767
rahul g,rahul gosawi,1,rahul g,rahul gosawi,rahul g,rahul gosawi,0.49512292819665454,0.7438463,0.9166666666666667,0,0,5,0.3333333333333333,0.83,0,1,1,0.84596896
saoji rajesh ramesh,rajesh r saoji,1,saoji rajesh ramesh,rajesh r saoji,saoji rajesh ramesh,rajesh r saoji,0.8837907225326187,0.85311955,0.6906850459482038,0,0,12,0.5,0.92,1,1,1,0.89895767
pawar ajay shrawan,ajay s pawar,1,pawar ajay shrawan,ajay s pawar,pawar ajay shrawan,ajay s pawar,0.7548151614834865,0.8240094,0.75,0,0,9,0.5,0.91,0,1,1,0.89895767
popatrao tekade nishikant,nishikant p tekade,1,popatrao tekade nishikant,nishikant p tekade,popatrao tekade nishikant,nishikant p tekade,0.7630995905570614,0.7892808,0.6192022792022792,0,0,20,0.5,0.94,0,1,1,0.89895767
maske rahul govind,govind maske,1,maske rahul govind,govind maske,maske rahul govind,govind maske,0.870450830386312,0.7354196,0.4444444444444444,0,0,17,0.6666666666666666,1.0,0,1,1,0.89895767
wagh abhay rangnathrao,abhay r wagh,1,wagh abhay rangnathrao,abhay r wagh,wagh abhay rangnathrao,abhay r wagh,0.6247445139639829,0.72827494,0.6818181818181818,0,0,13,0.5,0.91,0,1,1,0.89895767
motewar ashish sham,ashish s motewar,1,motewar ashish sham,ashish s motewar,motewar ashish sham,ashish s motewar,0.9217050512880491,0.78022444,0.5837719298245614,0,0,15,0.5,0.93,0,1,1,0.89895767
hazari deepak narsingh,deepak n hazari,1,hazari deepak narsingh,deepak n hazari,hazari deepak narsingh,deepak n hazari,0.7795906536451809,0.81996036,0.7383838383838383,0,0,14,0.5,0.93,1,1,1,0.89895767
chakkarwar vaibhav suresh,s v chakkarwar,1,chakkarwar vaibhav suresh,s v chakkarwar,chakkarwar vaibhav suresh,s v chakkarwar,0.680749726850154,0.7315536,0.6123809523809524,0,0,19,0.2,0.83,0,1,1,0.8983663
ingole harshal bhaskarrao,harshal b ingole,1,ingole harshal bhaskarrao,harshal b ingole,ingole harshal bhaskarrao,harshal b ingole,0.7454191015305985,0.6719529,0.7133333333333334,0,0,16,0.5,0.93,0,1,1,0.89895767
multani rekha kishore mrs,kishore multani,1,multani rekha kishore,kishore multani,multani rekha kishore,kishore multani,0.8786569651385946,0.79543674,0.6515873015873016,0,0,18,0.6666666666666666,1.0,1,1,1,0.89895767
biranjan suresh ramautar,suresh r biranjan,1,biranjan suresh ramautar,suresh r biranjan,biranjan suresh ramautar,suresh r biranjan,0.7388727552503832,0.80396956,0.7655228758169935,0,0,16,0.5,0.94,0,1,1,0.89895767
gujar mahendra surendra,mahendra s gujar,1,gujar mahendra surendra,mahendra s gujar,gujar mahendra surendra,mahendra s gujar,0.8679444947278921,0.8804804,0.6612318840579711,0,0,12,0.5,0.93,1,1,1,0.89895767
kate anand narayan,anand n kate,1,kate anand narayan,anand n kate,kate anand narayan,anand n kate,0.7746420329768012,0.70548534,0.75,0,0,10,0.5,0.91,0,1,1,0.89895767
dange anil sham rao,anil s dange,1,dange anil sham rao,anil s dange,dange anil sham rao,anil s dange,0.7979556520209081,0.6767343,0.7105263157894738,0,0,13,0.4,0.91,0,1,1,0.89895767
charde girish pralhadrao,girish p charde,1,charde girish pralhadrao,girish p charde,charde girish pralhadrao,girish p charde,0.6631033215551708,0.7282429,0.7194444444444444,0,0,13,0.5,0.93,0,1,1,0.89895767
deshpande kedar arun,k a deshpande,1,deshpande kedar arun,k a deshpande,deshpande kedar arun,k a deshpande,0.684975236314406,0.5692107,0.6472027972027972,0,0,15,0.2,0.82,0,1,1,0.89775467
patil mayur surendra,surendra m patil,1,patil mayur surendra,surendra m patil,patil mayur surendra,surendra m patil,0.7474618242400198,0.81703675,0.5083333333333333,0,0,18,0.5,0.93,1,1,1,0.89895767
saoji vikrant abay,vikrant a saoji,1,saoji vikrant abay,vikrant a saoji,saoji vikrant abay,vikrant a saoji,0.8343840188777082,0.8326343,0.6833333333333335,0,0,11,0.5,0.93,1,1,1,0.89895767
meshram aamol gajanan,aamol g meshram,1,meshram aamol gajanan,aamol g meshram,meshram aamol gajanan,aamol g meshram,0.8346180839136536,0.77520216,0.7492063492063492,0,0,15,0.5,0.93,0,1,1,0.89895767
joshi nilesh sharad,nilesh s joshi,1,joshi nilesh sharad,nilesh s joshi,joshi nilesh sharad,nilesh s joshi,0.8506011945415295,0.8551665,0.662907268170426,0,0,12,0.5,0.92,1,1,1,0.89895767
trivedi pravir mahesh,pravir m trivedi,1,trivedi pravir mahesh,pravir m trivedi,trivedi pravir mahesh,pravir m trivedi,0.8654504566512259,0.8613032,0.7748015873015873,0,0,15,0.5,0.93,1,1,1,0.89895767
chichkhede ashwin tikaram,ashwin t chichkhede,1,chichkhede ashwin tikaram,ashwin t chichkhede,chichkhede ashwin tikaram,ashwin t chichkhede,0.8799197002552039,0.81384945,0.7621052631578947,0,0,20,0.5,0.94,0,1,1,0.89895767
tembhurkar maohar bhagwan,m b tembhurkar,1,tembhurkar maohar bhagwan,m b tembhurkar,tembhurkar maohar bhagwan,m b tembhurkar,0.6933041516880183,0.8147192,0.6623443223443224,0,0,19,0.2,0.83,0,1,1,0.8983663
gedam nandkishor yadaorao,nandkishor y gedam,1,gedam nandkishor yadaorao,nandkishor y gedam,gedam nandkishor yadaorao,nandkishor y gedam,0.7728527697565277,0.88486737,0.6555555555555556,0,0,12,0.5,0.94,0,1,1,0.89895767
yewale anup suresh,s yewale,1,yewale anup suresh,s yewale,yewale anup suresh,s yewale,0.7292930643478537,0.7201021,0.6117724867724867,0,0,14,0.25,0.86,0,1,1,0.89895767
k harish,harish kamane,1,k harish,harish kamane,k harish,harish kamane,0.6287895246410955,0.7808161,0.6616300366300366,0,0,9,0.3333333333333333,0.86,0,1,1,0.89895767
kashyap shalvika vivek,vivek s kashyap,1,kashyap shalvika vivek,vivek s kashyap,kashyap shalvika vivek,vivek s kashyap,0.7768693706258271,0.7995308,0.6151515151515151,0,0,18,0.5,0.93,0,1,1,0.89895767
parate dilip shrihari,dilip s parate,1,parate dilip shrihari,dilip s parate,parate dilip shrihari,dilip s parate,0.7578007049173555,0.7410092,0.7222222222222222,0,0,13,0.5,0.92,0,1,1,0.89895767
patil prashant arun,prashant a patil,1,patil prashant arun,prashant a patil,patil prashant arun,prashant a patil,0.8453611935684738,0.7174697,0.7549812030075188,0,0,12,0.5,0.93,0,1,1,0.89895767
b yatish,yatish boralkar,1,b yatish,yatish boralkar,b yatish,yatish boralkar,0.5951970417816157,0.7119441,0.6376984126984128,0,0,11,0.3333333333333333,0.86,0,1,1,0.89895767
asia anand jagdish,anand j asia,1,asia anand jagdish,anand j asia,asia anand jagdish,anand j asia,0.6859591477651465,0.8661548,0.775,0,0,10,0.5,0.91,1,1,1,0.89895767
karale yogesh sarangdhar,yogesh s karale,1,karale yogesh sarangdhar,yogesh s karale,karale yogesh sarangdhar,yogesh s karale,0.7358156419449314,0.75183916,0.7194444444444444,0,0,15,0.5,0.93,0,1,1,0.89895767
ingle nitin janikrao,nitin j ingle,1,ingle nitin janikrao,nitin j ingle,ingle nitin janikrao,nitin j ingle,0.7601869166723514,0.6231047,0.7294871794871794,0,0,12,0.5,0.92,0,1,1,0.89895767
m shakeel,shakeel mirza,1,m shakeel,shakeel mirza,m shakeel,shakeel mirza,0.666124026061281,0.61142904,0.772079772079772,0,0,8,0.3333333333333333,0.88,0,1,1,0.89895767
shaikh kamil mustfa,kamil m shaikh,1,shaikh kamil mustfa,kamil m shaikh,shaikh kamil mustfa,kamil m shaikh,0.6665532773974917,0.86214834,0.7694235588972432,0,0,13,0.5,0.92,0,1,1,0.89895767
deole siddharth akaram,siddharth a deole,1,deole siddharth akaram,siddharth a deole,deole siddharth akaram,siddharth a deole,0.8847026506714188,0.831854,0.6532976827094474,0,0,12,0.5,0.94,0,1,1,0.89895767
bajad swati sandip,swati s bajad,1,bajad swati sandip,swati s bajad,bajad swati sandip,swati s bajad,0.8072977825264379,0.7719155,0.7792022792022792,0,0,12,0.5,0.92,1,1,1,0.89895767
sawarkar umesh anilrao,umesh a sawarkar,1,sawarkar umesh anilrao,umesh a sawarkar,sawarkar umesh anilrao,umesh a sawarkar,0.7534019353591063,0.807521,0.7632575757575758,0,0,16,0.5,0.93,0,1,1,0.89895767
tidke shriniket pramod,shriniket p tidke,1,tidke shriniket pramod,shriniket p tidke,tidke shriniket pramod,shriniket p tidke,0.884144413481589,0.899906,0.7673796791443851,0,0,12,0.5,0.94,0,1,1,0.89895767
jamthe ajinkya rajeev,ajinkya r jamthe,1,jamthe ajinkya rajeev,ajinkya r jamthe,jamthe ajinkya rajeev,ajinkya r jamthe,0.8877188708027267,0.8535795,0.6566697191697192,0,0,13,0.5,0.93,1,1,1,0.89895767
patil swapnil sunil,swapnil s patil,1,patil swapnil sunil,swapnil s patil,patil swapnil sunil,swapnil s patil,0.9015577352177444,0.85101044,0.723391812865497,0,0,10,0.5,0.93,0,1,1,0.89895767
kale abhay mohan,abhay m kale,1,kale abhay mohan,abhay m kale,kale abhay mohan,abhay m kale,0.840772310781872,0.8193964,0.6597222222222222,0,0,9,0.5,0.91,0,1,1,0.89895767
bhagat mangesh shivdas,mangesh s bhagat,1,bhagat mangesh shivdas,mangesh s bhagat,bhagat mangesh shivdas,mangesh s bhagat,0.7345399529136921,0.74241257,0.7632575757575758,0,0,13,0.5,0.93,0,1,1,0.89895767
buche aniket rameshrao,aniket r buche,1,buche aniket rameshrao,aniket r buche,buche aniket rameshrao,aniket r buche,0.8038495671352399,0.7022735,0.735930735930736,0,0,13,0.5,0.92,0,1,1,0.89895767
chhattani lokesh hariram,lokesh h chhattani,1,chhattani lokesh hariram,lokesh h chhattani,chhattani lokesh hariram,lokesh h chhattani,0.8496207939806714,0.887503,0.75,0,0,19,0.5,0.94,1,1,1,0.89895767
rakhunde sharad prakash,sharad p rakhunde,1,rakhunde sharad prakash,sharad p rakhunde,rakhunde sharad prakash,sharad p rakhunde,0.8723690463542885,0.82635856,0.7561807331628304,0,0,15,0.5,0.94,0,1,1,0.89895767
moon surabhi vijay,vijay s moon,1,moon surabhi vijay,vijay s moon,moon surabhi vijay,vijay s moon,0.7538532049130816,0.8361256,0.5370370370370371,0,0,16,0.5,0.91,0,1,1,0.89895767
papalkar mrs aruna virendra,aruna v papalkar,1,papalkar aruna virendra,aruna v papalkar,papalkar aruna virendra,aruna v papalkar,0.8088454916249272,0.7483262,0.7527173913043478,0,0,17,0.5,0.93,1,1,1,0.89895767
vyawahare kunal dinkar,d vyawahare,1,vyawahare kunal dinkar,d vyawahare,vyawahare kunal dinkar,d vyawahare,0.7112243582307908,0.76183337,0.6212121212121212,0,0,15,0.25,0.9,0,1,1,0.89895767
aparajita pandey,aprajita panday,1,aparajita pandey,aprajita panday,aparajita pandey,aprajita panday,0.5352550329410096,0.44207937,0.8766666666666667,1,1,2,0.0,0.9,1,0,1,0.8568151
phadnis ravindra v,r v phadnis,1,phadnis ravindra v,r v phadnis,phadnis ravindra v,r v phadnis,0.8268592283115441,0.74464095,0.6548821548821548,0,0,15,0.5,0.9,0,1,1,0.89895767
vij vinod kumar,v vinod kumar,1,vij vinod kumar,v vinod kumar,vij vinod kumar,v vinod kumar,0.8107386878136849,0.86591125,0.9369230769230769,0,0,2,0.5,0.93,0,1,1,0.89880055
roy sachin gurunath,s gurunath,1,roy sachin gurunath,s gurunath,roy sachin gurunath,s gurunath,0.680761033099058,0.65797967,0.5466165413533834,0,0,9,0.25,0.89,0,1,1,0.89895767
nagur basavaraj,basavaraju r n,1,nagur basavaraj,basavaraju r n,nagur basavaraj,basavaraju r n,0.6088994434478195,0.7758064,0.7468253968253968,0,0,11,0.0,0.83,0,0,1,0.8372107
k bharath,c bharath kumar,1,k bharath,c bharath kumar,k bharath,c bharath kumar,0.7715625653547871,0.7903302,0.8074074074074074,0,0,7,0.25,0.88,0,1,1,0.89895767
patil miss sangeeta ramrao,sangeeta r patil,1,patil sangeeta ramrao,sangeeta r patil,patil sangeeta ramrao,sangeeta r patil,0.7901656306483686,0.76801956,0.6566697191697192,0,0,12,0.5,0.93,1,1,1,0.89895767
patil ms deepa surendra,surendra patil,1,patil deepa surendra,surendra patil,patil deepa surendra,surendra patil,0.8329403685888745,0.70984423,0.5714285714285715,0,0,17,0.6666666666666666,1.0,1,1,1,0.89895767
mandal tiyasha,tiyasha mondal,1,mandal tiyasha,tiyasha mondal,mandal tiyasha,tiyasha mondal,0.8172556638689635,0.6080868,0.5238095238095238,0,0,13,0.3333333333333333,0.93,1,0,1,0.7413408
mandal sourav,sourav mondal,1,mandal sourav,sourav mondal,mandal sourav,sourav mondal,0.7989640481184769,0.5326909,0.5384615384615384,0,0,9,0.3333333333333333,0.92,0,0,1,0.7301133
s nasreen,sabuhi nasreen,1,s nasreen,sabuhi nasreen,s nasreen,sabuhi nasreen,0.6575657543866041,0.70063865,0.8595238095238095,0,0,5,0.3333333333333333,0.88,0,1,1,0.89880055
sai prasad g,sai prasad gopal,1,sai prasad g,sai prasad gopal,sai prasad g,sai prasad gopal,0.7276060976524412,0.8531448,0.95,0,1,4,0.5,0.91,1,1,1,0.89880055
praveen kumar s,s praveen,1,praveen kumar s,s praveen,praveen kumar s,s praveen,0.8659679607982192,0.64416957,0.6824074074074074,0,0,10,0.6666666666666666,1.0,0,1,1,0.89895767
p swaroop,preethi swaroop,1,p swaroop,preethi swaroop,p swaroop,preethi swaroop,0.753160706593884,0.6723579,0.8133333333333334,0,0,6,0.3333333333333333,0.88,0,1,1,0.89895767
priti reddy c s,c p reddy,1,priti reddy c s,c p reddy,priti reddy c s,c p reddy,0.6860586216405472,0.78956497,0.7005291005291006,0,0,9,0.4,0.88,0,1,1,0.89895767
sanjana saxena,saxena s,1,sanjana saxena,saxena s,sanjana saxena,saxena s,0.7908969277819501,0.72417116,0.7809523809523811,0,0,8,0.3333333333333333,0.86,1,1,1,0.89895767
pranay k,n pranay kumar dr,1,pranay k,n pranay kumar,pranay k,n pranay kumar,0.7985911320085703,0.729354,0.7321428571428571,0,0,6,0.25,0.86,0,1,1,0.89895767
d raghavendra,raghavendra deshmukh,1,d raghavendra,raghavendra deshmukh,d raghavendra,raghavendra deshmukh,0.7092810319962746,0.77818954,0.6743589743589743,0,0,11,0.3333333333333333,0.92,1,1,1,0.89895767
siddharth s,siddhartha saive,1,siddharth s,siddhartha saive,siddharth s,siddhartha saive,0.6399036097467459,0.7412195,0.9375,0,1,5,0.0,0.81,0,0,1,0.8659629
banoth reddy,b reddy,1,banoth reddy,b reddy,banoth reddy,b reddy,0.5696707196146962,0.8033941,0.875,0,0,5,0.3333333333333333,0.83,0,1,1,0.89880055
abhijith v,abhijit,1,abhijith v,abhijit,abhijith v,abhijit,0.8091052465238328,0.82612014,0.9400000000000001,0,1,3,0.0,0.82,0,0,1,0.88236624
ashwin g,ashwin giridhar,1,ashwin g,ashwin giridhar,ashwin g,ashwin giridhar,0.6493690644898884,0.7367554,0.9066666666666666,0,1,7,0.3333333333333333,0.86,0,1,1,0.89880055
v gautam kumar,gautam,1,v gautam kumar,gautam,v gautam kumar,gautam,0.854801518593199,0.59420204,0.8095238095238096,0,0,8,0.3333333333333333,1.0,0,0,1,0.8558908
v hemanth kumar,hemanth v,1,v hemanth kumar,hemanth v,v hemanth kumar,hemanth v,0.8940088381318143,0.69976723,0.6407407407407407,0,0,7,0.6666666666666666,1.0,0,1,1,0.89895767
bathula kousalya,b kousalya,1,bathula kousalya,b kousalya,bathula kousalya,b kousalya,0.7650821613714105,0.70459837,0.7675000000000001,0,0,6,0.3333333333333333,0.89,1,1,1,0.89895767
d maheshwar,maheswar,1,d maheshwar,maheswar,d maheshwar,maheswar,0.5719530618711595,0.6042473,0.9090909090909092,0,0,3,0.0,0.84,0,0,1,0.881361
ku v n sridevi,k sridevi,1,ku v n sridevi,k sridevi,ku v n sridevi,k sridevi,0.8460939661326188,0.7903435,0.7928571428571428,0,0,5,0.2,0.88,1,1,1,0.8983663
goveen m,goveen manda,1,goveen m,goveen manda,goveen m,goveen manda,0.8336972187079719,0.73906493,0.9333333333333333,0,1,4,0.3333333333333333,0.86,0,1,1,0.89880055
narayanan s,narayana,1,narayanan s,narayana,narayanan s,narayana,0.8465239964385489,0.825822,0.9454545454545455,0,0,3,0.0,0.84,0,0,1,0.88236624
r rajeshwari,rajeswari,1,r rajeshwari,rajeswari,r rajeshwari,rajeswari,0.6006209466442978,0.85037917,0.825,0,0,3,0.0,0.86,1,0,1,0.86603874
athram sudhakar,sudhakar a,1,athram sudhakar,sudhakar a,athram sudhakar,sudhakar a,0.688861495713724,0.7861459,0.5555555555555555,0,0,9,0.3333333333333333,0.89,0,1,1,0.89895767
mohan r,mohan rao b,1,mohan r,mohan rao b,mohan r,mohan rao b,0.6985894485737706,0.79448366,0.9272727272727272,0,0,4,0.25,0.83,0,1,1,0.89880055
ashwin r,ashwin reddy,1,ashwin r,ashwin reddy,ashwin r,ashwin reddy,0.762149798273465,0.6717704,0.9333333333333333,0,1,4,0.3333333333333333,0.86,0,1,1,0.89880055
keerthi k,keerthi karanam,1,keerthi k,keerthi karanam,keerthi k,keerthi karanam,0.7785301333299794,0.8031259,0.92,0,1,6,0.3333333333333333,0.88,1,1,1,0.89880055
r namratha,namratha rao,1,r namratha,namratha rao,r namratha,namratha rao,0.8671961380306311,0.7866308,0.7351851851851853,0,0,6,0.3333333333333333,0.91,1,1,1,0.89895767
v nihanth reddy,v n reddy,1,v nihanth reddy,v n reddy,v nihanth reddy,v n reddy,0.5970271629609347,0.8949473,0.9066666666666667,0,0,6,0.5,0.88,0,1,1,0.89880055
p anjana,anjan pal,1,p anjana,anjan pal,p anjana,anjan pal,0.6047772251355354,0.5353787,0.8055555555555555,0,0,5,0.0,0.82,0,0,1,0.84685117
jadi suresh,j suresh,1,jadi suresh,j suresh,jadi suresh,j suresh,0.6370484693749692,0.6894973,0.9181818181818182,0,0,3,0.3333333333333333,0.86,0,1,1,0.89880055
s krishnakumari,krishnakumar,1,s krishnakumari,krishnakumar,s krishnakumari,krishnakumar,0.8939453145393882,0.9097038,0.8777777777777778,0,0,3,0.0,0.89,0,0,1,0.8810197
macherla ramani,ramana macharla,1,macherla ramani,ramana macharla,macherla ramani,ramana macharla,0.5694642016173636,0.8725802,0.6222222222222222,0,0,12,0.0,0.87,1,0,1,0.83958846
madaka manohar reddy,m manohar reddy,1,madaka manohar reddy,m manohar reddy,madaka manohar reddy,m manohar reddy,0.7613400337181804,0.8521183,0.865,0,0,5,0.5,0.93,0,1,1,0.89880055
palusa rajini,p rajini,1,palusa rajini,p rajini,palusa rajini,p rajini,0.5834036573160833,0.7796903,0.8471153846153847,0,0,5,0.3333333333333333,0.86,1,1,1,0.8989275
raghavendra k,raghavendra kumar m,1,raghavendra k,raghavendra kumar m,raghavendra k,raghavendra kumar m,0.8935033114554576,0.7466551,0.9368421052631579,0,1,6,0.25,0.92,1,1,1,0.89880055
varala rajeshwari,rajeshwari v,1,varala rajeshwari,rajeshwari v,varala rajeshwari,rajeshwari v,0.7554383249832586,0.7304921,0.7030600118835414,0,0,9,0.3333333333333333,0.91,1,1,1,0.89895767
tushar k naik,tushar n,1,tushar k naik,tushar n,tushar k naik,tushar n,0.7395451931498256,0.82109046,0.9230769230769231,0,0,5,0.25,0.86,0,1,1,0.89880055
nalluri bhanu teja,bhanu teja n,1,nalluri bhanu teja,bhanu teja n,nalluri bhanu teja,bhanu teja n,0.6976264316567389,0.79474986,0.7222222222222222,0,0,10,0.5,0.91,1,1,1,0.89895767
komal dhanraj,dhanraj k,1,komal dhanraj,dhanraj k,komal dhanraj,dhanraj k,0.7290422578386353,0.8799557,0.4102564102564103,0,0,8,0.3333333333333333,0.88,0,1,1,0.89895767
kavitha c,cvn kavitha,1,kavitha c,cvn kavitha,kavitha c,cvn kavitha,0.6215931275073311,0.8009114,0.7053872053872053,0,0,6,0.3333333333333333,0.9,1,1,1,0.89895767
k padma sri,padma s,1,k padma sri,padma s,k padma sri,padma s,0.8043186592972495,0.797307,0.735930735930736,0,0,4,0.25,0.83,1,1,1,0.89895767
s karthik,karthik sunki,1,s karthik,karthik sunki,s karthik,karthik sunki,0.6672005208735211,0.7156771,0.772079772079772,0,0,8,0.3333333333333333,0.88,0,1,1,0.89895767
gururaj pramod,g pramod,1,gururaj pramod,g pramod,gururaj pramod,g pramod,0.6195455442564883,0.59927607,0.7964285714285714,0,0,6,0.3333333333333333,0.86,0,1,1,0.89895767
shalini m,shalini melhotra,1,shalini m,shalini melhotra,shalini m,shalini melhotra,0.5307390354903105,0.78983754,0.9125,0,1,7,0.3333333333333333,0.88,1,1,1,0.8939444
kola sanjeev,sanjeev k,1,kola sanjeev,sanjeev k,kola sanjeev,sanjeev k,0.7326502905314595,0.8140328,0.7268518518518517,0,0,7,0.3333333333333333,0.88,0,1,1,0.89895767
m naveen kumar,naveen k,1,m naveen kumar,naveen k,m naveen kumar,naveen k,0.812469239343593,0.6125071,0.7321428571428571,0,0,6,0.25,0.86,0,1,1,0.89895767
saritha a,saritha ankura,1,saritha a,saritha ankura,saritha a,saritha ankura,0.6574402883977467,0.81042963,0.9285714285714286,0,0,5,0.3333333333333333,0.88,1,1,1,0.89880055
r sirisha,sirisha rani,1,r sirisha,sirisha rani,r sirisha,sirisha rani,0.8388239423228497,0.75793016,0.6851851851851851,0,0,7,0.3333333333333333,0.88,1,1,1,0.89895767
m shireesha,sireesha,1,m shireesha,sireesha,m shireesha,sireesha,0.6627300328336587,0.56155246,0.8257575757575758,0,0,3,0.0,0.84,1,0,1,0.86491543
k c sai prasad reddy,c r k prasad,1,k c sai prasad reddy,c r k prasad,k c sai prasad reddy,c r k prasad,0.6558538807241807,0.7739126,0.7277777777777779,0,0,11,0.5,0.91,0,1,1,0.89895767
c ravali sai,ravali s,1,c ravali sai,ravali s,c ravali sai,ravali s,0.7952570089019937,0.7172635,0.7638888888888888,0,0,4,0.25,0.86,1,1,1,0.89895767
shetty mallikarjuna,mallikarjun s,1,shetty mallikarjuna,mallikarjun s,shetty mallikarjuna,mallikarjun s,0.7332302304047983,0.7906845,0.7126630679262259,0,0,9,0.0,0.81,0,0,1,0.83794796
p vinod kumar reddy,v reddy,1,p vinod kumar reddy,v reddy,p vinod kumar reddy,v reddy,0.5793431972519753,0.74088573,0.4177109440267335,0,0,12,0.2,0.83,0,1,1,0.8983663
n aishwarya,aishwarya nupur,1,n aishwarya,aishwarya nupur,n aishwarya,aishwarya nupur,0.7055610836628402,0.79806787,0.806060606060606,0,0,8,0.3333333333333333,0.9,1,1,1,0.89895767
badavath rajender,rajender b,1,badavath rajender,rajender b,badavath rajender,rajender b,0.6444126225791864,0.7744393,0.5313725490196078,0,0,11,0.3333333333333333,0.89,0,1,1,0.89895767
jagtap nitin gopinath,nitin g jagtap,1,jagtap nitin gopinath,nitin g jagtap,jagtap nitin gopinath,nitin g jagtap,0.7841807883096831,0.745721,0.7222222222222222,0,0,14,0.5,0.92,0,1,1,0.89895767
bandaru rajitha,r bandaru,1,bandaru rajitha,r bandaru,bandaru rajitha,r bandaru,0.7475330159737437,0.66768694,0.7185185185185187,0,0,10,0.3333333333333333,0.88,0,1,1,0.89895767
karri sandeep reddy,sandeep reddy k,1,karri sandeep reddy,sandeep reddy k,karri sandeep reddy,sandeep reddy k,0.751526478394267,0.86659044,0.7472013366750208,0,0,8,0.5,0.93,0,1,1,0.89895767
pradeep simha k,pradeep simha karur,1,pradeep simha k,pradeep simha karur,pradeep simha k,pradeep simha karur,0.8023324286974202,0.79306495,0.9578947368421054,0,1,4,0.5,0.93,1,1,1,0.89880055
baddam kalyan,b kalyan,1,baddam kalyan,b kalyan,baddam kalyan,b kalyan,0.6331057564976512,0.65990525,0.7721153846153846,0,0,5,0.3333333333333333,0.86,0,1,1,0.89895767
yaggadi srilatha,srilatha y,1,yaggadi srilatha,srilatha y,yaggadi srilatha,srilatha y,0.6446958927722196,0.7910987,0.4666666666666666,0,0,10,0.3333333333333333,0.89,1,1,1,0.89895767
baranitharan s,bharanitharan se,1,baranitharan s,bharanitharan se,baranitharan s,bharanitharan se,0.737153982605422,0.5772778,0.8982142857142856,0,1,2,0.0,0.93,0,0,1,0.88466483
syeda hafsa,s hafsa,1,syeda hafsa,s hafsa,syeda hafsa,s hafsa,0.7417432375573958,0.66704166,0.7623376623376624,0,0,4,0.3333333333333333,0.83,1,1,1,0.89895767
sana mazhar,mazhar s,1,sana mazhar,mazhar s,sana mazhar,mazhar s,0.8662965453667375,0.78141916,0.5492424242424242,0,0,7,0.3333333333333333,0.86,0,1,1,0.89895767
k rajesh,rajesh khanna,1,k rajesh,rajesh khanna,k rajesh,rajesh khanna,0.6318638802951125,0.7510992,0.6616300366300366,0,0,9,0.3333333333333333,0.86,0,1,1,0.89895767
kuduka jyothi,jyothi k,1,kuduka jyothi,jyothi k,kuduka jyothi,jyothi k,0.6376835594465222,0.7911483,0.30128205128205127,0,0,9,0.3333333333333333,0.86,1,1,1,0.89895767
nimrah muneer,muneer,1,nimrah muneer,muneer,nimrah muneer,muneer,0.6707400115279096,0.6858697,0.46581196581196577,0,0,7,0.5,1.0,0,0,1,0.82531995
reddy pasham naveen,p naveen reddy,1,reddy pasham naveen,p naveen reddy,reddy pasham naveen,p naveen reddy,0.7889908866099256,0.8540777,0.5391604010025063,0,0,16,0.5,0.92,0,1,1,0.89895767
rudra pradeep kumar,pradeep r,1,rudra pradeep kumar,pradeep r,rudra pradeep kumar,pradeep r,0.6399166500546615,0.5395869,0.6764132553606238,0,0,10,0.25,0.88,0,1,1,0.89895767
keelu sarala,sarala k,1,keelu sarala,sarala k,keelu sarala,sarala k,0.6043115150162612,0.7260572,0.5277777777777778,0,0,8,0.3333333333333333,0.86,1,1,1,0.89895767
gajjela uday kiran,uday kiran g,1,gajjela uday kiran,uday kiran g,gajjela uday kiran,uday kiran g,0.6162176074457304,0.8460838,0.6910774410774411,0,0,10,0.5,0.91,0,1,1,0.89895767
boddewar yogesh,b yogesh,1,boddewar yogesh,b yogesh,boddewar yogesh,b yogesh,0.5631986080171355,0.79484296,0.525,0,0,7,0.3333333333333333,0.86,0,1,1,0.89895767
r s jaya laxmi,laxmi s,1,r s jaya laxmi,laxmi s,r s jaya laxmi,laxmi s,0.8337106403937963,0.66322744,0.43650793650793646,0,0,11,0.5,1.0,1,1,1,0.89895767
r naveen,naveen raj,1,r naveen,naveen raj,r naveen,naveen raj,0.8571943907748462,0.67464393,0.7833333333333333,0,0,6,0.3333333333333333,0.89,0,1,1,0.89895767
reddi sruthi,sruthi reddy,1,reddi sruthi,sruthi reddy,reddi sruthi,sruthi reddy,0.7971457638477125,0.5100043,0.5555555555555555,0,0,9,0.3333333333333333,0.92,1,0,1,0.7301133
banoth kavitha,b kavitha,1,banoth kavitha,b kavitha,banoth kavitha,b kavitha,0.6502240501034816,0.7332381,0.7595238095238096,0,0,5,0.3333333333333333,0.88,1,1,1,0.89895767
kola mamatha,mamatha k,1,kola mamatha,mamatha k,kola mamatha,mamatha k,0.7136382732301496,0.788087,0.7268518518518517,0,0,7,0.3333333333333333,0.88,1,1,1,0.89895767
sandilla nagamani,s nagamani,1,sandilla nagamani,s nagamani,sandilla nagamani,s nagamani,0.6473455928963711,0.72801834,0.786470588235294,0,0,7,0.3333333333333333,0.89,1,1,1,0.89895767
v sameer kumar reddy,v s reddy,1,v sameer kumar reddy,v s reddy,v sameer kumar reddy,v s reddy,0.606520705212714,0.7692177,0.6,0,0,11,0.4,0.88,0,1,1,0.89895767
k naresh,naresh kr goel,1,k naresh,naresh kr goel,k naresh,naresh kr goel,0.5830104854508145,0.6722426,0.6488095238095238,0,0,10,0.25,0.86,0,1,1,0.89895767
rahul roy k,k roy,1,rahul roy k,k roy,rahul roy k,k roy,0.6802277724914588,0.69752705,0.6378787878787878,0,0,7,0.6666666666666666,1.0,0,1,1,0.89895767
patil ritu,r patil,1,patil ritu,r patil,patil ritu,r patil,0.6333885088287955,0.70184934,0.6523809523809524,0,0,7,0.3333333333333333,0.83,0,1,1,0.89895767
kothuri madhavi,k madhavi,1,kothuri madhavi,k madhavi,kothuri madhavi,k madhavi,0.6253916642129829,0.82125604,0.7466666666666668,0,0,6,0.3333333333333333,0.88,1,1,1,0.89895767
kurra sandeep,k sandeep,1,kurra sandeep,k sandeep,kurra sandeep,k sandeep,0.6207085992778448,0.76047456,0.8743589743589743,0,0,4,0.3333333333333333,0.88,0,1,1,0.89880055
peddy komala,komala,1,peddy komala,komala,peddy komala,komala,0.7176087903667338,0.6656979,0.4166666666666667,0,0,6,0.5,1.0,1,0,1,0.82542205
vuppu sai kiran,sai kiran v,1,vuppu sai kiran,sai kiran v,vuppu sai kiran,sai kiran v,0.5746154044015551,0.8630175,0.6919191919191919,0,0,8,0.5,0.9,1,1,1,0.89895767
k shireesha,sireesha,1,k shireesha,sireesha,k shireesha,sireesha,0.6643001973174553,0.5628431,0.8257575757575758,0,0,3,0.0,0.84,1,0,1,0.86491543
gundala laxmi,g laxmi,1,gundala laxmi,g laxmi,gundala laxmi,g laxmi,0.6951984940626881,0.67975324,0.442002442002442,0,0,6,0.3333333333333333,0.83,1,1,1,0.89895767
mannem roopa,roopa m,1,mannem roopa,roopa m,mannem roopa,roopa m,0.6724460531479411,0.6525388,0.44841269841269843,0,0,9,0.3333333333333333,0.83,1,1,1,0.89895767
s divya,sri divya,1,s divya,sri divya,s divya,sri divya,0.830055012678283,0.7023972,0.8904761904761904,0,0,2,0.3333333333333333,0.88,1,1,1,0.89880055
banoth vijay,b vijay,1,banoth vijay,b vijay,banoth vijay,b vijay,0.5470288302530951,0.82367086,0.7892857142857144,0,0,5,0.3333333333333333,0.83,0,1,1,0.8944135
ramkumar t,ramkumar tirandas,1,ramkumar t,ramkumar tirandas,ramkumar t,ramkumar tirandas,0.64115270140442,0.8030312,0.9176470588235295,0,1,7,0.3333333333333333,0.89,0,1,1,0.89880055
pappu sai subrahmanyam,s subrahmanyam,1,pappu sai subrahmanyam,s subrahmanyam,pappu sai subrahmanyam,s subrahmanyam,0.7179691416827115,0.6345823,0.735930735930736,0,0,8,0.25,0.92,0,1,1,0.89895767
swetha s,sj swetha,1,swetha s,sj swetha,swetha s,sj swetha,0.7579139079659762,0.8076738,0.825,0,0,5,0.3333333333333333,0.94,1,1,1,0.89895767
n satish kumar,satish k,1,n satish kumar,satish k,n satish kumar,satish k,0.7929490828333268,0.6078483,0.7321428571428571,0,0,6,0.25,0.86,0,1,1,0.89895767
barla nagaraju,nagaraju b,1,barla nagaraju,nagaraju b,barla nagaraju,nagaraju b,0.7036548471535617,0.8166584,0.6994708994708995,0,0,8,0.3333333333333333,0.89,0,1,1,0.89895767
nandi srinath,n srinath,1,nandi srinath,n srinath,nandi srinath,n srinath,0.7588220312470692,0.78238267,0.8076923076923077,0,0,4,0.3333333333333333,0.88,0,1,1,0.89895767
m aditya,aditya mani,1,m aditya,aditya mani,m aditya,aditya mani,0.8670387629021495,0.79124117,0.7651515151515151,0,0,7,0.3333333333333333,0.86,1,1,1,0.89895767
g rajitha,rajitha gujjari,1,g rajitha,rajitha gujjari,g rajitha,rajitha gujjari,0.5384448905598038,0.7715062,0.6407407407407407,0,0,10,0.3333333333333333,0.88,1,1,1,0.8939444
boda mahalaxmi nayak,n mahalaxmi,1,boda mahalaxmi nayak,n mahalaxmi,boda mahalaxmi nayak,n mahalaxmi,0.6900270144470937,0.68800974,0.7030303030303031,0,0,10,0.25,0.9,1,1,1,0.89895767
lakshmi priya d,p lakshmi,1,lakshmi priya d,p lakshmi,lakshmi priya d,p lakshmi,0.7665273459725424,0.8030355,0.6407407407407407,0,0,10,0.25,0.88,1,1,1,0.89895767
subimal bhattacharjee,s bhattacharjee,1,subimal bhattacharjee,s bhattacharjee,subimal bhattacharjee,s bhattacharjee,0.7573798640489872,0.8293649,0.8342857142857144,0,0,6,0.3333333333333333,0.93,0,1,1,0.89895767
dhodle supriya,supriya dodle,1,dhodle supriya,supriya dodle,dhodle supriya,supriya dodle,0.7289693130123079,0.6302268,0.26556776556776557,0,0,13,0.3333333333333333,0.96,1,0,1,0.88654673
gummadi shirisha,sirisha gumadi,1,gummadi shirisha,sirisha gumadi,gummadi shirisha,sirisha gumadi,0.6099826590695361,0.62657005,0.6130952380952381,0,0,14,0.0,0.93,1,0,1,0.8649133
duppala pushpalatha,d pushpalatha,1,duppala pushpalatha,d pushpalatha,duppala pushpalatha,d pushpalatha,0.7673735036425505,0.83931756,0.7898785425101215,0,0,6,0.3333333333333333,0.92,1,1,1,0.89895767
sakeena hussain,s hussain,1,sakeena hussain,s hussain,sakeena hussain,s hussain,0.6916047141039973,0.7303317,0.7466666666666668,0,0,6,0.3333333333333333,0.88,0,1,1,0.89895767
kallem sowmya reddy,k sowmya reddy,1,kallem sowmya reddy,k sowmya reddy,kallem sowmya reddy,k sowmya reddy,0.7481980474663793,0.88214076,0.8139097744360902,0,0,5,0.5,0.92,1,1,1,0.89895767
t sri harsha,sri harsha talluri,1,t sri harsha,sri harsha talluri,t sri harsha,sri harsha talluri,0.6475691065697811,0.8318248,0.6910774410774411,0,0,10,0.5,0.91,1,1,1,0.89895767
abhishek p,abhishek patel,1,abhishek p,abhishek patel,abhishek p,abhishek patel,0.7848717616597534,0.6128681,0.9428571428571428,0,1,4,0.3333333333333333,0.89,0,1,1,0.89880055
ajit kumar azad,azad,1,ajit kumar azad,azad,ajit kumar azad,azad,0.7370248224571188,0.65673655,0.5444444444444444,0,0,11,0.3333333333333333,1.0,0,0,1,0.8850593
r vishnu vardhan,vishnu vardhan reddy,1,r vishnu vardhan,vishnu vardhan reddy,r vishnu vardhan,vishnu vardhan reddy,0.8581736032568164,0.851932,0.7666666666666666,0,0,8,0.5,0.93,0,1,1,0.89895767
sandhya gandla,g sandhya,1,sandhya gandla,g sandhya,sandhya gandla,g sandhya,0.66016516356987,0.7832656,0.6534391534391534,0,0,9,0.3333333333333333,0.88,1,1,1,0.89895767
bandaru jyothsna,jyothsna b,1,bandaru jyothsna,jyothsna b,bandaru jyothsna,jyothsna b,0.8042609461680429,0.77232146,0.3847222222222222,0,0,10,0.3333333333333333,0.89,1,1,1,0.89895767
sunil kumar erra,sunil e,1,sunil kumar erra,sunil e,sunil kumar erra,sunil e,0.5375914341294058,0.6425029,0.8875,0,0,9,0.25,0.83,0,1,1,0.8939444
shivaraj reddy kandala,k shivaraj reddy,1,shivaraj reddy kandala,k shivaraj reddy,shivaraj reddy kandala,k shivaraj reddy,0.8005571879147183,0.8398668,0.717550505050505,0,0,10,0.5,0.93,0,1,1,0.89895767
rayila kalyan kumar,kalyan kumar r,1,rayila kalyan kumar,kalyan kumar r,rayila kalyan kumar,kalyan kumar r,0.682836557323812,0.8302965,0.7170811644495855,0,0,9,0.5,0.92,0,1,1,0.89895767
a muthu lakshmi,m lakshmi,1,a muthu lakshmi,m lakshmi,a muthu lakshmi,m lakshmi,0.7204269832718927,0.79335403,0.7555555555555555,0,0,6,0.25,0.88,1,1,1,0.89895767
kuruva raghunath,k raghunath,1,kuruva raghunath,k raghunath,kuruva raghunath,k raghunath,0.6957902778423807,0.84980386,0.8244318181818183,0,0,5,0.3333333333333333,0.9,0,1,1,0.89895767
gutam lavanya,g lavanya,1,gutam lavanya,g lavanya,gutam lavanya,g lavanya,0.7048103707681042,0.7707499,0.7743589743589744,0,0,4,0.3333333333333333,0.88,1,1,1,0.89895767
bharat narsing rao ghogre,g narsing rao,1,bharat narsing rao ghogre,g narsing rao,bharat narsing rao ghogre,g narsing rao,0.6333009304233641,0.7259853,0.6621367521367522,0,0,13,0.4,0.92,0,1,1,0.89895767
karthik s,karthik sunki,1,karthik s,karthik sunki,karthik s,karthik sunki,0.6672005208735211,0.6879443,0.9384615384615385,0,1,4,0.3333333333333333,0.88,0,1,1,0.89880055
mohammad mahaboob,mohammed mahboob ali,1,mohammad mahaboob,mohammed mahboob ali,mohammad mahaboob,mohammed mahboob ali,0.5545696242589314,0.7083781,0.8982352941176471,0,1,6,0.0,0.81,0,0,1,0.8581416
mohammed farhan,farhan mohammad,1,mohammed farhan,farhan mohammad,mohammed farhan,farhan mohammad,0.7953838568003391,0.9285238,0.5222222222222223,0,0,12,0.3333333333333333,0.93,0,0,1,0.7413408
kukkala vikram,k vikram,1,kukkala vikram,k vikram,kukkala vikram,k vikram,0.5777852301090453,0.8564645,0.7589285714285714,0,0,6,0.3333333333333333,0.86,0,1,1,0.89895767
raghuveer machiraju,m raghuveer,1,raghuveer machiraju,m raghuveer,raghuveer machiraju,m raghuveer,0.7250049295249484,0.77713937,0.6784688995215311,0,0,12,0.3333333333333333,0.9,0,1,1,0.89895767
sanjay mithare,m sanjay,1,sanjay mithare,m sanjay,sanjay mithare,m sanjay,0.6162280611827134,0.80472064,0.6488095238095238,0,0,10,0.3333333333333333,0.86,0,1,1,0.89895767
vidap sunil manohar,m sunil vidap,1,vidap sunil manohar,m sunil vidap,vidap sunil manohar,m sunil vidap,0.8145785769368847,0.86491716,0.684885290148448,0,0,11,0.5,0.92,0,1,1,0.89895767
mothukuri tharangini,tharangini m,1,mothukuri tharangini,tharangini m,mothukuri tharangini,tharangini m,0.6533158442043656,0.72337013,0.6055555555555555,0,0,12,0.3333333333333333,0.91,1,1,1,0.89895767
jeripeti neeraja,j neeraja,1,jeripeti neeraja,j neeraja,jeripeti neeraja,j neeraja,0.5462998852615084,0.7630938,0.8020833333333333,0,0,7,0.3333333333333333,0.88,1,1,1,0.8944135
singapaka rajender,s rajender,1,singapaka rajender,s rajender,singapaka rajender,s rajender,0.5977257902629737,0.6832417,0.7766666666666667,0,0,8,0.3333333333333333,0.89,0,1,1,0.89895767
divya s,sri divya,1,divya s,sri divya,divya s,sri divya,0.830055012678283,0.7018319,0.5026455026455027,0,0,6,0.3333333333333333,0.88,1,1,1,0.89895767
himabindu talluri,t himabindu,1,himabindu talluri,t himabindu,himabindu talluri,t himabindu,0.7363768063466485,0.79309416,0.7825311942959002,0,0,10,0.3333333333333333,0.9,0,1,1,0.89895767
vignesh n,vignesh naidu y,1,vignesh n,vignesh naidu y,vignesh n,vignesh naidu y,0.7239269343428893,0.7604472,0.92,0,1,6,0.25,0.88,0,1,1,0.89880055
gajji avinash,g avinash,1,gajji avinash,g avinash,gajji avinash,g avinash,0.6072908144378978,0.6977924,0.8076923076923077,0,0,4,0.3333333333333333,0.88,0,1,1,0.89895767
vadlamudy vinay,vinay vadlamudi,1,vadlamudy vinay,vinay vadlamudi,vadlamudy vinay,vinay vadlamudi,0.8121046042524812,0.9019281,0.8046153846153846,0,0,12,0.3333333333333333,0.93,0,0,1,0.640549
karanam pranoty,pranoty,1,karanam pranoty,pranoty,karanam pranoty,pranoty,0.8190425322938051,0.65130925,0.4317460317460317,0,0,8,0.5,1.0,0,0,1,0.8655645
pamidi sainath,p sainath,1,pamidi sainath,p sainath,pamidi sainath,p sainath,0.6033694100749707,0.7474257,0.7928571428571428,0,0,5,0.3333333333333333,0.88,0,1,1,0.89895767
devarashetty sravya,shravya deverashetty,1,devarashetty sravya,shravya deverashetty,devarashetty sravya,shravya deverashetty,0.6470285589337459,0.61748654,0.8009746588693957,0,0,16,0.0,0.92,1,0,1,0.8649133
bhukya rajashekar,b rajashekar,1,bhukya rajashekar,b rajashekar,bhukya rajashekar,b rajashekar,0.6611619691812718,0.897246,0.8117647058823529,0,0,5,0.3333333333333333,0.91,0,1,1,0.89895767
sushrutha reddy kottam,k sushrutha reddy,1,sushrutha reddy kottam,k sushrutha reddy,sushrutha reddy kottam,k sushrutha reddy,0.7830091501421397,0.8857345,0.7436497326203209,0,0,9,0.5,0.94,1,1,1,0.89895767
bhukya rambabu,rambabu b,1,bhukya rambabu,rambabu b,bhukya rambabu,rambabu b,0.6619680730208463,0.81045234,0.6640211640211641,0,0,9,0.3333333333333333,0.88,0,1,1,0.89895767
boragala laxman,laxman b,1,boragala laxman,laxman b,boragala laxman,laxman b,0.6350467250435345,0.7408575,0.5055555555555555,0,0,11,0.3333333333333333,0.86,0,1,1,0.89895767
aruna vadde,v aruna,1,aruna vadde,v aruna,aruna vadde,v aruna,0.5656162772189353,0.8025212,0.6341991341991342,0,0,8,0.3333333333333333,0.83,1,1,1,0.89895767
botla hemanth,hemanth b,1,botla hemanth,hemanth b,botla hemanth,hemanth b,0.6259664051197872,0.54483473,0.41737891737891736,0,0,8,0.3333333333333333,0.88,0,1,1,0.89895767
kode deepti,k deepti,1,kode deepti,k deepti,kode deepti,k deepti,0.7133281479455869,0.83018124,0.8806818181818183,0,0,3,0.3333333333333333,0.86,1,1,1,0.89880055
dommeti sreedhar,d sreedhar,1,dommeti sreedhar,d sreedhar,dommeti sreedhar,d sreedhar,0.5825005451920091,0.65481603,0.8274999999999999,0,0,6,0.3333333333333333,0.89,0,1,1,0.89895767
gai mounika,mounika g,1,gai mounika,mounika g,gai mounika,mounika g,0.8263871865101107,0.8400668,0.7053872053872053,0,0,6,0.3333333333333333,0.9,1,1,1,0.89895767
seela amarnath,s amarnath,1,seela amarnath,s amarnath,seela amarnath,s amarnath,0.7513465218284875,0.64749503,0.8242857142857144,0,0,4,0.3333333333333333,0.89,0,1,1,0.89895767
deeti jyothi,d jyothi,1,deeti jyothi,d jyothi,deeti jyothi,d jyothi,0.7294807254783544,0.7901506,0.7875,0,0,4,0.3333333333333333,0.86,1,1,1,0.89895767
lasya guduru,g lasya,1,lasya guduru,g lasya,lasya guduru,g lasya,0.6697925743716442,0.76621807,0.6190476190476191,0,0,9,0.3333333333333333,0.83,1,1,1,0.89895767
kavati swapna,swapna k,1,kavati swapna,swapna k,kavati swapna,swapna k,0.7368556681228157,0.82447624,0.5352564102564102,0,0,9,0.3333333333333333,0.86,1,1,1,0.89895767
alluri kavitha,a kavitha,1,alluri kavitha,a kavitha,alluri kavitha,a kavitha,0.6438517803406869,0.6665854,0.8261904761904761,0,0,5,0.3333333333333333,0.88,1,1,1,0.89895767
kasam soujanya,k soujanya,1,kasam soujanya,k soujanya,kasam soujanya,k soujanya,0.819291460794593,0.8197752,0.7942857142857143,0,0,4,0.3333333333333333,0.89,1,1,1,0.89895767
m anoosha,anoosha manda,1,m anoosha,anoosha manda,m anoosha,anoosha manda,0.8563672908642337,0.7820513,0.772079772079772,0,0,8,0.3333333333333333,0.88,1,1,1,0.89895767
goturi jaya prakash reddy,r jaya prakash,1,goturi jaya prakash reddy,r jaya prakash,goturi jaya prakash reddy,r jaya prakash,0.5841439098467817,0.7937203,0.8533333333333334,0,0,11,0.4,0.92,1,1,1,0.8988725
surneni chethana,chethana s,1,surneni chethana,chethana s,surneni chethana,chethana s,0.6191280341271441,0.7117877,0.4708333333333334,0,0,10,0.3333333333333333,0.89,1,1,1,0.89895767
murki soumya,m soumya,1,murki soumya,m soumya,murki soumya,m soumya,0.667308008657338,0.71134233,0.825,0,0,4,0.3333333333333333,0.86,1,1,1,0.89895767
maitra tanushree,tanushree mitra,1,maitra tanushree,tanushree mitra,maitra tanushree,tanushree mitra,0.8283831324971724,0.7241819,0.7392094017094016,0,0,13,0.3333333333333333,0.97,1,0,1,0.88654673
majumdar binay kumar,b majumdar,1,majumdar binay kumar,b majumdar,majumdar binay kumar,b majumdar,0.7579100595380571,0.59112066,0.6666666666666666,0,0,14,0.25,0.89,0,1,1,0.89895767
sharma deepom,deepom sarma,1,sharma deepom,deepom sarma,sharma deepom,deepom sarma,0.8825324352028769,0.63500845,0.46367521367521364,0,0,12,0.3333333333333333,0.96,1,0,1,0.88654673
doley pradip kumar,p doley,1,doley pradip kumar,p doley,doley pradip kumar,p doley,0.7230552838426496,0.6958597,0.6534391534391534,0,0,15,0.25,0.83,0,1,1,0.89895767
waris md mustafa,m waris,1,waris md mustafa,m waris,waris md mustafa,m waris,0.5326866904654801,0.5845866,0.6696428571428571,0,0,13,0.25,0.83,0,1,1,0.8882603
hazarika ajit kumar,a hazarika,1,hazarika ajit kumar,a hazarika,hazarika ajit kumar,a hazarika,0.7979482424335116,0.5298358,0.7087719298245614,0,0,13,0.25,0.89,1,1,1,0.89895767
dutta arup,a dutta,1,dutta arup,a dutta,dutta arup,a dutta,0.7164595342008552,0.78590524,0.7571428571428571,0,0,7,0.3333333333333333,0.83,1,1,1,0.89895767
sultana jasmine,jasmin sultana,1,sultana jasmine,jasmin sultana,sultana jasmine,jasmin sultana,0.8889609046457702,0.73693836,0.5765873015873016,0,0,12,0.3333333333333333,0.97,1,0,1,0.88654673
boruah manashi,manash baruah,1,boruah manashi,manash baruah,boruah manashi,manash baruah,0.6126058564651102,0.54071575,0.5744810744810745,0,0,10,0.0,0.89,0,0,1,0.83672446
patwari dabboo,d patwari,1,patwari dabboo,d patwari,patwari dabboo,d patwari,0.6171338785559413,0.7893748,0.6534391534391534,0,0,9,0.3333333333333333,0.88,1,1,1,0.89895767
dolly talukdar,d talukdar,1,dolly talukdar,d talukdar,dolly talukdar,d talukdar,0.7659644062417793,0.6749928,0.8542857142857143,0,0,4,0.3333333333333333,0.89,0,1,1,0.8988725
sharma dhrubajyoti,dhrubojyoti sarma,1,sharma dhrubajyoti,dhrubojyoti sarma,sharma dhrubajyoti,dhrubojyoti sarma,0.6030705823301914,0.725476,0.7004357298474946,0,0,14,0.0,0.91,1,0,1,0.83958846
gupta hari kumar,h gupta,1,gupta hari kumar,h gupta,gupta hari kumar,h gupta,0.6719635863435643,0.7641438,0.6696428571428571,0,0,13,0.25,0.83,1,1,1,0.89895767
ali hussain,a hussain,1,ali hussain,a hussain,ali hussain,a hussain,0.8672534575685367,0.84488964,0.9454545454545455,0,0,2,0.3333333333333333,0.9,0,1,1,0.89880055
hussain md aga,a hussain,1,hussain md aga,a hussain,hussain md aga,a hussain,0.7708581988453189,0.6490177,0.7328042328042329,0,0,9,0.25,0.88,0,1,1,0.89895767
kalita bitupan,bitupon kalita,1,kalita bitupan,bitupon kalita,kalita bitupan,bitupon kalita,0.7256498741312065,0.9475951,0.6190476190476191,0,0,13,0.3333333333333333,0.93,1,0,1,0.7413408
sharma bani kumar,b sharma,1,sharma bani kumar,b sharma,sharma bani kumar,b sharma,0.6121267348216196,0.8120531,0.6568627450980392,0,0,13,0.25,0.86,1,1,1,0.89895767
singh binay kumar,b singh,1,singh binay kumar,b singh,singh binay kumar,b singh,0.5400421380205489,0.80160487,0.6610644257703081,0,0,14,0.25,0.83,0,1,1,0.89229923
tamuli chinmoy,c tamuli,1,tamuli chinmoy,c tamuli,tamuli chinmoy,c tamuli,0.6451381252480252,0.71396834,0.6488095238095238,0,0,10,0.3333333333333333,0.86,1,1,1,0.89895767
pathak gunjan,g pathak,1,pathak gunjan,g pathak,pathak gunjan,g pathak,0.6062212889561134,0.66827506,0.6616300366300366,0,0,9,0.3333333333333333,0.86,0,1,1,0.89895767
islam md nurul,n islam,1,islam md nurul,n islam,islam md nurul,n islam,0.6104646727878479,0.63010955,0.5952380952380952,0,0,11,0.25,0.83,0,1,1,0.89895767
md ali ashraf,a ashraf,1,md ali ashraf,a ashraf,md ali ashraf,a ashraf,0.7712295359792635,0.6402128,0.8301282051282052,0,0,5,0.25,0.86,0,1,1,0.89895767
pathak kumud,k pathak,1,pathak kumud,k pathak,pathak kumud,k pathak,0.6168829306583654,0.77339774,0.7638888888888888,0,0,8,0.3333333333333333,0.86,0,1,1,0.89895767
mallik saikat,saikat malik,1,mallik saikat,saikat malik,mallik saikat,saikat malik,0.8204433730476663,0.63355106,0.6773504273504273,0,0,9,0.3333333333333333,0.96,0,0,1,0.88654673
bhuyan sorbeswar,sarbeswar bhuiyan,1,bhuyan sorbeswar,sarbeswar bhuiyan,bhuyan sorbeswar,sarbeswar bhuiyan,0.5857828835222704,0.683293,0.6266711229946523,0,0,15,0.0,0.91,0,0,1,0.83828473
islam waliul,w islam,1,islam waliul,w islam,islam waliul,w islam,0.5657027315015096,0.82916653,0.6190476190476191,0,0,9,0.3333333333333333,0.83,0,1,1,0.89895767
chakrabarty anil kumar,a chakrabarty,1,chakrabarty anil kumar,a chakrabarty,chakrabarty anil kumar,a chakrabarty,0.8402451144166991,0.642897,0.7097902097902097,0,0,13,0.25,0.92,0,1,1,0.89895767
debnath arun,a debnath,1,debnath arun,a debnath,debnath arun,a debnath,0.839727896406709,0.6025692,0.6851851851851851,0,0,7,0.3333333333333333,0.88,0,1,1,0.89895767
ahmed mustafa,mustafa ahmad,1,ahmed mustafa,mustafa ahmad,ahmed mustafa,mustafa ahmad,0.8211282493904207,0.9016277,0.5299145299145299,0,0,12,0.3333333333333333,0.92,1,0,1,0.7301133
barua ajoy,a barua,1,barua ajoy,a barua,barua ajoy,a barua,0.713352763084842,0.7062352,0.7571428571428571,0,0,7,0.3333333333333333,0.83,1,1,1,0.89895767
bharadwaj sanjeeb,s bharadwaj,1,bharadwaj sanjeeb,s bharadwaj,bharadwaj sanjeeb,s bharadwaj,0.7301838555865385,0.7531241,0.7825311942959002,0,0,10,0.3333333333333333,0.9,0,1,1,0.89895767
bharali pulin,p bharali,1,bharali pulin,p bharali,bharali pulin,p bharali,0.643799990441845,0.7698505,0.772079772079772,0,0,8,0.3333333333333333,0.88,1,1,1,0.89895767
bharali miss papari,p bharali,1,bharali papari,p bharali,bharali papari,p bharali,0.6451596787502286,0.7967944,0.6534391534391534,0,0,9,0.3333333333333333,0.88,1,1,1,0.89895767
bhattacharjee dilip kumar,d bhattacharjee,1,bhattacharjee dilip kumar,d bhattacharjee,bhattacharjee dilip kumar,d bhattacharjee,0.7727466570481358,0.8122158,0.7955555555555556,0,0,14,0.25,0.93,0,1,1,0.89895767
choudhury miss anju,a choudhury,1,choudhury anju,a choudhury,choudhury anju,a choudhury,0.827263312368508,0.80209947,0.8203463203463204,0,0,7,0.3333333333333333,0.9,0,1,1,0.89895767
dutta amit kumar,a dutta,1,dutta amit kumar,a dutta,dutta amit kumar,a dutta,0.6890624345284365,0.6615068,0.6696428571428571,0,0,12,0.25,0.83,1,1,1,0.89895767
choudhury doli,d choudhury,1,choudhury doli,d choudhury,choudhury doli,d choudhury,0.7495288760195077,0.77272916,0.7077922077922079,0,0,7,0.3333333333333333,0.9,0,1,1,0.89895767
borah kamal kumar,k borah,1,borah kamal kumar,k borah,borah kamal kumar,k borah,0.7152716603714152,0.6613544,0.6610644257703081,0,0,14,0.25,0.83,0,1,1,0.89895767
baruah ajit kumar,a baruah,1,baruah ajit kumar,a baruah,baruah ajit kumar,a baruah,0.7639791186877185,0.5474006,0.6568627450980392,0,0,13,0.25,0.86,0,1,1,0.89895767
sarmah amal kumar,a sarmah,1,sarmah amal kumar,a sarmah,sarmah amal kumar,a sarmah,0.7364149545303781,0.5906683,0.6568627450980392,0,0,12,0.25,0.86,0,1,1,0.89895767
deori miss jyoti,j deori,1,deori jyoti,j deori,deori jyoti,j deori,0.704053410839218,0.86250013,0.6341991341991342,0,0,8,0.3333333333333333,0.83,1,1,1,0.89895767
lahon dhrubajyoti,dhrubajyoti lahan,1,lahon dhrubajyoti,dhrubajyoti lahan,lahon dhrubajyoti,dhrubajyoti lahan,0.8287202137401865,0.9019836,0.7394957983193278,0,0,12,0.3333333333333333,0.94,1,0,1,0.88654673
bordoloi jon,j n bordoloi,1,bordoloi jon,j n bordoloi,bordoloi jon,j n bordoloi,0.8948913142997956,0.82004416,0.6851851851851851,0,0,8,0.25,0.92,1,0,1,0.6716249
kotoky anup jyoti,j kotoky,1,kotoky anup jyoti,j kotoky,kotoky anup jyoti,j kotoky,0.7280094813917202,0.75205576,0.6193977591036414,0,0,13,0.25,0.86,0,1,1,0.89895767
khaitan divya,d khaitan,1,khaitan divya,d khaitan,khaitan divya,d khaitan,0.7371062195873901,0.82086027,0.772079772079772,0,0,8,0.3333333333333333,0.88,0,1,1,0.89895767
changkakaty miss seuji,m changkakaty,1,changkakaty seuji,m changkakaty,changkakaty seuji,m changkakaty,0.7684827975284869,0.7615217,0.8310708898944194,0,0,8,0.3333333333333333,0.92,0,0,1,0.56280404
warish md abdul,m warish,1,warish md abdul,m warish,warish md abdul,m warish,0.5886998163280845,0.35032624,0.6376984126984128,0,0,11,0.25,0.86,0,1,1,0.86786854
bharali naba kumar,n bharali,1,bharali naba kumar,n bharali,bharali naba kumar,n bharali,0.658844978624572,0.73498964,0.6851851851851851,0,0,13,0.25,0.88,1,1,1,0.89895767
sharma priyam,priyam sarma,1,sharma priyam,priyam sarma,sharma priyam,priyam sarma,0.8248149066722614,0.6948785,0.6356837606837606,0,0,11,0.3333333333333333,0.96,1,0,1,0.88654673
sharma juri miss,j sharma,1,sharma juri,j sharma,sharma juri,j sharma,0.574847226255766,0.83619225,0.7651515151515151,0,0,7,0.3333333333333333,0.86,1,1,1,0.89895767
saikia juri,j saikia,1,saikia juri,j saikia,saikia juri,j saikia,0.7408931168562759,0.7915628,0.7651515151515151,0,0,7,0.3333333333333333,0.86,1,1,1,0.89895767
mahanta saurav,s mahanta,1,mahanta saurav,s mahanta,mahanta saurav,s mahanta,0.684803468564719,0.8491118,0.6534391534391534,0,0,9,0.3333333333333333,0.88,1,1,1,0.89895767
saikia monaj kumar,m saikia,1,saikia monaj kumar,m saikia,saikia monaj kumar,m saikia,0.6756466869225275,0.7025298,0.6898148148148149,0,0,14,0.25,0.86,1,1,1,0.89895767
mahanta pranjali,pranjal mahanta,1,mahanta pranjali,pranjal mahanta,mahanta pranjali,pranjal mahanta,0.8761546782678812,0.76078606,0.5944444444444444,0,0,11,0.3333333333333333,0.97,1,0,1,0.88654673
islam rahul,r islam,1,islam rahul,r islam,islam rahul,r islam,0.757273348252597,0.6856783,0.6341991341991342,0,0,8,0.3333333333333333,0.83,0,1,1,0.89895767
brahma ramal kumar,r brahma,1,brahma ramal kumar,r brahma,brahma ramal kumar,r brahma,0.7507238279421102,0.6178994,0.6481481481481481,0,0,13,0.25,0.86,1,1,1,0.89895767
islam saiful,s islam,1,islam saiful,s islam,islam saiful,s islam,0.6101528207423913,0.7090007,0.7182539682539684,0,0,9,0.3333333333333333,0.83,0,1,1,0.89895767
singh k upendra,u k singh,1,singh k upendra,u k singh,singh k upendra,u k singh,0.523605908131622,0.71370494,0.6407407407407407,0,0,11,0.5,0.88,0,1,1,0.8939444
datta sohini,sohini dutta,1,datta sohini,sohini dutta,datta sohini,sohini dutta,0.7279511466605811,0.6899493,0.27777777777777773,0,0,12,0.3333333333333333,0.92,1,0,1,0.7301133
ahmed jabed,j ahmed,1,ahmed jabed,j ahmed,ahmed jabed,j ahmed,0.6260755246425976,0.81874126,0.6341991341991342,0,0,8,0.3333333333333333,0.83,0,1,1,0.89895767
das gupta arun kumar,a das gupta,1,das gupta arun kumar,a das gupta,das gupta arun kumar,a das gupta,0.7296969746772961,0.8276504,0.6984848484848486,0,0,13,0.4,0.9,1,1,1,0.89895767
malakar pradip,p malakar,1,malakar pradip,p malakar,malakar pradip,p malakar,0.6938131645699582,0.80692476,0.6534391534391534,0,0,9,0.3333333333333333,0.88,0,1,1,0.89895767
islam maidul,m islam,1,islam maidul,m islam,islam maidul,m islam,0.6511844797694347,0.688418,0.7182539682539684,0,0,9,0.3333333333333333,0.83,0,1,1,0.89895767
abbas ahmed,a ahmed,1,abbas ahmed,a ahmed,abbas ahmed,a ahmed,0.6199092307925935,0.78278625,0.848051948051948,0,0,4,0.3333333333333333,0.83,0,1,1,0.8989275
mukherjee dulal,d mukherjee,1,mukherjee dulal,d mukherjee,mukherjee dulal,d mukherjee,0.7732037289551974,0.7856232,0.806060606060606,0,0,8,0.3333333333333333,0.9,0,1,1,0.89895767
sarma devojit,debojit sarma,1,sarma devojit,debojit sarma,sarma devojit,debojit sarma,0.6682560018384399,0.6937525,0.2692307692307692,0,0,13,0.3333333333333333,0.92,1,0,1,0.56464946
barman naba kumar,n barman,1,barman naba kumar,n barman,barman naba kumar,n barman,0.6660141420193211,0.6504113,0.698529411764706,0,0,11,0.25,0.86,0,1,1,0.89895767
langthasa aditya,a langthasa,1,langthasa aditya,a langthasa,langthasa aditya,a langthasa,0.8046389983783101,0.7304783,0.7113636363636364,0,0,9,0.3333333333333333,0.9,1,1,1,0.89895767
saharia dhiren,d saharia,1,saharia dhiren,d saharia,saharia dhiren,d saharia,0.6668898837231404,0.7434002,0.6534391534391534,0,0,9,0.3333333333333333,0.88,1,1,1,0.89895767
dutta niku kumar,n dutta,1,dutta niku kumar,n dutta,dutta niku kumar,n dutta,0.6144979381421677,0.6682137,0.6696428571428571,0,0,13,0.25,0.83,1,1,1,0.89895767
ganguly anirban,anirban ganguli,1,ganguly anirban,anirban ganguli,ganguly anirban,anirban ganguli,0.8107563507509733,0.8029076,0.6222222222222222,0,0,12,0.3333333333333333,0.93,0,0,1,0.7413408
sutradhar monali,m sutradhar,1,sutradhar monali,m sutradhar,sutradhar monali,m sutradhar,0.7831105961036606,0.81521463,0.7935606060606061,0,0,9,0.3333333333333333,0.9,0,1,1,0.89895767
chakraborty prabi kumar,p chakraborty,1,chakraborty prabi kumar,p chakraborty,chakraborty prabi kumar,p chakraborty,0.791289814194072,0.66985655,0.6482720178372352,0,0,14,0.25,0.92,0,1,1,0.89895767
sarma miss usha,u sarma,1,sarma usha,u sarma,sarma usha,u sarma,0.6830468842239364,0.82058626,0.6523809523809524,0,0,7,0.3333333333333333,0.83,1,1,1,0.89895767
ghosh subhadeep,shubhadeep ghosh,1,ghosh subhadeep,shubhadeep ghosh,ghosh subhadeep,shubhadeep ghosh,0.8310409297683119,0.7427645,0.6833333333333332,0,0,11,0.3333333333333333,0.97,0,0,1,0.88654673
kalita dilip kumar,d kalita,1,kalita dilip kumar,d kalita,kalita dilip kumar,d kalita,0.6526209430735401,0.5787519,0.6481481481481481,0,0,14,0.25,0.86,1,1,1,0.89895767
goswami amal deb,a d goswami,1,goswami amal deb,a d goswami,goswami amal deb,a d goswami,0.7363402599286853,0.60266,0.6454124579124579,0,0,13,0.2,0.81,1,1,1,0.89775467
sarma abhigyan,abhigyan sharma,1,sarma abhigyan,abhigyan sharma,sarma abhigyan,abhigyan sharma,0.9026922243296535,0.6366384,0.7184704184704184,0,0,13,0.3333333333333333,0.97,1,0,1,0.88654673
begum farjana,farzana begum,1,begum farjana,farzana begum,begum farjana,farzana begum,0.651742082109634,0.7539886,0.37606837606837606,0,0,13,0.3333333333333333,0.92,1,0,1,0.56464946
biswas miss tandra,tandra biswash,1,biswas tandra,tandra biswash,biswas tandra,tandra biswash,0.8768458037557272,0.79825425,0.513919413919414,0,0,13,0.3333333333333333,0.96,1,0,1,0.88654673
dev hawaibam sishir,h sishir dev,1,dev hawaibam sishir,h sishir dev,dev hawaibam sishir,h sishir dev,0.6136081977127149,0.72482544,0.4266081871345029,0,0,15,0.5,0.91,0,1,1,0.89895767
talukdar juri miss,j talukdar,1,talukdar juri,j talukdar,talukdar juri,j talukdar,0.8296298950563318,0.86988723,0.8051282051282053,0,0,7,0.3333333333333333,0.89,0,1,1,0.89895767
gogoi pabitra kumar,prof pabitra k gogoi,1,gogoi pabitra kumar,pabitra k gogoi,gogoi pabitra kumar,pabitra k gogoi,0.9487770022280991,0.81475854,0.6964462438146648,0,0,12,0.5,0.93,1,1,1,0.89895767
deka kaushik mohan,kaushik m deka,1,deka kaushik mohan,kaushik m deka,deka kaushik mohan,kaushik m deka,0.8818183174093858,0.80771786,0.7023809523809524,0,0,10,0.5,0.92,1,1,1,0.89895767
jain suresh kumar,suresh k jain,1,jain suresh kumar,suresh k jain,jain suresh kumar,suresh k jain,0.8744513730928292,0.8087474,0.6524886877828054,0,0,9,0.5,0.92,0,1,1,0.89895767
purkayastha samit,s purkayastha,1,purkayastha samit,s purkayastha,purkayastha samit,s purkayastha,0.8847917660231847,0.8335296,0.7096530920060332,0,0,8,0.3333333333333333,0.92,1,1,1,0.89895767
adhikeri madhumita miss,madhumita adhikari,1,adhikeri madhumita,madhumita adhikari,adhikeri madhumita,madhumita adhikari,0.7700408888121367,0.8538693,0.7222222222222222,0,0,12,0.3333333333333333,0.94,1,0,1,0.88654673
paul sanghmitra miss,sanghamitra paul,1,paul sanghmitra,sanghamitra paul,paul sanghmitra,sanghamitra paul,0.7191122097114929,0.73299015,0.6833333333333332,0,0,11,0.3333333333333333,0.97,1,0,1,0.88654673
kalita hari,h kalita,1,kalita hari,h kalita,kalita hari,h kalita,0.826186385614869,0.7089323,0.7651515151515151,0,0,7,0.3333333333333333,0.86,1,1,1,0.89895767
sharma rachna,rachina sarma,1,sharma rachna,rachina sarma,sharma rachna,rachina sarma,0.5172231494552854,0.5103538,0.6602564102564102,0,0,10,0.0,0.92,1,0,1,0.6993742
jajodia miss silky,s jajodia,1,jajodia silky,s jajodia,jajodia silky,s jajodia,0.7267920666127786,0.7049706,0.772079772079772,0,0,8,0.3333333333333333,0.88,1,1,1,0.89895767
haque sunny,s haque,1,haque sunny,s haque,haque sunny,s haque,0.7078661769269534,0.6871846,0.6341991341991342,0,0,8,0.3333333333333333,0.83,0,1,1,0.89895767
teron dwipen,d teron,1,teron dwipen,d teron,teron dwipen,d teron,0.6394615135605636,0.74083185,0.6190476190476191,0,0,9,0.3333333333333333,0.83,0,1,1,0.89895767
thakur ratul,r thakur,1,thakur ratul,r thakur,thakur ratul,r thakur,0.6944085766070124,0.713355,0.7638888888888888,0,0,8,0.3333333333333333,0.86,0,1,1,0.89895767
borah julfikar rehman,julffikar rahman borah,1,borah julfikar rehman,julffikar rahman borah,borah julfikar rehman,julffikar rahman borah,0.7725409859924435,0.7846068,0.7436267436267436,0,0,14,0.2,0.93,0,0,1,0.722475
hussain abul,a hussain,1,hussain abul,a hussain,hussain abul,a hussain,0.7439260637849692,0.79916024,0.7268518518518517,0,0,7,0.3333333333333333,0.88,0,1,1,0.89895767
chakraborti santonu,santanu chakraborty,1,chakraborti santonu,santanu chakraborty,chakraborti santonu,santanu chakraborty,0.605468262083473,0.778893,0.6612685560053981,0,0,17,0.0,0.89,0,0,1,0.83958846
dutta miss susmita,sushmita dutta,1,dutta susmita,sushmita dutta,dutta susmita,sushmita dutta,0.6868915476012644,0.8569602,0.7560772560772561,0,0,9,0.3333333333333333,0.96,1,0,1,0.8468458
barhei sushil,sushil barhoi,1,barhei sushil,sushil barhoi,barhei sushil,sushil barhoi,0.6649428450341799,0.8748631,0.5299145299145299,0,0,10,0.3333333333333333,0.92,1,0,1,0.56464946
goswami mrs mala,m goswami,1,goswami mala,m goswami,goswami mala,m goswami,0.8610624059132835,0.77530813,0.6851851851851851,0,0,7,0.3333333333333333,0.88,1,1,1,0.89895767
chakraborty smita,s chakraborty,1,chakraborty smita,s chakraborty,chakraborty smita,s chakraborty,0.8142349400683315,0.7513891,0.8310708898944194,0,0,8,0.3333333333333333,0.92,0,1,1,0.89895767
ghosh subhajyoti,subhojyoti ghose,1,ghosh subhajyoti,subhojyoti ghose,ghosh subhajyoti,subhojyoti ghose,0.5626444966078343,0.6669147,0.6666666666666666,0,0,13,0.0,0.88,1,0,1,0.83828473
saikia manoj kumar,m saikia,1,saikia manoj kumar,m saikia,saikia manoj kumar,m saikia,0.725450814281169,0.70253277,0.6898148148148149,0,0,14,0.25,0.86,1,1,1,0.89895767
rahman iqbal,i rahman,1,rahman iqbal,i rahman,rahman iqbal,i rahman,0.589307034937264,0.7071553,0.6765873015873017,0,0,8,0.3333333333333333,0.86,0,1,1,0.89895767
buragohain lemonstar,lemanstar buragohain,1,buragohain lemonstar,lemanstar buragohain,buragohain lemonstar,lemanstar buragohain,0.7969822963529172,0.62279046,0.5222222222222223,0,0,17,0.3333333333333333,0.95,0,0,1,0.88654673
mazumder shanowaj,shahnowaj majumder,1,mazumder shanowaj,shahnowaj majumder,mazumder shanowaj,shahnowaj majumder,0.5473917001784698,0.45513663,0.5812636165577342,0,0,16,0.0,0.91,0,0,1,0.8305341
datta shainee,shainee dutta,1,datta shainee,shainee dutta,datta shainee,shainee dutta,0.7363721859586684,0.7141112,0.4551282051282051,0,0,12,0.3333333333333333,0.92,1,0,1,0.7301133
chakraborty naba,n chakraborty,1,chakraborty naba,n chakraborty,chakraborty naba,n chakraborty,0.8352014898692276,0.7893597,0.844551282051282,0,0,7,0.3333333333333333,0.92,0,1,1,0.8989275
sarma nilutpal,nilutpal sharma,1,sarma nilutpal,nilutpal sharma,sarma nilutpal,nilutpal sharma,0.9060695967999024,0.59863126,0.626984126984127,0,0,13,0.3333333333333333,0.97,1,0,1,0.88408244
pathak arun kumar,k pathak,1,pathak arun kumar,k pathak,pathak arun kumar,k pathak,0.658631686133181,0.62017226,0.698529411764706,0,0,13,0.25,0.86,0,1,1,0.89895767
prasad sheo kumar,s prasad,1,prasad sheo kumar,s prasad,prasad sheo kumar,s prasad,0.5453962846552103,0.61989874,0.698529411764706,0,0,13,0.25,0.86,0,1,1,0.89277476
haque ainul,a haque,1,haque ainul,a haque,haque ainul,a haque,0.6868983903942256,0.7208748,0.735930735930736,0,0,8,0.3333333333333333,0.83,0,1,1,0.89895767
setu chandra,s chandra,1,setu chandra,s chandra,setu chandra,s chandra,0.5956939944350014,0.80615544,0.9249999999999999,0,0,3,0.3333333333333333,0.88,1,1,1,0.89880055
ashok kumar pathak,k pathak,1,ashok kumar pathak,k pathak,ashok kumar pathak,k pathak,0.6553505613627424,0.59488636,0.5277777777777778,0,0,10,0.25,0.86,0,1,1,0.89895767
verma shri ram,r verma,1,verma ram,r verma,verma ram,r verma,0.8403171012201327,0.70092916,0.6746031746031745,0,0,6,0.3333333333333333,0.88,1,1,1,0.89895767
shrivastava rama,r shrivastva,1,shrivastava rama,r shrivastva,shrivastava rama,r shrivastva,0.5645656444470284,0.7438977,0.7527777777777779,0,0,8,0.0,0.86,1,0,1,0.8475492
md absar ahmed,a ahmed,1,md absar ahmed,a ahmed,md absar ahmed,a ahmed,0.5583032718789971,0.647658,0.557142857142857,0,0,7,0.25,0.83,0,1,1,0.89855313
priyadarshi alok,a priyadarshi,1,priyadarshi alok,a priyadarshi,priyadarshi alok,a priyadarshi,0.8136107903999681,0.78889036,0.7243589743589745,0,0,7,0.3333333333333333,0.92,1,1,1,0.89895767
chourasia om prakash,o p chourasia,1,chourasia om prakash,o p chourasia,chourasia om prakash,o p chourasia,0.7408423329042957,0.69745797,0.7021367521367522,0,0,15,0.2,0.82,1,1,1,0.8983663
jha dev,d jha,1,jha dev,d jha,jha dev,d jha,0.6816262514247475,0.7543155,0.6238095238095238,0,0,6,0.3333333333333333,0.83,1,1,1,0.89895767
fahad rahman,f rahman,1,fahad rahman,f rahman,fahad rahman,f rahman,0.590748090653258,0.9003489,0.825,0,0,4,0.3333333333333333,0.86,0,1,1,0.89895767
mishra alok kumar,k mishra,1,mishra alok kumar,k mishra,mishra alok kumar,k mishra,0.6371337671920916,0.77393574,0.6193977591036414,0,0,13,0.25,0.86,1,1,1,0.89895767
pandey shila,s pandey,1,pandey shila,s pandey,pandey shila,s pandey,0.7240178234124834,0.67343086,0.6765873015873017,0,0,8,0.3333333333333333,0.86,0,1,1,0.89895767
sinha raj kumar,r sinha,1,sinha raj kumar,r sinha,sinha raj kumar,r sinha,0.7439854956788899,0.64915824,0.6793650793650793,0,0,12,0.25,0.83,1,1,1,0.89895767
sharma raj kumar,r sharma,1,sharma raj kumar,r sharma,sharma raj kumar,r sharma,0.701104028843798,0.79979265,0.6666666666666666,0,0,12,0.25,0.86,1,1,1,0.89895767
mandal nand kumar,n mandal,1,mandal nand kumar,n mandal,mandal nand kumar,n mandal,0.6865054814201953,0.7022909,0.6568627450980392,0,0,11,0.25,0.86,0,1,1,0.89895767
shiw kumar mahansaria,s k mahansaria,1,shiw kumar mahansaria,s k mahansaria,shiw kumar mahansaria,s k mahansaria,0.7072537798670425,0.7387428,0.7928571428571428,0,0,7,0.2,0.83,1,1,1,0.8983663
ghosh reba,r ghosh,1,ghosh reba,r ghosh,ghosh reba,r ghosh,0.6436451590218103,0.78650725,0.6523809523809524,0,0,7,0.3333333333333333,0.83,0,1,1,0.89895767
raj ranjan kumar,r ranjan,1,raj ranjan kumar,r ranjan,raj ranjan kumar,r ranjan,0.7488903649498367,0.6090877,0.7375,0,0,8,0.25,0.86,0,1,1,0.89895767
prasad uma shankar,uma shanker prasad,1,prasad uma shankar,uma shanker prasad,prasad uma shankar,uma shanker prasad,0.745925120155791,0.7574675,0.7328042328042329,0,0,14,0.5,0.94,1,0,1,0.88654673
murari kumar,k murari,1,murari kumar,k murari,murari kumar,k murari,0.8602447267774769,0.7577425,0.6765873015873017,0,0,8,0.3333333333333333,0.86,1,1,1,0.89895767
singh praveen kumar,praveen k singh,1,singh praveen kumar,praveen k singh,singh praveen kumar,praveen k singh,0.8918360004300114,0.89709115,0.6192450824029772,0,0,12,0.5,0.93,0,1,1,0.89895767
kum singh,k singh,1,kum singh,k singh,kum singh,k singh,0.705589479451916,0.88949764,0.9333333333333333,0,0,2,0.3333333333333333,0.88,0,1,1,0.89880055
baidya nath kumar,n baidya,1,baidya nath kumar,n baidya,baidya nath kumar,n baidya,0.7723895321700727,0.72041845,0.6568627450980392,0,0,13,0.25,0.86,1,1,1,0.89895767
phul kumar mishra,p mishra,1,phul kumar mishra,p mishra,phul kumar mishra,p mishra,0.5715302434820558,0.7621021,0.5898692810457516,0,0,9,0.25,0.86,1,1,1,0.89895767
afzal ahmed,a ahmed,1,afzal ahmed,a ahmed,afzal ahmed,a ahmed,0.5681266732007908,0.74946594,0.848051948051948,0,0,4,0.3333333333333333,0.83,0,1,1,0.8989275
abdul wahab,a wahab,1,abdul wahab,a wahab,abdul wahab,a wahab,0.7264320613300143,0.6945561,0.8909090909090909,0,0,4,0.3333333333333333,0.83,0,1,1,0.89880055
prasad hari,h prasad,1,prasad hari,h prasad,prasad hari,h prasad,0.760152487080338,0.7340012,0.7651515151515151,0,0,7,0.3333333333333333,0.86,0,1,1,0.89895767
prakash satya,satya praksh,1,prakash satya,satya praksh,prakash satya,satya praksh,0.7016872312629104,0.7190211,0.6120268620268621,0,0,11,0.3333333333333333,0.96,1,0,1,0.8502723
soumendu mukherjee,soumandu mukerjee,1,soumendu mukherjee,soumandu mukerjee,soumendu mukherjee,soumandu mukerjee,0.5621390927975566,0.6435863,0.9035130718954248,0,1,2,0.0,0.91,0,0,1,0.88466895
gaurav,kumar gaurav,1,gaurav,kumar gaurav,gaurav,kumar gaurav,0.8719635701335458,0.7108128,0.5833333333333334,0,0,6,0.5,1.0,0,0,1,0.82542205
haque md samiul,m haque,1,haque md samiul,m haque,haque md samiul,m haque,0.6269935142199282,0.57245576,0.6793650793650793,0,0,11,0.25,0.83,0,1,1,0.89895767
nathani ratan kumar,r nathani,1,nathani ratan kumar,r nathani,nathani ratan kumar,r nathani,0.6718423927614399,0.63805765,0.6764132553606238,0,0,14,0.25,0.88,1,1,1,0.89895767
ram kumar pandit,r pandit,1,ram kumar pandit,r pandit,ram kumar pandit,r pandit,0.7850526841901836,0.76884735,0.40972222222222215,0,0,8,0.25,0.86,0,1,1,0.89895767
shubhra bishwas,s bishwas,1,shubhra bishwas,s bishwas,shubhra bishwas,s bishwas,0.6834894027821181,0.778019,0.78,0,0,6,0.3333333333333333,0.88,0,1,1,0.89895767
swapnil,kumar swapnil,1,swapnil,kumar swapnil,swapnil,kumar swapnil,0.907253723186384,0.6330191,0.40659340659340665,0,0,6,0.5,1.0,0,0,1,0.8251623
ramashish yadev,ramashis yadav,1,ramashish yadev,ramashis yadav,ramashish yadev,ramashis yadav,0.61903579486771,0.8021694,0.959047619047619,0,1,2,0.0,0.9,0,0,1,0.88564974
akhilesh kumar,akhilesh k,1,akhilesh kumar,akhilesh k,akhilesh kumar,akhilesh k,0.8894417965534712,0.75408983,0.9428571428571428,0,1,4,0.3333333333333333,0.89,0,1,1,0.89880055
thakur shiv kumar,s thakur,1,thakur shiv kumar,s thakur,thakur shiv kumar,s thakur,0.7086179701354064,0.72193944,0.6568627450980392,0,0,12,0.25,0.86,0,1,1,0.89895767
thakur bibha,b thakur,1,thakur bibha,b thakur,thakur bibha,b thakur,0.6715105695458109,0.7507265,0.6765873015873017,0,0,8,0.3333333333333333,0.86,0,1,1,0.89895767
dutta biren,b dutta,1,dutta biren,b dutta,dutta biren,b dutta,0.646102381839704,0.7660681,0.6897546897546897,0,0,8,0.3333333333333333,0.83,1,1,1,0.89895767
poddar raj kumar,r poddar,1,poddar raj kumar,r poddar,poddar raj kumar,r poddar,0.8335328628583263,0.5954714,0.7083333333333334,0,0,12,0.25,0.86,0,1,1,0.89895767
verma vinay kumar,vinay v,1,verma vinay kumar,vinay v,verma vinay kumar,vinay v,0.6263629349954045,0.45789686,0.6610644257703081,0,0,11,0.25,0.83,0,1,1,0.8873768
kumari gunjan,gunjan k,1,kumari gunjan,gunjan k,kumari gunjan,gunjan k,0.8137116488651503,0.7874725,0.5192307692307693,0,0,9,0.3333333333333333,0.86,0,1,1,0.89895767
sinha jay kumar,j sinha,1,sinha jay kumar,j sinha,sinha jay kumar,j sinha,0.6997303561623889,0.662571,0.6793650793650793,0,0,12,0.25,0.83,1,1,1,0.89895767
banerjee saroj kumar,s banerjee,1,banerjee saroj kumar,s banerjee,banerjee saroj kumar,s banerjee,0.7058414553787732,0.79922414,0.6666666666666666,0,0,14,0.25,0.89,0,1,1,0.89895767
bipin kumar pathak,b pathak,1,bipin kumar pathak,b pathak,bipin kumar pathak,b pathak,0.5487558759499285,0.64789915,0.5833333333333334,0,0,10,0.25,0.86,0,1,1,0.8944135
rakesh kumar kanth,rakesh k,1,rakesh kumar kanth,rakesh k,rakesh kumar kanth,rakesh k,0.6888313929561657,0.6751751,0.888888888888889,0,1,10,0.25,0.86,0,1,1,0.89880055
chaudhary ramajee,ramajee choudhary,1,chaudhary ramajee,ramajee choudhary,chaudhary ramajee,ramajee choudhary,0.7724793174785901,0.8776086,0.46498599439775906,0,0,16,0.3333333333333333,0.94,0,0,1,0.88654673
seema km,seema k,1,seema km,seema k,seema km,seema k,0.8224610734569855,0.5346248,0.975,0,0,1,0.3333333333333333,0.93,1,1,1,0.89880055
hasan akhtar,h akhtar,1,hasan akhtar,h akhtar,hasan akhtar,h akhtar,0.8037163838578144,0.8442807,0.825,0,0,4,0.3333333333333333,0.86,0,1,1,0.89895767
rishabh kumar,rishabh k,1,rishabh kumar,rishabh k,rishabh kumar,rishabh k,0.8753315219372192,0.79404926,0.9384615384615385,0,1,4,0.3333333333333333,0.88,0,1,1,0.89880055
jai kumar prasad,j prasad,1,jai kumar prasad,j prasad,jai kumar prasad,j prasad,0.6457268321285008,0.8018029,0.5791666666666667,0,0,8,0.25,0.86,0,1,1,0.89895767
raj kumar verma,r verma,1,raj kumar verma,r verma,raj kumar verma,r verma,0.7386477301419968,0.66065013,0.6158730158730159,0,0,8,0.25,0.83,1,1,1,0.89895767
puja bhagat,p bhagat,1,puja bhagat,p bhagat,puja bhagat,p bhagat,0.7116715507937159,0.7334534,0.8056818181818183,0,0,3,0.3333333333333333,0.86,0,1,1,0.89895767
verma renu,r verma,1,verma renu,r verma,verma renu,r verma,0.6765765535988549,0.6934782,0.7571428571428571,0,0,7,0.3333333333333333,0.83,1,1,1,0.89895767
rupesh kumar roy,rupesh k,1,rupesh kumar roy,rupesh k,rupesh kumar roy,rupesh k,0.7671511796673323,0.52274656,0.9,0,1,8,0.25,0.86,0,1,1,0.89880055
shailja kumari,shailja k,1,shailja kumari,shailja k,shailja kumari,shailja k,0.8639662259640726,0.768363,0.9285714285714286,0,1,5,0.3333333333333333,0.88,1,1,1,0.89880055
sudha bakshi,s bakshi,1,sudha bakshi,s bakshi,sudha bakshi,s bakshi,0.7771061872065065,0.7871187,0.7875,0,0,4,0.3333333333333333,0.86,1,1,1,0.89895767
pandey binay kumar,b pandey,1,pandey binay kumar,b pandey,pandey binay kumar,b pandey,0.6371854539279921,0.5988165,0.6481481481481481,0,0,14,0.25,0.86,0,1,1,0.89895767
prasad ram kumar,r prasad,1,prasad ram kumar,r prasad,prasad ram kumar,r prasad,0.7284147114904046,0.707055,0.7083333333333334,0,0,12,0.25,0.86,0,1,1,0.89895767
km alka singh,a k singh,1,km alka singh,a k singh,km alka singh,a k singh,0.5219887046236359,0.7575593,0.8603988603988603,0,0,5,0.2,0.82,0,1,1,0.8934219
arun kumar tiwari,a tiwari,1,arun kumar tiwari,a tiwari,arun kumar tiwari,a tiwari,0.7282933723871661,0.6926739,0.5730392156862746,0,0,9,0.25,0.86,1,1,1,0.89895767
md danish alam,m a danish,1,md danish alam,m a danish,md danish alam,m a danish,0.6638440900586777,0.558043,0.7942857142857143,0,0,7,0.2,0.83,0,1,1,0.89775467
sweta pandit,s pandit,1,sweta pandit,s pandit,sweta pandit,s pandit,0.6714316879266647,0.7782763,0.7875,0,0,4,0.3333333333333333,0.86,0,1,1,0.89895767
saif rahman,s rahman,1,saif rahman,s rahman,saif rahman,s rahman,0.6415319834608095,0.8475361,0.8056818181818183,0,0,3,0.3333333333333333,0.86,0,1,1,0.89895767
kundu prabodh kumar,p kundu,1,kundu prabodh kumar,p kundu,kundu prabodh kumar,p kundu,0.5947822848754738,0.69322884,0.6466165413533834,0,0,15,0.25,0.83,0,1,1,0.89895767
choudhary raj kumar,r choudhary,1,choudhary raj kumar,r choudhary,choudhary raj kumar,r choudhary,0.8269939394175704,0.722587,0.7081339712918661,0,0,12,0.25,0.9,0,1,1,0.89895767
narayan sri kumar,s narayan,1,narayan sri kumar,s narayan,narayan sri kumar,s narayan,0.7258529859101328,0.80227697,0.6198257080610022,0,0,12,0.25,0.88,0,1,1,0.89895767
md imran ansari,m ansari,1,md imran ansari,m ansari,md imran ansari,m ansari,0.6014165869622956,0.77269447,0.6853174603174604,0,0,7,0.25,0.86,1,1,1,0.89895767
singh braj kumar,b singh,1,singh braj kumar,b singh,singh braj kumar,b singh,0.550277501866989,0.8291702,0.6696428571428571,0,0,13,0.25,0.83,0,1,1,0.89277476
md ali khan,m a khan,1,md ali khan,m a khan,md ali khan,m a khan,0.5260395083578364,0.612321,0.9181818181818182,0,0,3,0.2,0.84,0,1,1,0.892784
hussain rayasat,riyasat hussain,1,hussain rayasat,riyasat hussain,hussain rayasat,riyasat hussain,0.8056885332436295,0.6867018,0.5015873015873016,0,0,12,0.3333333333333333,0.93,0,0,1,0.7413408
dipti verma,d verma,1,dipti verma,d verma,dipti verma,d verma,0.6091671090505115,0.6529225,0.8909090909090909,0,0,4,0.3333333333333333,0.83,1,1,1,0.89880055
singh ram deo,r d singh,1,singh ram deo,r d singh,singh ram deo,r d singh,0.5559158662752852,0.6428887,0.5427350427350427,0,0,12,0.2,0.82,0,1,1,0.8938899
neyaz ahmed,a neyaz,1,neyaz ahmed,a neyaz,neyaz ahmed,a neyaz,0.7961475916405045,0.68389356,0.735930735930736,0,0,8,0.3333333333333333,0.83,0,1,1,0.89895767
shiv kumar suman,s suman,1,shiv kumar suman,s suman,shiv kumar suman,s suman,0.6329650738190647,0.6606056,0.6755952380952381,0,0,9,0.25,0.83,0,1,1,0.89895767
lall brij,brij lal,1,lall brij,brij lal,lall brij,brij lal,0.8029587078327997,0.8884283,0.32407407407407407,0,0,8,0.3333333333333333,0.94,0,0,1,0.860107
sinha arun kumar,arun k sinha,1,sinha arun kumar,arun k sinha,sinha arun kumar,arun k sinha,0.8831632766070935,0.839621,0.7777777777777778,0,0,12,0.5,0.91,1,1,1,0.89895767
lohani krishna kumar,k lohani,1,lohani krishna kumar,k lohani,lohani krishna kumar,k lohani,0.704073560282109,0.7473234,0.6333333333333333,0,0,16,0.25,0.86,1,1,1,0.89895767
adil inam,inam aadil,1,adil inam,inam aadil,adil inam,inam aadil,0.7839125207291407,0.70156527,0.5518518518518518,0,0,9,0.3333333333333333,0.95,0,0,1,0.88654673
rahul kumar jha,k rahul,1,rahul kumar jha,k rahul,rahul kumar jha,k rahul,0.6680187506968013,0.8154593,0.6793650793650793,0,0,12,0.25,0.83,0,1,1,0.89895767
sania praveen,s praveen,1,sania praveen,s praveen,sania praveen,s praveen,0.7376255784647934,0.68061304,0.841025641025641,0,0,4,0.3333333333333333,0.88,0,1,1,0.89895767
singh iqbal,s iqbal,1,singh iqbal,s iqbal,singh iqbal,s iqbal,0.8325042159509713,0.8164593,0.848051948051948,0,0,4,0.3333333333333333,0.83,0,1,1,0.8989275
sumeet,sumeet kumar,1,sumeet,sumeet kumar,sumeet,sumeet kumar,0.888929783634381,0.62587315,0.9,0,0,6,0.5,1.0,0,0,1,0.76373917
vijay laxmi,v laxmi,1,vijay laxmi,v laxmi,vijay laxmi,v laxmi,0.7893987383522006,0.6999452,0.848051948051948,0,0,4,0.3333333333333333,0.83,1,1,1,0.8989275
mukherjee deb kumar,d mukherjee,1,mukherjee deb kumar,d mukherjee,mukherjee deb kumar,d mukherjee,0.794341993517182,0.838385,0.6784688995215311,0,0,12,0.25,0.9,0,1,1,0.89895767
singh ram lal,r l singh,1,singh ram lal,r l singh,singh ram lal,r l singh,0.6426900507882035,0.69294226,0.5427350427350427,0,0,12,0.2,0.82,0,1,1,0.8983663
sharma bhola,b sharma,1,sharma bhola,b sharma,sharma bhola,b sharma,0.5506511438740477,0.87559485,0.6765873015873017,0,0,8,0.3333333333333333,0.86,1,1,1,0.89503974
singh anjani kumar,anjani kumar siingh,1,singh anjani kumar,anjani kumar siingh,singh anjani kumar,anjani kumar siingh,0.7076808652181591,0.7837546,0.7409356725146199,0,0,13,0.5,0.97,1,0,1,0.8841986
sattar abdus,a sattar,1,sattar abdus,a sattar,sattar abdus,a sattar,0.6319125398083647,0.6850237,0.7222222222222222,0,0,8,0.3333333333333333,0.86,0,1,1,0.89895767
shree raman,s raman,1,shree raman,s raman,shree raman,s raman,0.5618953550906285,0.6795503,0.848051948051948,0,0,4,0.3333333333333333,0.83,0,1,1,0.8989275
shams tabrez,s tabrez,1,shams tabrez,s tabrez,shams tabrez,s tabrez,0.8197029316161314,0.7831904,0.8625,0,0,4,0.3333333333333333,0.86,0,1,1,0.89880055
ram prasad,r prasad,1,ram prasad,r prasad,ram prasad,r prasad,0.8313240527223708,0.81147766,0.8274999999999999,0,0,2,0.3333333333333333,0.89,0,1,1,0.89895767
bimla mrs shahi,b shahi,1,bimla shahi,b shahi,bimla shahi,b shahi,0.5357146359800199,0.72148436,0.8051948051948052,0,0,4,0.3333333333333333,0.83,1,1,1,0.8939444
verma bijoy,b verma,1,verma bijoy,b verma,verma bijoy,b verma,0.5638808454663897,0.6982001,0.6341991341991342,0,0,8,0.3333333333333333,0.83,1,1,1,0.89895767
novelesh bachchan,novlesh bachhan,1,novelesh bachchan,novlesh bachhan,novelesh bachchan,novlesh bachhan,0.5597627601345394,0.6283425,0.9569934640522875,0,1,2,0.0,0.94,0,0,1,0.86198235
imtiaz ahmed,imtiaz,1,imtiaz ahmed,imtiaz,imtiaz ahmed,imtiaz,0.8385483443096692,0.6307322,0.9,0,1,6,0.5,1.0,0,0,1,0.73768944
gupta parul,p gupta,1,gupta parul,p gupta,gupta parul,p gupta,0.6323306720856205,0.7849033,0.735930735930736,0,0,8,0.3333333333333333,0.83,1,1,1,0.89895767
rita prasad,r prasad,1,rita prasad,r prasad,rita prasad,r prasad,0.7038427733701971,0.6441847,0.8056818181818183,0,0,3,0.3333333333333333,0.86,0,1,1,0.89895767
shanawaz hussain,shahnawaz husain,1,shanawaz hussain,shahnawaz husain,shanawaz hussain,shahnawaz husain,0.6432210112644369,0.53317964,0.9241666666666666,1,1,2,0.0,0.94,0,0,1,0.85994685
sharma rashmi,reshmi sharma,1,sharma rashmi,reshmi sharma,sharma rashmi,reshmi sharma,0.7047074211318696,0.63064337,0.7762237762237763,0,0,10,0.3333333333333333,0.92,1,0,1,0.53210384
md aftab,m aftab,1,md aftab,m aftab,md aftab,m aftab,0.8893715603219455,0.81104636,0.9625,0,0,1,0.3333333333333333,0.93,0,1,1,0.89880055
raman prasad,p raman,1,raman prasad,p raman,raman prasad,p raman,0.5994605549996314,0.76014686,0.6190476190476191,0,0,8,0.3333333333333333,0.83,0,1,1,0.89895767
monira haque,m haque,1,monira haque,m haque,monira haque,m haque,0.7165478505961994,0.6200106,0.8321428571428573,0,0,5,0.3333333333333333,0.83,0,1,1,0.89895767
amit anand,a anand,1,amit anand,a anand,amit anand,a anand,0.6938555386361372,0.78047377,0.91,0,0,3,0.3333333333333333,0.83,0,1,1,0.89880055
tiwary ajit kumar,a tiwary,1,tiwary ajit kumar,a tiwary,tiwary ajit kumar,a tiwary,0.734842953863922,0.559137,0.6568627450980392,0,0,13,0.25,0.86,0,1,1,0.89895767
bose varghese,b varghese,1,bose varghese,b varghese,bose varghese,b varghese,0.8199970551091808,0.6255986,0.8107692307692307,0,0,3,0.3333333333333333,0.89,0,1,1,0.89895767
sen bharti,s bharti,1,sen bharti,s bharti,sen bharti,s bharti,0.7767150494528474,0.7736887,0.94,0,0,2,0.3333333333333333,0.89,1,1,1,0.89880055
wahid abdul,a wahid,1,wahid abdul,a wahid,wahid abdul,a wahid,0.7200629053909295,0.5590474,0.735930735930736,0,0,8,0.3333333333333333,0.83,0,1,1,0.89895767
verma ruvy km,r k verma,1,verma ruvy km,r k verma,verma ruvy km,r k verma,0.4978127894129739,0.688525,0.6292226292226292,0,0,10,0.2,0.82,1,1,1,0.8547843
agrawal renu km,r k agrawal,1,agrawal renu km,r k agrawal,agrawal renu km,r k agrawal,0.6969750447847054,0.71057177,0.6579124579124579,0,0,12,0.2,0.85,0,1,1,0.8983663
gupta soni km,s k gupta,1,gupta soni km,s k gupta,gupta soni km,s k gupta,0.5987317044504433,0.7260305,0.5427350427350427,0,0,12,0.2,0.82,1,1,1,0.8983663
srivastava chhaya miss,chaya srivastava,1,srivastava chhaya,chaya srivastava,srivastava chhaya,chaya srivastava,0.8156192377003341,0.7899642,0.7308634992458521,0,0,12,0.3333333333333333,0.97,1,0,1,0.88654673
agarwal shely miss,shelly agarwal,1,agarwal shely,shelly agarwal,agarwal shely,shelly agarwal,0.7311766722308162,0.6021228,0.4472527472527473,0,0,13,0.3333333333333333,0.96,0,0,1,0.88408244
shekhar tanmay,tanmay shekher,1,shekhar tanmay,tanmay shekher,shekhar tanmay,tanmay shekher,0.8030750367509596,0.75513285,0.44047619047619047,0,0,13,0.3333333333333333,0.93,0,0,1,0.7413408
sam singh,s singh,1,sam singh,s singh,sam singh,s singh,0.7399111414098575,0.81075215,0.9333333333333333,0,0,2,0.3333333333333333,0.88,0,1,1,0.89880055
jaiswal anju km,a k jaiswal,1,jaiswal anju km,a k jaiswal,jaiswal anju km,a k jaiswal,0.6939055983943561,0.7524496,0.6579124579124579,0,0,12,0.2,0.85,0,1,1,0.8983663
singh nai pal,p n singh,1,singh nai pal,p n singh,singh nai pal,p n singh,0.5840184363112565,0.76017976,0.6292226292226292,0,0,10,0.2,0.82,0,1,1,0.8983663
saxena raj,r saxena,1,saxena raj,r saxena,saxena raj,r saxena,0.893885196426185,0.80728835,0.7833333333333333,0,0,6,0.3333333333333333,0.89,1,1,1,0.89895767
srivastav rajanish kumar,rajnish srivastava,1,srivastav rajanish kumar,rajnish srivastava,srivastav rajanish kumar,rajnish srivastava,0.621908464900326,0.87730825,0.7685185185185185,0,0,19,0.0,0.81,0,0,1,0.8372107
gupta raj,r gupta,1,gupta raj,r gupta,gupta raj,r gupta,0.8265314548585423,0.8412726,0.7566137566137566,0,0,6,0.3333333333333333,0.88,1,1,1,0.89895767
mishra renu km,r k mishra,1,mishra renu km,r k mishra,mishra renu km,r k mishra,0.6123166848324628,0.71573,0.6238095238095238,0,0,12,0.2,0.83,1,1,1,0.8983663
khan rukhsana smt,ruksana khan,1,khan rukhsana,ruksana khan,khan rukhsana,ruksana khan,0.7056327564465676,0.8824078,0.7694250194250194,0,0,8,0.3333333333333333,0.96,1,0,1,0.860107
agarwal raj kumar,r agarwal,1,agarwal raj kumar,r agarwal,agarwal raj kumar,r agarwal,0.7878202542947723,0.77216876,0.6949891067538125,0,0,12,0.25,0.88,0,1,1,0.89895767
anu chaudhary,a chaudhary,1,anu chaudhary,a chaudhary,anu chaudhary,a chaudhary,0.8513379706695302,0.71956635,0.8993006993006994,0,0,2,0.3333333333333333,0.92,0,1,1,0.89880055
divya tyagi,d tyagi,1,divya tyagi,d tyagi,divya tyagi,d tyagi,0.7535158594403069,0.7288077,0.8051948051948052,0,0,4,0.3333333333333333,0.83,1,1,1,0.89895767
pandey shweta,shweta panday,1,pandey shweta,shweta panday,pandey shweta,shweta panday,0.7459097678715727,0.67097855,0.4551282051282051,0,0,12,0.3333333333333333,0.92,1,0,1,0.7301133
devender,devender kumar,1,devender,devender kumar,devender,devender kumar,0.910282863404834,0.63568234,0.9142857142857143,0,1,6,0.5,1.0,0,0,1,0.6323382
gupta kumar,k gupta,1,gupta kumar,k gupta,gupta kumar,k gupta,0.8027252575698169,0.8485019,0.6341991341991342,0,0,8,0.3333333333333333,0.83,1,1,1,0.89895767
dikshit shri kant,k dikshit,1,dikshit kant,k dikshit,dikshit kant,k dikshit,0.8673365872722058,0.70533484,0.6851851851851851,0,0,7,0.3333333333333333,0.88,0,1,1,0.89895767
mukerjee milan,milan mukherjee,1,mukerjee milan,milan mukherjee,mukerjee milan,milan mukherjee,0.7157379384230651,0.6210532,0.5126984126984127,0,0,13,0.3333333333333333,0.97,0,0,1,0.8841986
ahmad mustaq,mustaq ahamad,1,ahmad mustaq,mustaq ahamad,ahmad mustaq,mustaq ahamad,0.8047962697442845,0.73682755,0.4871794871794872,0,0,10,0.3333333333333333,0.96,0,0,1,0.88654673
rai brij kishor,brij kishore rai,1,rai brij kishor,brij kishore rai,rai brij kishor,brij kishore rai,0.8863645862536758,0.80883664,0.7694444444444445,0,0,9,0.5,0.97,1,0,1,0.88654673
becon ranjana,ranjana bacon,1,becon ranjana,ranjana bacon,becon ranjana,ranjana bacon,0.7413402256203893,0.51951003,0.5494505494505494,0,0,11,0.3333333333333333,0.92,1,0,1,0.7301133
tandon ruchir,ruchir tondon,1,tandon ruchir,ruchir tondon,tandon ruchir,ruchir tondon,0.7504722834695149,0.8279751,0.3717948717948718,0,0,12,0.3333333333333333,0.92,0,0,1,0.7301133
verma seem km,s k verma,1,verma seem km,s k verma,verma seem km,s k verma,0.5833706952295534,0.698918,0.5427350427350427,0,0,10,0.2,0.82,1,1,1,0.8983663
verma shiv kumar,s verma,1,verma shiv kumar,s verma,verma shiv kumar,s verma,0.6417762519300528,0.5877747,0.6696428571428571,0,0,12,0.25,0.83,1,1,1,0.89895767
nath som,s nath,1,nath som,s nath,nath som,s nath,0.6041072753382535,0.7053039,0.6861111111111112,0,0,6,0.3333333333333333,0.86,0,1,1,0.89895767
alok kumar srivastava,a k srivastava,1,alok kumar srivastava,a k srivastava,alok kumar srivastava,a k srivastava,0.7607875894546757,0.778514,0.7714285714285715,0,0,7,0.2,0.83,1,1,1,0.8983663
sharma ashwani kumar,ashwani k sharma,1,sharma ashwani kumar,ashwani k sharma,sharma ashwani kumar,ashwani k sharma,0.9004231627103549,0.9012549,0.7875,0,0,12,0.5,0.93,1,1,1,0.89895767
roy aditya,aaditya rey,1,roy aditya,aaditya rey,roy aditya,aaditya rey,0.5199404532038747,0.2904422,0.6757575757575758,0,0,8,0.0,0.86,1,0,1,0.81857175
kushwaha byas,b kushwah,1,kushwaha byas,b kushwah,kushwaha byas,b kushwah,0.6019888950047263,0.68299645,0.772079772079772,0,0,8,0.0,0.82,0,0,1,0.8462982
singh puja,p singh,1,singh puja,p singh,singh puja,p singh,0.5813915812418781,0.7627553,0.6523809523809524,0,0,7,0.3333333333333333,0.83,0,1,1,0.89895767
agrawal deepa km,d k agrawal,1,agrawal deepa km,d k agrawal,agrawal deepa km,d k agrawal,0.697679918188201,0.69559276,0.5757575757575758,0,0,13,0.2,0.81,0,1,1,0.8983663
rawat meha km,m k rawat,1,rawat meha km,m k rawat,rawat meha km,m k rawat,0.642838864001652,0.7608613,0.5427350427350427,0,0,11,0.2,0.82,0,1,1,0.8983663
gautam kumar,k gautam,1,gautam kumar,k gautam,gautam kumar,k gautam,0.8673065634829048,0.7042844,0.6765873015873017,0,0,8,0.3333333333333333,0.86,0,1,1,0.89895767
bhargava ravi,r bhargava,1,bhargava ravi,r bhargava,bhargava ravi,r bhargava,0.8621395393504896,0.8035215,0.7159544159544161,0,0,7,0.3333333333333333,0.89,1,1,1,0.89895767
sharma shri kant,k sharma,1,sharma kant,k sharma,sharma kant,k sharma,0.7069665098572279,0.7436453,0.7651515151515151,0,0,7,0.3333333333333333,0.86,1,1,1,0.89895767
kankane aradhana smt,aradhna kankane,1,kankane aradhana,aradhna kankane,kankane aradhana,aradhna kankane,0.798520795495078,0.94818354,0.6972222222222223,0,0,11,0.3333333333333333,0.97,1,0,1,0.88654673
agarwal charu smt,charu aggarwal,1,agarwal charu,charu aggarwal,agarwal charu,charu aggarwal,0.8007388341696317,0.9562418,0.6039377289377289,0,0,11,0.3333333333333333,0.96,0,0,1,0.88654673
sharma dev kumar,d sharma,1,sharma dev kumar,d sharma,sharma dev kumar,d sharma,0.6216103768355588,0.775236,0.6666666666666666,0,0,12,0.25,0.86,1,1,1,0.89895767
srivastava gita miss,g srivastava,1,srivastava gita,g srivastava,srivastava gita,g srivastava,0.8118296912816878,0.8322084,0.8333333333333334,0,0,7,0.3333333333333333,0.91,1,1,1,0.89895767
srivastava jyotsana miss,jyotsana srivastva,1,srivastava jyotsana,jyotsana srivastva,srivastava jyotsana,jyotsana srivastva,0.7972159320096918,0.9537804,0.5785043416622364,0,0,14,0.3333333333333333,0.97,1,0,1,0.88654673
khandelwal amita miss,anita khandelwal,1,khandelwal amita,anita khandelwal,khandelwal amita,anita khandelwal,0.8287852480443383,0.57826835,0.7467948717948718,0,0,12,0.3333333333333333,0.94,1,0,1,0.88408244
singh kum mrs,k singh,1,singh kum,k singh,singh kum,k singh,0.705589479451916,0.8662535,0.7566137566137566,0,0,6,0.3333333333333333,0.88,0,1,1,0.89895767
gupta shok kumar,k gupta,1,gupta shok kumar,k gupta,gupta shok kumar,k gupta,0.6505904671351772,0.8483343,0.5773809523809524,0,0,13,0.25,0.83,1,1,1,0.89895767
gupta ritu k,r k gupta,1,gupta ritu k,r k gupta,gupta ritu k,r k gupta,0.6711102244948041,0.89626765,0.5555555555555555,0,0,11,0.5,0.88,1,1,1,0.89895767
pandey raj kumar,r pandey,1,pandey raj kumar,r pandey,pandey raj kumar,r pandey,0.7655510928845111,0.61529326,0.6666666666666666,0,0,12,0.25,0.86,0,1,1,0.89895767
upadhyay seema km,s k upadhyay,1,upadhyay seema km,s k upadhyay,upadhyay seema km,s k upadhyay,0.7415003721190313,0.70484304,0.6116557734204793,0,0,13,0.2,0.83,0,1,1,0.8983663
srivastava shashi miss,shashi srivastav,1,srivastava shashi,shashi srivastav,srivastava shashi,shashi srivastav,0.8864391748749838,0.91122025,0.8024159663865547,0,0,13,0.3333333333333333,0.97,1,0,1,0.88405037
gulati saroj miss,s gulati,1,gulati saroj,s gulati,gulati saroj,s gulati,0.7272766243214273,0.74531144,0.6765873015873017,0,0,8,0.3333333333333333,0.86,1,1,1,0.89895767
agarwal mainisha miss,manisha aggarwal,1,agarwal mainisha,manisha aggarwal,agarwal mainisha,manisha aggarwal,0.5686860112411598,0.7698674,0.5773809523809524,0,0,13,0.0,0.94,1,0,1,0.5659059
mishra vyom,v mishra,1,mishra vyom,v mishra,mishra vyom,v mishra,0.5680414918269491,0.8089103,0.7651515151515151,0,0,7,0.3333333333333333,0.86,1,1,1,0.89895767
singh vina,v singh,1,singh vina,v singh,singh vina,v singh,0.6953589083167319,0.6883068,0.6523809523809524,0,0,7,0.3333333333333333,0.83,0,1,1,0.89895767
har dayal,h dayal,1,har dayal,h dayal,har dayal,h dayal,0.8527954850009376,0.7044719,0.8476190476190476,0,0,2,0.3333333333333333,0.88,0,1,1,0.8989275
singh hina km,h k singh,1,singh hina km,h k singh,singh hina km,h k singh,0.5494244638046869,0.6653938,0.6292226292226292,0,0,10,0.2,0.82,0,1,1,0.89389294
husain imran,imran hussain,1,husain imran,imran hussain,husain imran,imran hussain,0.7966001866898915,0.51441944,0.6120268620268621,0,0,9,0.3333333333333333,0.96,0,0,1,0.88408244
gupta jaya km,j k gupta,1,gupta jaya km,j k gupta,gupta jaya km,j k gupta,0.629806371699648,0.775117,0.5427350427350427,0,0,12,0.2,0.82,1,1,1,0.8983663
lomba akanksha smt,akanksha loomba,1,lomba akanksha,akanksha loomba,lomba akanksha,akanksha loomba,0.7660315561101696,0.6939324,0.6936507936507935,0,0,13,0.3333333333333333,0.97,1,0,1,0.88654673
tripathi neha km,n k tripathi,1,tripathi neha km,n k tripathi,tripathi neha km,n k tripathi,0.7083847592879352,0.71214855,0.6226851851851852,0,0,12,0.2,0.86,1,1,1,0.8983663
gupta nyay bhai,nyay b gupta,1,gupta nyay bhai,nyay b gupta,gupta nyay bhai,nyay b gupta,0.8545548117112295,0.9090586,0.6083333333333333,0,0,12,0.5,0.91,1,1,1,0.89895767
mathur pawan kumar,p mathur,1,mathur pawan kumar,p mathur,mathur pawan kumar,p mathur,0.6808810431366578,0.57281446,0.6481481481481481,0,0,14,0.25,0.86,0,1,1,0.89895767
grover shashi,sashi grover,1,grover shashi,sashi grover,grover shashi,sashi grover,0.838329573635494,0.76406014,0.3803418803418803,0,0,12,0.3333333333333333,0.96,1,0,1,0.88654673
singh shardool,sardool singh,1,singh shardool,sardool singh,singh shardool,sardool singh,0.8909923898041846,0.7386803,0.4472527472527473,0,0,13,0.3333333333333333,0.96,0,0,1,0.88654673
chaudhry rekha miss,r chaudhry,1,chaudhry rekha,r chaudhry,chaudhry rekha,r chaudhry,0.7931678162546667,0.6651925,0.6994708994708995,0,0,8,0.3333333333333333,0.89,0,1,1,0.89895767
chaudhary vibha km,v k chaudhary,1,chaudhary vibha km,v k chaudhary,chaudhary vibha km,v k chaudhary,0.6591904671803315,0.7307488,0.6082621082621084,0,0,13,0.2,0.84,0,1,1,0.8983663
gupta abha km,a k gupta,1,gupta abha km,a k gupta,gupta abha km,a k gupta,0.6428993018391074,0.7513051,0.6292226292226292,0,0,11,0.2,0.82,1,1,1,0.8983663
singh yogita km,yogita singh,1,singh yogita km,yogita singh,singh yogita km,yogita singh,0.9174266007814316,0.71908873,0.6351851851851852,0,0,11,0.6666666666666666,1.0,1,1,1,0.89895767
aslam mohd,m aslam,1,aslam mohd,m aslam,aslam mohd,m aslam,0.7536244294204383,0.69334996,0.7571428571428571,0,0,7,0.3333333333333333,0.83,0,1,1,0.89895767
agrawal ritu,r agrawal,1,agrawal ritu,r agrawal,agrawal ritu,r agrawal,0.7565027729348844,0.83815926,0.6851851851851851,0,0,7,0.3333333333333333,0.88,0,1,1,0.89895767
agarwal shanta mrs,shanta aggarwal,1,agarwal shanta,shanta aggarwal,agarwal shanta,shanta aggarwal,0.7898040670165091,0.95246863,0.5539682539682539,0,0,11,0.3333333333333333,0.97,1,0,1,0.88654673
srivastava ahok kumar,a k srivastava,1,srivastava ahok kumar,a k srivastava,srivastava ahok kumar,a k srivastava,0.7410921577437154,0.7786294,0.6706349206349206,0,0,15,0.2,0.83,1,1,1,0.8983663
jaiswal ruby,r jaiswal,1,jaiswal ruby,r jaiswal,jaiswal ruby,r jaiswal,0.6709380964905479,0.7310415,0.7870370370370371,0,0,7,0.3333333333333333,0.88,0,1,1,0.89895767
pandey anurag,anurag panday,1,pandey anurag,anurag panday,pandey anurag,anurag panday,0.7345230769450146,0.60013556,0.5299145299145299,0,0,9,0.3333333333333333,0.92,0,0,1,0.7301133
singh anu km,a k singh,1,singh anu km,a k singh,singh anu km,a k singh,0.5962566075110017,0.68384707,0.5555555555555555,0,0,11,0.2,0.86,0,1,1,0.8983663
mishra bijay kumar,b mishra,1,mishra bijay kumar,b mishra,mishra bijay kumar,b mishra,0.6013904072020285,0.72012883,0.6481481481481481,0,0,14,0.25,0.86,1,1,1,0.89895767
mandal babulal,b mandal,1,mandal babulal,b mandal,mandal babulal,b mandal,0.5462150408326867,0.7773286,0.6488095238095238,0,0,10,0.3333333333333333,0.86,0,1,1,0.8944135
chauhan sneh,s chauhan,1,chauhan sneh,s chauhan,chauhan sneh,s chauhan,0.6794440186049432,0.8593446,0.7870370370370371,0,0,7,0.3333333333333333,0.88,0,1,1,0.89895767
chauhan devi,d chauhan,1,chauhan devi,d chauhan,chauhan devi,d chauhan,0.7598318984190864,0.7306508,0.7870370370370371,0,0,7,0.3333333333333333,0.88,0,1,1,0.89895767
kumar deepa km,deepa k,1,kumar deepa km,deepa k,kumar deepa km,deepa k,0.7058671226590366,0.7028651,0.6904761904761904,0,0,7,0.25,0.83,1,1,1,0.89895767
gupta anju km,a k gupta,1,gupta anju km,a k gupta,gupta anju km,a k gupta,0.6039080086013447,0.76944244,0.6292226292226292,0,0,10,0.2,0.82,1,1,1,0.8983663
asma hashmi,a hashmi,1,asma hashmi,a hashmi,asma hashmi,a hashmi,0.7012762648026921,0.6979276,0.8431818181818183,0,0,3,0.3333333333333333,0.86,1,1,1,0.8989275
avi gupta,a gupta,1,avi gupta,a gupta,avi gupta,a gupta,0.7635245403526316,0.74265295,0.9333333333333333,0,0,2,0.3333333333333333,0.88,1,1,1,0.89880055
ram bihari,r bihari,1,ram bihari,r bihari,ram bihari,r bihari,0.8987833112511382,0.84898233,0.865,0,0,2,0.3333333333333333,0.89,1,1,1,0.89880055
agarwal manju miss,manju aggarwal,1,agarwal manju,manju aggarwal,agarwal manju,manju aggarwal,0.79687522651848,0.9488205,0.5744810744810745,0,0,12,0.3333333333333333,0.96,0,0,1,0.88654673
vaishnava harish chandra,harish c vaishnava,1,vaishnava harish chandra,harish c vaishnava,vaishnava harish chandra,harish c vaishnava,0.8759269007732818,0.811167,0.7685185185185185,0,0,14,0.5,0.94,1,1,1,0.89895767
aditi agarwal,a agarwal,1,aditi agarwal,a agarwal,aditi agarwal,a agarwal,0.7101283939952754,0.7135903,0.9076923076923077,0,0,4,0.3333333333333333,0.88,0,1,1,0.89880055
agarwal ghata,g agarwal,1,agarwal ghata,g agarwal,agarwal ghata,g agarwal,0.6982225965740501,0.8639324,0.6680911680911681,0,0,8,0.3333333333333333,0.88,0,1,1,0.89895767
gupta alka km,a k gupta,1,gupta alka km,a k gupta,gupta alka km,a k gupta,0.580574773876832,0.7249004,0.6292226292226292,0,0,11,0.2,0.82,1,1,1,0.8983663
mishra arti km,a k mishra,1,mishra arti km,a k mishra,mishra arti km,a k mishra,0.6283930821087033,0.71802443,0.6654761904761904,0,0,12,0.2,0.83,1,1,1,0.8983663
agarwal anita miss,anita aggarwal,1,agarwal anita,anita aggarwal,agarwal anita,anita aggarwal,0.789217298016126,0.86257744,0.6318681318681318,0,0,11,0.3333333333333333,0.96,1,0,1,0.88654673
gupta binu,b gupta,1,gupta binu,b gupta,gupta binu,b gupta,0.641520566299367,0.8098154,0.6523809523809524,0,0,7,0.3333333333333333,0.83,1,1,1,0.89895767
singh dal,d singh,1,singh dal,d singh,singh dal,d singh,0.7104204411625311,0.7062603,0.7566137566137566,0,0,6,0.3333333333333333,0.88,0,1,1,0.89895767
srivastava hari om,h o srivastava,1,srivastava hari om,h o srivastava,srivastava hari om,h o srivastava,0.7804718006438193,0.8038516,0.6474266474266474,0,0,12,0.2,0.88,1,1,1,0.8983663
kalra saroj miss,s kalra,1,kalra saroj,s kalra,kalra saroj,s kalra,0.7060207134622435,0.73531824,0.6341991341991342,0,0,8,0.3333333333333333,0.83,1,1,1,0.89895767
maheshwari lalita mrs,lalita maheswari,1,maheshwari lalita,lalita maheswari,maheshwari lalita,lalita maheswari,0.7992516517408063,0.92199594,0.7052224736048265,0,0,14,0.3333333333333333,0.97,1,0,1,0.88654673
tripathi manish,manish tripathy,1,tripathi manish,manish tripathy,tripathi manish,manish tripathy,0.8467243800953984,0.822336,0.5638888888888889,0,0,13,0.3333333333333333,0.93,0,0,1,0.7413408
mathur rama,r mathur,1,mathur rama,r mathur,mathur rama,r mathur,0.8467497217781842,0.56226516,0.7651515151515151,0,0,7,0.3333333333333333,0.86,0,1,1,0.89895767
ram dayal,r dayal,1,ram dayal,r dayal,ram dayal,r dayal,0.8646072365708068,0.6698209,0.8476190476190476,0,0,2,0.3333333333333333,0.88,0,1,1,0.8989275
vaid raahul,rahul vaidh,1,vaid raahul,rahul vaidh,vaid raahul,rahul vaidh,0.5177013001256073,0.70927703,0.5757575757575758,0,0,9,0.0,0.91,0,0,1,0.6993383
chaurasia ritu miss,r chaurasia,1,chaurasia ritu,r chaurasia,chaurasia ritu,r chaurasia,0.7997888436374729,0.8648419,0.7077922077922079,0,0,7,0.3333333333333333,0.9,1,1,1,0.89895767
yadav raj kumar,r yadav,1,yadav raj kumar,r yadav,yadav raj kumar,r yadav,0.7596613228688269,0.7211622,0.6793650793650793,0,0,12,0.25,0.83,0,1,1,0.89895767
awasthi swati,s awasthi,1,awasthi swati,s awasthi,awasthi swati,s awasthi,0.8040776218140117,0.71824026,0.6680911680911681,0,0,8,0.3333333333333333,0.88,1,1,1,0.89895767
agarwal vimita mrs,vinita agarwal,1,agarwal vimita,vinita agarwal,agarwal vimita,vinita agarwal,0.6229009613090164,0.6761465,0.5079365079365079,0,0,12,0.3333333333333333,0.93,1,0,1,0.56894106
singh veer,v singh,1,singh veer,v singh,singh veer,v singh,0.6468438268735162,0.69996285,0.6523809523809524,0,0,7,0.3333333333333333,0.83,0,1,1,0.89895767
srivastava vanya ku,v k srivastava,1,srivastava vanya ku,v k srivastava,srivastava vanya ku,v k srivastava,0.7605341120272315,0.8162136,0.6906850459482038,0,0,13,0.2,0.85,1,1,1,0.8983663
singh har pal,h p singh,1,singh har pal,h p singh,singh har pal,h p singh,0.6400204863299391,0.7722472,0.6292226292226292,0,0,11,0.2,0.82,0,1,1,0.8983663
kaushik asha,a kaushik,1,kaushik asha,a kaushik,kaushik asha,a kaushik,0.8741442631745584,0.6266682,0.6851851851851851,0,0,7,0.3333333333333333,0.88,0,1,1,0.89895767
singh roli km,k r singh,1,singh roli km,k r singh,singh roli km,k r singh,0.48680494671462077,0.74073195,0.6292226292226292,0,0,10,0.2,0.82,0,1,1,0.51553035
narang jai,j narang,1,narang jai,j narang,narang jai,j narang,0.7772895147701713,0.6673419,0.7833333333333333,0,0,6,0.3333333333333333,0.89,0,1,1,0.89895767
gupta shri kant,k gupta,1,gupta kant,k gupta,gupta kant,k gupta,0.7466376490607587,0.7828424,0.6523809523809524,0,0,7,0.3333333333333333,0.83,1,1,1,0.89895767
mathur kusum,k mathur,1,mathur kusum,k mathur,mathur kusum,k mathur,0.6726137656503873,0.77904403,0.6765873015873017,0,0,8,0.3333333333333333,0.86,0,1,1,0.89895767
maheswari madhu mrs,madhu maheshwari,1,maheswari madhu,madhu maheshwari,maheswari madhu,madhu maheshwari,0.7744838979371974,0.92351186,0.811880341880342,0,0,12,0.3333333333333333,0.97,1,0,1,0.88405037
ram mahesh,mahesh r,1,ram mahesh,mahesh r,ram mahesh,mahesh r,0.8432052350146436,0.69730645,0.7154761904761905,0,0,6,0.3333333333333333,0.89,0,1,1,0.89895767
srivastava manisha miss,manish srivastav,1,srivastava manisha,manish srivastav,srivastava manisha,manish srivastav,0.8198372245448889,0.8429471,0.6910612535612536,0,0,15,0.0,0.94,0,0,1,0.8921022
mahmood tariq,tariq mehmood,1,mahmood tariq,tariq mehmood,mahmood tariq,tariq mehmood,0.7640052552843456,0.9059525,0.4551282051282051,0,0,12,0.3333333333333333,0.92,0,0,1,0.7301133
tripathi manu,m tripathi,1,tripathi manu,m tripathi,tripathi manu,m tripathi,0.8178481484133012,0.7689281,0.8051282051282053,0,0,7,0.3333333333333333,0.89,1,1,1,0.89895767
pandey rochak,rochak panday,1,pandey rochak,rochak panday,pandey rochak,rochak panday,0.773297766121545,0.72998446,0.4871794871794872,0,0,11,0.3333333333333333,0.92,0,0,1,0.7301133
nem singh,n singh,1,nem singh,n singh,nem singh,n singh,0.6164779557858606,0.86578256,0.9333333333333333,0,0,2,0.3333333333333333,0.88,0,1,1,0.89880055
kothari prachi,p kothari,1,kothari prachi,p kothari,kothari prachi,p kothari,0.7162229016160298,0.75026035,0.6534391534391534,0,0,9,0.3333333333333333,0.88,1,1,1,0.89895767
ramchandani prabhu,p ramchandani,1,ramchandani prabhu,p ramchandani,ramchandani prabhu,p ramchandani,0.8049546869961789,0.7896462,0.8190883190883191,0,0,9,0.3333333333333333,0.92,1,1,1,0.89895767
agarwal ritu,r agarwal,1,agarwal ritu,r agarwal,agarwal ritu,r agarwal,0.7198894989833984,0.8282068,0.6851851851851851,0,0,7,0.3333333333333333,0.88,0,1,1,0.89895767
saxena ram kumar,r saxena,1,saxena ram kumar,r saxena,saxena ram kumar,r saxena,0.8249025996186375,0.68351245,0.6666666666666666,0,0,12,0.25,0.86,1,1,1,0.89895767
gupta ritu ku,r k gupta,1,gupta ritu ku,r k gupta,gupta ritu ku,r k gupta,0.5703801261299271,0.84305435,0.5427350427350427,0,0,11,0.2,0.82,1,1,1,0.8983663
sharma sanchit,sanchita sharma,1,sharma sanchit,sanchita sharma,sharma sanchit,sanchita sharma,0.8813960652543843,0.8686315,0.6182539682539683,0,0,12,0.3333333333333333,0.97,1,0,1,0.88654673
varshney sabita smt,savita varshney,1,varshney sabita,savita varshney,varshney sabita,savita varshney,0.6973158426641396,0.8226377,0.5492063492063491,0,0,14,0.3333333333333333,0.93,1,0,1,0.58527595
sha anil,anil shah,1,sha anil,anil shah,sha anil,anil shah,0.7539348469568752,0.7154437,0.5694444444444444,0,0,8,0.3333333333333333,0.94,0,0,1,0.860107
pande shantanu,shantano pandey,1,pande shantanu,shantano pandey,pande shantanu,shantano pandey,0.5958698895545728,0.85860014,0.6936507936507935,0,0,12,0.0,0.9,0,0,1,0.83958846
pandey aditya,aditya panday,1,pandey aditya,aditya panday,pandey aditya,aditya panday,0.7357624354714889,0.67347133,0.6602564102564102,0,0,10,0.3333333333333333,0.92,1,0,1,0.7301133
singh jai pal,j p singh,1,singh jai pal,j p singh,singh jai pal,j p singh,0.5822202579046547,0.7382307,0.5427350427350427,0,0,11,0.2,0.82,0,1,1,0.8983663
singh rati km,r k singh,1,singh rati km,r k singh,singh rati km,r k singh,0.5770425986988252,0.62591136,0.5427350427350427,0,0,11,0.2,0.82,0,1,1,0.89775467
singh ram,r singh,1,singh ram,r singh,singh ram,r singh,0.7988751059294144,0.7150755,0.7566137566137566,0,0,6,0.3333333333333333,0.88,0,1,1,0.89895767
bansal uma miss,u bansal,1,bansal uma,u bansal,bansal uma,u bansal,0.7972022504206657,0.64551663,0.7833333333333333,0,0,6,0.3333333333333333,0.89,0,1,1,0.89895767
verma shok kumar,s verma,1,verma shok kumar,s verma,verma shok kumar,s verma,0.6424117925522804,0.56920993,0.6696428571428571,0,0,13,0.25,0.83,1,1,1,0.89895767
mishra vinod kumar,v mishra,1,mishra vinod kumar,v mishra,mishra vinod kumar,v mishra,0.6120152368757921,0.66182125,0.6481481481481481,0,0,14,0.25,0.86,1,1,1,0.89895767
gupta vani ku,v k gupta,1,gupta vani ku,v k gupta,gupta vani ku,v k gupta,0.6362447681968961,0.7969484,0.5427350427350427,0,0,12,0.2,0.82,1,1,1,0.8983663
malik vivek,v malik,1,malik vivek,v malik,malik vivek,v malik,0.6617918699746528,0.7532309,0.6341991341991342,0,0,8,0.3333333333333333,0.83,0,1,1,0.89895767
yadav ritu km,r k yadav,1,yadav ritu km,r k yadav,yadav ritu km,r k yadav,0.6115936909060086,0.753065,0.5427350427350427,0,0,12,0.2,0.82,0,1,1,0.8983663
pathak anu,a pathak,1,pathak anu,a pathak,pathak anu,a pathak,0.7823787193427161,0.7388848,0.7154761904761905,0,0,6,0.3333333333333333,0.89,0,1,1,0.89895767
alam sarfaraz,sarfaraj alam,1,alam sarfaraz,sarfaraj alam,alam sarfaraz,sarfaraj alam,0.8098123315584429,0.8842037,0.7461538461538462,0,0,10,0.3333333333333333,0.92,0,0,1,0.7182891
verma anju km,a k verma,1,verma anju km,a k verma,verma anju km,a k verma,0.610429387886194,0.7155347,0.6292226292226292,0,0,11,0.2,0.82,1,1,1,0.8983663
mohd aslam,m aslam,1,mohd aslam,m aslam,mohd aslam,m aslam,0.7536244294204383,0.6582161,0.91,0,0,3,0.3333333333333333,0.83,0,1,1,0.89880055
chaudhary anita smt,anita chaudhry,1,chaudhary anita,anita chaudhry,chaudhary anita,anita chaudhry,0.7303886471021996,0.8257544,0.6881673881673881,0,0,13,0.3333333333333333,0.97,1,0,1,0.88654673
jaiswal ajay kumar,a jaiswal,1,jaiswal ajay kumar,a jaiswal,jaiswal ajay kumar,a jaiswal,0.7431944102510294,0.68307626,0.6851851851851851,0,0,13,0.25,0.88,0,1,1,0.89895767
kidwai ashhar abrar,ashhar a kidwai,1,kidwai ashhar abrar,ashhar a kidwai,kidwai ashhar abrar,ashhar a kidwai,0.8749321650913049,0.8464212,0.6495481127060074,0,0,13,0.5,0.93,1,1,1,0.89895767
bansal anju km,a k bansal,1,bansal anju km,a k bansal,bansal anju km,a k bansal,0.6689109918535036,0.70951146,0.6238095238095238,0,0,11,0.2,0.83,0,1,1,0.8983663
chaudhary abha km,a k chaudhary,1,chaudhary abha km,a k chaudhary,chaudhary abha km,a k chaudhary,0.7493112924187455,0.71460414,0.6795557383792677,0,0,12,0.2,0.87,0,1,1,0.8983663
chaudhary neeraj,neeraj choudhary,1,chaudhary neeraj,neeraj choudhary,chaudhary neeraj,neeraj choudhary,0.7606095118654643,0.86440045,0.6401515151515151,0,0,15,0.3333333333333333,0.94,0,0,1,0.88654673
gupta anu miss,a gupta,1,gupta anu,a gupta,gupta anu,a gupta,0.7713445275192166,0.850999,0.7566137566137566,0,0,6,0.3333333333333333,0.88,1,1,1,0.89895767
dara gupta,d gupta,1,dara gupta,d gupta,dara gupta,d gupta,0.7333377233214814,0.75691855,0.7814285714285714,0,0,3,0.3333333333333333,0.83,1,1,1,0.89895767
nar singh,n singh,1,nar singh,n singh,nar singh,n singh,0.7393626458574183,0.8156593,0.9333333333333333,0,0,2,0.3333333333333333,0.88,0,1,1,0.89880055
sharma riti km,r k sharma,1,sharma riti km,r k sharma,sharma riti km,r k sharma,0.5564976689367613,0.6883925,0.6238095238095238,0,0,12,0.2,0.83,1,1,1,0.894522
s rajesh,rajesh sal,1,s rajesh,rajesh sal,s rajesh,rajesh sal,0.7704119651884933,0.76359236,0.7154761904761905,0,0,6,0.3333333333333333,0.89,0,1,1,0.89895767
verma soni,s verma,1,verma soni,s verma,verma soni,s verma,0.6984219623129788,0.69093287,0.6523809523809524,0,0,7,0.3333333333333333,0.83,1,1,1,0.89895767
hussain zainab,zainab husain,1,hussain zainab,zainab husain,hussain zainab,zainab husain,0.8462559236912253,0.57791907,0.6302401302401303,0,0,11,0.3333333333333333,0.96,0,0,1,0.88408244
islam ziaul,z islam,1,islam ziaul,z islam,islam ziaul,z islam,0.6082203427376841,0.8491714,0.6341991341991342,0,0,8,0.3333333333333333,0.83,0,1,1,0.89895767
gupta ajay,ajay gaupta,1,gupta ajay,ajay gaupta,gupta ajay,ajay gaupta,0.7737282350640475,0.58711857,0.5045454545454545,0,0,10,0.3333333333333333,0.95,1,0,1,0.88408244
gupta anju ku,a k gupta,1,gupta anju ku,a k gupta,gupta anju ku,a k gupta,0.6013263123114477,0.82513475,0.6292226292226292,0,0,10,0.2,0.82,1,1,1,0.8983663
jaiswal arun kumar,a jaiswal,1,jaiswal arun kumar,a jaiswal,jaiswal arun kumar,a jaiswal,0.7305474656854553,0.64687103,0.6851851851851851,0,0,13,0.25,0.88,0,1,1,0.89895767
arun kumar jaiswal,a jaiswal,1,arun kumar jaiswal,a jaiswal,arun kumar jaiswal,a jaiswal,0.7305474656854553,0.6002394,0.5555555555555555,0,0,9,0.25,0.88,0,1,1,0.89895767
tripathi alka km,a k tripathi,1,tripathi alka km,a k tripathi,tripathi alka km,a k tripathi,0.6917136210332844,0.60220563,0.6527777777777778,0,0,12,0.2,0.86,1,1,1,0.89775467
shukla anamika km,anamika shukla,1,shukla anamika km,anamika shukla,shukla anamika km,anamika shukla,0.9300452538700293,0.7605498,0.6341736694677871,0,0,12,0.6666666666666666,1.0,1,1,1,0.89895767
panwar anuj,a panwar,1,panwar anuj,a panwar,panwar anuj,a panwar,0.7208242072138082,0.6400188,0.6942640692640693,0,0,7,0.3333333333333333,0.86,0,1,1,0.89895767
kaushik anil kumar,a kaushik,1,kaushik anil kumar,a kaushik,kaushik anil kumar,a kaushik,0.7741987002662322,0.6073472,0.6851851851851851,0,0,13,0.25,0.88,0,1,1,0.89895767
banerjee sushan,s banerjee,1,banerjee sushan,s banerjee,banerjee sushan,s banerjee,0.8068033432159077,0.80472004,0.7777777777777778,0,0,9,0.3333333333333333,0.89,0,1,1,0.89895767
sinha binod kumar,b sinha,1,sinha binod kumar,b sinha,sinha binod kumar,b sinha,0.5839038570979684,0.613623,0.6610644257703081,0,0,13,0.25,0.83,1,1,1,0.89895767
chaurasia deepa,d chaurasia,1,chaurasia deepa,d chaurasia,chaurasia deepa,d chaurasia,0.8152427914980531,0.78931737,0.806060606060606,0,0,8,0.3333333333333333,0.9,1,1,1,0.89895767
srivastava sandeepa miss,sandeep srivastava,1,srivastava sandeepa,sandeep srivastava,srivastava sandeepa,sandeep srivastava,0.9036574654957603,0.92172956,0.6739391213075424,0,0,16,0.3333333333333333,0.97,1,0,1,0.88654673
gupta miti km,m k gupta,1,gupta miti km,m k gupta,gupta miti km,m k gupta,0.6065764793197126,0.73031485,0.5427350427350427,0,0,12,0.2,0.82,1,1,1,0.8983663
singh har vir,h v singh,1,singh har vir,h v singh,singh har vir,h v singh,0.5839163873060023,0.6846138,0.6292226292226292,0,0,11,0.2,0.82,0,1,1,0.8983663
srivastava harsh,harish srivastava,1,srivastava harsh,harish srivastava,srivastava harsh,harish srivastava,0.8189051021568262,0.6986042,0.8288398692810457,0,0,12,0.3333333333333333,0.97,1,0,1,0.88405037
baranwal kiran,k baranwal,1,baranwal kiran,k baranwal,baranwal kiran,k baranwal,0.8191906379615045,0.7275757,0.7904761904761904,0,0,8,0.3333333333333333,0.89,0,1,1,0.89895767
mishra kunal,k mishra,1,mishra kunal,k mishra,mishra kunal,k mishra,0.667267667824214,0.6797408,0.6765873015873017,0,0,8,0.3333333333333333,0.86,1,1,1,0.89895767
sinha neha km,n k sinha,1,sinha neha km,n k sinha,sinha neha km,n k sinha,0.6323168362748859,0.7363622,0.6292226292226292,0,0,10,0.2,0.82,1,1,1,0.8983663
rastogi pankah,pankaj rastogi,1,rastogi pankah,pankaj rastogi,rastogi pankah,pankaj rastogi,0.7929952399317202,0.91732335,0.44047619047619047,0,0,12,0.3333333333333333,0.93,1,0,1,0.7413408
smita pathak,s pathak,1,smita pathak,s pathak,smita pathak,s pathak,0.6494113229481524,0.69031,0.7875,0,0,4,0.3333333333333333,0.86,0,1,1,0.89895767
puja singh,p singh,1,puja singh,p singh,puja singh,p singh,0.5813915812418781,0.783659,0.91,0,0,3,0.3333333333333333,0.83,0,1,1,0.89880055
kushwaha renu,r kushwaha,1,kushwaha renu,r kushwaha,kushwaha renu,r kushwaha,0.8029356599643854,0.77093524,0.8051282051282053,0,0,7,0.3333333333333333,0.89,1,1,1,0.89895767
singh shanker,shankar singh,1,singh shanker,shankar singh,singh shanker,shankar singh,0.6493806844343494,0.6630835,0.6185897435897436,0,0,10,0.3333333333333333,0.92,0,0,1,0.56464946
chowdhary sunil,s chowdhary,1,chowdhary sunil,s chowdhary,chowdhary sunil,s chowdhary,0.8226124112699232,0.76135635,0.806060606060606,0,0,8,0.3333333333333333,0.9,0,1,1,0.89895767
riya solanki,r solanki,1,riya solanki,r solanki,riya solanki,r solanki,0.8454686353003225,0.7780652,0.8583333333333333,0,1,3,0.3333333333333333,0.88,1,1,1,0.89880055
mall shantanu p,s p mall,1,mall shantanu p,s p mall,mall shantanu p,s p mall,0.6260159835621767,0.6384637,0.5499999999999999,0,0,13,0.5,0.86,0,1,1,0.89895767
tripathi ritu km,r k tripathi,1,tripathi ritu km,r k tripathi,tripathi ritu km,r k tripathi,0.6956767123634399,0.7222003,0.6527777777777778,0,0,12,0.2,0.86,1,1,1,0.8983663
gupta venu km,v k gupta,1,gupta venu km,v k gupta,gupta venu km,v k gupta,0.5827597759008437,0.70494354,0.5427350427350427,0,0,11,0.2,0.82,1,1,1,0.8983663
dubey girish,g dubey,1,dubey girish,g dubey,dubey girish,g dubey,0.7388551477793871,0.7959534,0.6190476190476191,0,0,9,0.3333333333333333,0.83,0,1,1,0.89895767
singh gyan,g singh,1,singh gyan,g singh,singh gyan,g singh,0.5627226220596778,0.8337341,0.7571428571428571,0,0,7,0.3333333333333333,0.83,0,1,1,0.89895767
grover bindya,b grover,1,grover bindya,b grover,grover bindya,b grover,0.7345666594263557,0.71070826,0.6616300366300366,0,0,9,0.3333333333333333,0.86,0,1,1,0.89895767
gupta amit kumar,a gupta,1,gupta amit kumar,a gupta,gupta amit kumar,a gupta,0.648474627475823,0.76788664,0.6696428571428571,0,0,12,0.25,0.83,1,1,1,0.89895767
ahmed altaf,altaf ahamed,1,ahmed altaf,altaf ahamed,ahmed altaf,altaf ahamed,0.7880712225909574,0.6308548,0.4823232323232323,0,0,9,0.3333333333333333,0.96,0,0,1,0.88654673
jamal ahamad,j ahamad,1,jamal ahamad,j ahamad,jamal ahamad,j ahamad,0.7465589653781193,0.69989055,0.7875,0,0,4,0.3333333333333333,0.86,0,1,1,0.89895767
sharma jai pal,j p sharma,1,sharma jai pal,j p sharma,sharma jai pal,j p sharma,0.5917626835356316,0.78801197,0.5904761904761905,0,0,12,0.2,0.83,1,1,1,0.8983663
singh puja km,k p singh,1,singh puja km,k p singh,singh puja km,k p singh,0.503558865230116,0.7010755,0.6292226292226292,0,0,11,0.2,0.82,0,1,1,0.8934219
phogat latika,latika phogut,1,phogat latika,latika phogut,phogat latika,latika phogut,0.7538482396858642,0.799294,0.5230769230769231,0,0,12,0.3333333333333333,0.92,1,0,1,0.7301133
chaudhary manjula miss,manjula chaudhry,1,chaudhary manjula,manjula chaudhry,chaudhary manjula,manjula chaudhry,0.7892824335701332,0.89269155,0.5861928104575163,0,0,15,0.3333333333333333,0.97,1,0,1,0.88654673
thakur raj kumar,r thakur,1,thakur raj kumar,r thakur,thakur raj kumar,r thakur,0.7942918131737526,0.76441705,0.7083333333333334,0,0,11,0.25,0.86,0,1,1,0.89895767
bajaj manoj kumar,m bajaj,1,bajaj manoj kumar,m bajaj,bajaj manoj kumar,m bajaj,0.7003690232258484,0.69709134,0.7086834733893558,0,0,13,0.25,0.83,0,1,1,0.89895767
moh farookh,m farookh,1,moh farookh,m farookh,moh farookh,m farookh,0.8613858529865875,0.79574716,0.8787878787878789,1,1,2,0.3333333333333333,0.9,0,1,1,0.89880055
pathak asha km,a k pathak,1,pathak asha km,a k pathak,pathak asha km,a k pathak,0.6888704708976251,0.6900634,0.7365079365079366,0,0,8,0.2,0.83,0,1,1,0.8983663
nigam ritu km,r k nigam,1,nigam ritu km,r k nigam,nigam ritu km,r k nigam,0.6650602002151225,0.7537753,0.5427350427350427,0,0,10,0.2,0.82,0,1,1,0.8983663
nigam pradeep,pradeep kumar nigam,1,nigam pradeep,pradeep kumar nigam,nigam pradeep,pradeep kumar nigam,0.9266172695487865,0.7393024,0.5985155195681512,0,0,17,0.6666666666666666,1.0,0,1,1,0.89895767
gupta priya,p gupta,1,gupta priya,p gupta,gupta priya,p gupta,0.702932754264383,0.8249198,0.735930735930736,0,0,8,0.3333333333333333,0.83,1,1,1,0.89895767
gupta ritu km,r k gupta,1,gupta ritu km,r k gupta,gupta ritu km,r k gupta,0.5725886487044233,0.76903695,0.5427350427350427,0,0,11,0.2,0.82,1,1,1,0.8983663
roopam mourya,r mourya,1,roopam mourya,r mourya,roopam mourya,r mourya,0.6945910699864573,0.71513766,0.7721153846153846,0,0,5,0.3333333333333333,0.86,1,1,1,0.89895767
srivastav ravi kumar,r srivastav,1,srivastav ravi kumar,r srivastav,srivastav ravi kumar,r srivastav,0.8156572176542259,0.74613744,0.6984848484848486,0,0,13,0.25,0.9,0,1,1,0.89895767
mehrotra rakhi smt,rakhi mahrotra,1,mehrotra rakhi,rakhi mahrotra,mehrotra rakhi,rakhi mahrotra,0.7347646953930321,0.89237505,0.7056277056277057,0,0,12,0.3333333333333333,0.93,1,0,1,0.7413408
dubey ruchi,r dubey,1,dubey ruchi,r dubey,dubey ruchi,r dubey,0.7092274631180906,0.7113998,0.6341991341991342,0,0,8,0.3333333333333333,0.83,0,1,1,0.89895767
varma ravi kumar,r varma,1,varma ravi kumar,r varma,varma ravi kumar,r varma,0.6888270018908331,0.57867193,0.6696428571428571,0,0,11,0.25,0.83,1,1,1,0.89895767
yadav renu,r yadav,1,yadav renu,r yadav,yadav renu,r yadav,0.7061269659386983,0.79651576,0.6523809523809524,0,0,7,0.3333333333333333,0.83,0,1,1,0.89895767
kejriwal rajesh kumar,r kejriwal,1,kejriwal rajesh kumar,r kejriwal,kejriwal rajesh kumar,r kejriwal,0.8437249394821628,0.84735376,0.6587301587301587,0,0,15,0.25,0.89,0,1,1,0.89895767
gpta sunit,suniti gupta,1,gpta sunit,suniti gupta,gpta sunit,suniti gupta,0.5644430465196889,0.48297572,0.6182539682539682,0,0,9,0.0,0.91,1,0,1,0.83672446
yasmein shagufta miss,shagufta yasmeen,1,yasmein shagufta,shagufta yasmeen,yasmein shagufta,shagufta yasmeen,0.7889561845502872,0.8935324,0.47222222222222215,0,0,14,0.3333333333333333,0.94,1,0,1,0.88654673
singh rama shanker,rama shankar singh,1,singh rama shanker,rama shankar singh,singh rama shanker,rama shankar singh,0.7217462390624779,0.721187,0.7333333333333334,0,0,13,0.5,0.94,1,0,1,0.88654673
shukla varun,v shukla,1,shukla varun,v shukla,shukla varun,v shukla,0.75756751348302,0.7744773,0.6765873015873017,0,0,8,0.3333333333333333,0.86,1,1,1,0.89895767
singh ram pal,r p singh,1,singh ram pal,r p singh,singh ram pal,r p singh,0.6436526630746333,0.7264049,0.5427350427350427,0,0,12,0.2,0.82,0,1,1,0.8983663
sabir kareem,s kareem,1,sabir kareem,s kareem,sabir kareem,s kareem,0.7051876813127295,0.82674205,0.825,0,0,4,0.3333333333333333,0.86,0,1,1,0.89895767
kedia shabhu kumar,s kedia,1,kedia shabhu kumar,s kedia,kedia shabhu kumar,s kedia,0.6824697372870645,0.6031033,0.6534391534391534,0,0,15,0.25,0.83,1,1,1,0.89895767
langar sonali,sonali langer,1,langar sonali,sonali langer,langar sonali,sonali langer,0.7201007876237815,0.702361,0.5494505494505494,0,0,10,0.3333333333333333,0.92,1,0,1,0.7301133
mondal sayan,s mondal,1,mondal sayan,s mondal,mondal sayan,s mondal,0.7162806755384599,0.6784045,0.6765873015873017,0,0,8,0.3333333333333333,0.86,0,1,1,0.89895767
singh tej pal,t p singh,1,singh tej pal,t p singh,singh tej pal,t p singh,0.5056896653102865,0.7975483,0.5427350427350427,0,0,12,0.2,0.82,0,1,1,0.8934219
tripathi vibha km,v k tripathi,1,tripathi vibha km,v k tripathi,tripathi vibha km,v k tripathi,0.657629331192503,0.6635301,0.6116557734204793,0,0,13,0.2,0.83,1,1,1,0.8983663
singh ved pal,v p singh,1,singh ved pal,v p singh,singh ved pal,v p singh,0.5558915078138029,0.6365844,0.5427350427350427,0,0,12,0.2,0.82,0,1,1,0.8938899
bhargava vyom,v bhargav,1,bhargava vyom,v bhargav,bhargava vyom,v bhargav,0.5230652193040034,0.7929788,0.772079772079772,0,0,8,0.0,0.82,0,0,1,0.8529984
mohd yunus,m yunus,1,mohd yunus,m yunus,mohd yunus,m yunus,0.8158315455709266,0.80874884,0.91,0,0,3,0.3333333333333333,0.83,0,1,1,0.89880055
shukla archana km,archana shukla,1,shukla archana km,archana shukla,shukla archana km,archana shukla,0.9253644098105446,0.7100041,0.6594092182327477,0,0,12,0.6666666666666666,1.0,1,1,1,0.89895767
asra siddiquie,a s siddiqui,1,asra siddiquie,a s siddiqui,asra siddiquie,a s siddiqui,0.6528989707017115,0.60689527,0.8834415584415584,0,0,4,0.0,0.85,1,0,1,0.8676738
bajaj ashu km,a k bajaj,1,bajaj ashu km,a k bajaj,bajaj ashu km,a k bajaj,0.6982599881383162,0.7254541,0.6768416768416768,0,0,11,0.2,0.82,0,1,1,0.8983663
dubey pawan kumar,p dubey,1,dubey pawan kumar,p dubey,dubey pawan kumar,p dubey,0.6975084587973845,0.5939034,0.6610644257703081,0,0,14,0.25,0.83,0,1,1,0.89895767
dutta asis kumar,a dutta,1,dutta asis kumar,a dutta,dutta asis kumar,a dutta,0.643582664461486,0.6538649,0.6696428571428571,0,0,13,0.25,0.83,1,1,1,0.89895767
bansal anupam miss,anupama bansal,1,bansal anupam,anupama bansal,bansal anupam,anupama bansal,0.8852690159290388,0.88116634,0.5842490842490843,0,0,9,0.3333333333333333,0.96,0,0,1,0.88654673
singh nitu km,k n singh,1,singh nitu km,k n singh,singh nitu km,k n singh,0.5155723951294988,0.72279465,0.6292226292226292,0,0,10,0.2,0.82,0,1,1,0.8934219
hussain mazhar,mazhar husain,1,hussain mazhar,mazhar husain,hussain mazhar,mazhar husain,0.8193782104125801,0.64048564,0.6672771672771672,0,0,12,0.3333333333333333,0.96,0,0,1,0.88654673
mohd abbas,m abbas,1,mohd abbas,m abbas,mohd abbas,m abbas,0.7733152882689445,0.8344921,0.91,0,0,3,0.3333333333333333,0.83,0,1,1,0.89880055
choudhary renu,r choudhary,1,choudhary renu,r choudhary,choudhary renu,r choudhary,0.7819187451534113,0.7506294,0.8203463203463204,0,0,7,0.3333333333333333,0.9,0,1,1,0.89895767
gupta sadhna mrs,sadhana gupta,1,gupta sadhna,sadhana gupta,gupta sadhna,sadhana gupta,0.7052735428058426,0.9173258,0.46709401709401704,0,0,11,0.3333333333333333,0.96,1,0,1,0.8841986
chaurasiya rahul kumar,r k chaurasiya,1,chaurasiya rahul kumar,r k chaurasiya,chaurasiya rahul kumar,r k chaurasiya,0.7839951846783546,0.6897947,0.6341991341991342,0,0,16,0.2,0.83,1,1,1,0.8983663
maheshwari arun kumar,a maheshwari,1,maheshwari arun kumar,a maheshwari,maheshwari arun kumar,a maheshwari,0.7766000723005386,0.6380971,0.6904761904761904,0,0,13,0.25,0.91,1,1,1,0.89895767
agarwal neni,n agarwal,1,agarwal neni,n agarwal,agarwal neni,n agarwal,0.6959175834434215,0.8582662,0.7870370370370371,0,0,7,0.3333333333333333,0.88,0,1,1,0.89895767
verma raj kumar,r verma,1,verma raj kumar,r verma,verma raj kumar,r verma,0.7386477301419968,0.6474063,0.6793650793650793,0,0,11,0.25,0.83,1,1,1,0.89895767
goyal renu km,r k goyal,1,goyal renu km,r k goyal,goyal renu km,r k goyal,0.6640583960843363,0.6704973,0.5427350427350427,0,0,12,0.2,0.82,0,1,1,0.8983663
rastogi sanjay,sanjai rastogi,1,rastogi sanjay,sanjai rastogi,rastogi sanjay,sanjai rastogi,0.8602713029040042,0.66699994,0.5238095238095238,0,0,11,0.3333333333333333,0.93,1,0,1,0.7413408
singh net ram,r n singh,1,singh net ram,r n singh,singh net ram,r n singh,0.5519080989501853,0.5830369,0.6292226292226292,0,0,11,0.2,0.82,0,1,1,0.88990325
tripathi sonu miss,s tripathi,1,tripathi sonu,s tripathi,tripathi sonu,s tripathi,0.7495966419942489,0.7468067,0.8051282051282053,0,0,7,0.3333333333333333,0.89,1,1,1,0.89895767
vaishya amita,anita vaishya,1,vaishya amita,anita vaishya,vaishya amita,anita vaishya,0.7831481905446924,0.65370536,0.6923076923076922,0,0,10,0.3333333333333333,0.92,1,0,1,0.7301133
preeti,preeti kumar,1,preeti,preeti kumar,preeti,preeti kumar,0.8775682500202606,0.6152182,0.9,0,0,6,0.5,1.0,1,0,1,0.7587364
abhishek jawahar kumar,jawahar a,1,abhishek jawahar kumar,jawahar a,abhishek jawahar kumar,jawahar a,0.6702363466550888,0.5773511,0.654882154882155,0,0,13,0.25,0.88,0,1,1,0.89895767
dubey amit kumar,a dubey,1,dubey amit kumar,a dubey,dubey amit kumar,a dubey,0.7476046801383684,0.5228349,0.6696428571428571,0,0,13,0.25,0.83,0,1,1,0.89895767
sharma anu km,a k sharma,1,sharma anu km,a k sharma,sharma anu km,a k sharma,0.6068771602317476,0.7175461,0.6801282051282053,0,0,11,0.2,0.87,1,1,1,0.8983663
srivastava adesh,aadesh srivastav,1,srivastava adesh,aadesh srivastav,srivastava adesh,aadesh srivastav,0.727159526883677,0.7885587,0.7211538461538461,0,0,14,0.0,0.94,0,0,1,0.8921022
sharma arti km,a k sharma,1,sharma arti km,a k sharma,sharma arti km,a k sharma,0.5605842947485036,0.662827,0.6654761904761904,0,0,12,0.2,0.83,1,1,1,0.89795965
lal deo,d lal,1,lal deo,d lal,lal deo,d lal,0.5843512426774073,0.77000856,0.6238095238095238,0,0,6,0.3333333333333333,0.83,0,1,1,0.89895767
dwivedi deepak,deepaka dwivedi,1,dwivedi deepak,deepaka dwivedi,dwivedi deepak,deepaka dwivedi,0.8876371531553612,0.8318421,0.6182539682539683,0,0,12,0.3333333333333333,0.97,1,0,1,0.88654673
varshney ashok kumar,k varshney,1,varshney ashok kumar,k varshney,varshney ashok kumar,k varshney,0.7964364160772659,0.6193756,0.6351851851851852,0,0,14,0.25,0.89,0,1,1,0.89895767
agarwal mala km,m k agarwal,1,agarwal mala km,m k agarwal,agarwal mala km,m k agarwal,0.7308359053773944,0.81676,0.5868686868686869,0,0,12,0.2,0.85,0,1,1,0.8983663
prajapati rama devi miss,r d prajapati,1,prajapati rama devi,r d prajapati,prajapati rama devi,r d prajapati,0.7358363192820798,0.71385324,0.687154950312845,0,0,13,0.2,0.82,1,1,1,0.8983663
pandey richa,richa panday,1,pandey richa,richa panday,pandey richa,richa panday,0.7171517581112233,0.6576102,0.5,0,0,11,0.3333333333333333,0.92,1,0,1,0.7301133
gupta jaya,j gupta,1,gupta jaya,j gupta,gupta jaya,j gupta,0.7377739820534768,0.8115753,0.6523809523809524,0,0,7,0.3333333333333333,0.83,1,1,1,0.89895767
gupta juhi miss,j gupta,1,gupta juhi,j gupta,gupta juhi,j gupta,0.5769043122755316,0.848443,0.6523809523809524,0,0,7,0.3333333333333333,0.83,1,1,1,0.89895767
tripathi mala miss,m tripathi,1,tripathi mala,m tripathi,tripathi mala,m tripathi,0.8428065179854124,0.7468353,0.8051282051282053,0,0,7,0.3333333333333333,0.89,1,1,1,0.89895767
panday manish,manish pandey,1,panday manish,manish pandey,panday manish,manish pandey,0.6312306582776795,0.6573144,0.5230769230769231,0,0,8,0.3333333333333333,0.92,0,0,1,0.5175159
garg seema km,seema garg,1,garg seema km,seema garg,garg seema km,seema garg,0.9028992044092026,0.66328347,0.6801282051282053,0,0,9,0.6666666666666666,1.0,1,1,1,0.89895767
srivastava narendra kumar,nareendra shrivastava,1,srivastava narendra kumar,nareendra shrivastava,srivastava narendra kumar,nareendra shrivastava,0.7038056292851207,0.8034334,0.7479030910609858,0,0,20,0.0,0.83,1,0,1,0.8372107
kapoor rakesh,rajesh kapoor,1,kapoor rakesh,rajesh kapoor,kapoor rakesh,rajesh kapoor,0.7257453008422493,0.76231736,0.5299145299145299,0,0,10,0.3333333333333333,0.92,0,0,1,0.7301133
raj pal,r pal,1,raj pal,r pal,raj pal,r pal,0.7079136937217971,0.52640176,0.8542857142857143,0,0,2,0.3333333333333333,0.83,0,1,1,0.8988725
rahman saifur,saifur rehman,1,rahman saifur,saifur rehman,rahman saifur,saifur rehman,0.7769857757619031,0.7290344,0.4564102564102564,0,0,11,0.3333333333333333,0.92,0,0,1,0.7301133
ojha shashank,sashank ojha,1,ojha shashank,sashank ojha,ojha shashank,sashank ojha,0.8388918276521505,0.6451626,0.6120268620268621,0,0,10,0.3333333333333333,0.96,1,0,1,0.88654673
biswas arnab,a biswas,1,biswas arnab,a biswas,biswas arnab,a biswas,0.6768274934064876,0.72802234,0.7222222222222222,0,0,8,0.3333333333333333,0.86,0,1,1,0.89895767
khatwani sanjeev kumar,s khatwani,1,khatwani sanjeev kumar,s khatwani,khatwani sanjeev kumar,s khatwani,0.7236944779956521,0.64893985,0.6515151515151515,0,0,16,0.25,0.89,1,1,1,0.89895767
singh sweta,sweeta singh,1,singh sweta,sweeta singh,singh sweta,sweeta singh,0.6980445806738114,0.6446557,0.5707070707070706,0,0,9,0.3333333333333333,0.96,1,0,1,0.8502723
vivek tiwari,v tiwari,1,vivek tiwari,v tiwari,vivek tiwari,v tiwari,0.7074360942652396,0.7857344,0.7875,0,0,4,0.3333333333333333,0.86,1,1,1,0.89895767
tandon yogesh,yogesh tondon,1,tandon yogesh,yogesh tondon,tandon yogesh,yogesh tondon,0.7365367137486737,0.8022724,0.4551282051282051,0,0,11,0.3333333333333333,0.92,0,0,1,0.7301133
agarwal rishi,rishu agarwal,1,agarwal rishi,rishu agarwal,agarwal rishi,rishu agarwal,0.7905539801657387,0.85605526,0.5230769230769231,0,0,12,0.3333333333333333,0.92,0,0,1,0.7301133
jaiswal nira miss,n jaiswal,1,jaiswal nira,n jaiswal,jaiswal nira,n jaiswal,0.7828752287583346,0.8439474,0.7870370370370371,0,0,7,0.3333333333333333,0.88,0,1,1,0.89895767
kalra gita,g kalra,1,kalra gita,g kalra,kalra gita,g kalra,0.7342189393330076,0.8153743,0.6523809523809524,0,0,7,0.3333333333333333,0.83,1,1,1,0.89895767
singh neha km,n k singh,1,singh neha km,n k singh,singh neha km,n k singh,0.53776777117808,0.7546164,0.6292226292226292,0,0,11,0.2,0.82,0,1,1,0.8934219
shukla puja,p shukla,1,shukla puja,p shukla,shukla puja,p shukla,0.7344819924154464,0.7941262,0.7651515151515151,0,0,7,0.3333333333333333,0.86,1,1,1,0.89895767
singh manjula smt,manjula singh,1,singh manjula,manjula singh,singh manjula,manjula singh,1.0000000000000002,0.95887834,0.4551282051282051,0,0,12,1.0,1.0,1,1,1,0.89895767
sharma rani,r sharma,1,sharma rani,r sharma,sharma rani,r sharma,0.7437090936518165,0.7975178,0.6942640692640693,0,0,7,0.3333333333333333,0.86,1,1,1,0.89895767
pandey vipra,v pandey,1,pandey vipra,v pandey,pandey vipra,v pandey,0.6415220868734344,0.73769593,0.6765873015873017,0,0,8,0.3333333333333333,0.86,0,1,1,0.89895767
tiwari raja,raj tiwaru,1,tiwari raja,raj tiwaru,tiwari raja,raj tiwaru,0.6197362987582006,0.6838033,0.6757575757575758,0,0,9,0.0,0.86,0,0,1,0.83828473
shukla rit,r shukla,1,shukla rit,r shukla,shukla rit,r shukla,0.8146701941284546,0.8609865,0.7833333333333333,0,0,6,0.3333333333333333,0.89,1,1,1,0.89895767
sharma mala,malay sharma,1,sharma mala,malay sharma,sharma mala,malay sharma,0.7326378165957622,0.7305083,0.6446608946608947,0,0,9,0.3333333333333333,0.96,1,0,1,0.88654673
mohd tayyab,m tayyab,1,mohd tayyab,m tayyab,mohd tayyab,m tayyab,0.8270635756749066,0.7882771,0.9181818181818182,0,0,3,0.3333333333333333,0.86,0,1,1,0.89880055
husain zakir,zakir hussain,1,husain zakir,zakir hussain,husain zakir,zakir hussain,0.8196095948789166,0.6831327,0.6004273504273504,0,0,11,0.3333333333333333,0.96,0,0,1,0.88654673
aggarwal pradeep kumar,pradeep k aggarwal,1,aggarwal pradeep kumar,pradeep k aggarwal,aggarwal pradeep kumar,pradeep k aggarwal,0.9298182846307447,0.8588156,0.7727272727272728,0,0,16,0.5,0.94,0,1,1,0.89895767
gupta ajay kuar,ajay k gupta,1,gupta ajay kuar,ajay k gupta,gupta ajay kuar,ajay k gupta,0.6984905531929197,0.9169029,0.6722222222222222,0,0,11,0.5,0.91,1,1,1,0.89895767
mehta manish,manisha mehta,1,mehta manish,manisha mehta,mehta manish,manisha mehta,0.921510118507014,0.88378257,0.6120268620268621,0,0,10,0.3333333333333333,0.96,1,0,1,0.88654673
goyal mini km,m k goyal,1,goyal mini km,m k goyal,goyal mini km,m k goyal,0.6961642033389218,0.6422474,0.5427350427350427,0,0,12,0.2,0.82,0,1,1,0.89775467
goel seema km,seema goel,1,goel seema km,seema goel,goel seema km,seema goel,0.9128082978660592,0.7188865,0.6032967032967033,0,0,9,0.6666666666666666,1.0,1,1,1,0.89895767
anish kumar gupta,anish k gupta,1,anish kumar gupta,anish k gupta,anish kumar gupta,anish k gupta,0.8746335610987136,0.88110745,0.9067873303167421,0,1,4,0.5,0.92,1,1,1,0.89880055
singh deo raj,d r singh,1,singh deo raj,d r singh,singh deo raj,d r singh,0.551863039845854,0.68171394,0.5427350427350427,0,0,12,0.2,0.82,0,1,1,0.894522
verma nitu km,n k verma,1,verma nitu km,n k verma,verma nitu km,n k verma,0.5767928448555468,0.74160564,0.5427350427350427,0,0,12,0.2,0.82,1,1,1,0.8983663
seth anand kumar,s anand,1,seth anand kumar,s anand,seth anand kumar,s anand,0.5704270346610695,0.67103636,0.83125,0,0,9,0.25,0.83,0,1,1,0.89895767
goel shweta,sweta goel,1,goel shweta,sweta goel,goel shweta,sweta goel,0.7363495440532991,0.71595883,0.5242424242424243,0,0,9,0.3333333333333333,0.95,1,0,1,0.88654673
rahman asna,a rahman,1,rahman asna,a rahman,rahman asna,a rahman,0.6524800297543711,0.7983033,0.6942640692640693,0,0,7,0.3333333333333333,0.86,0,1,1,0.89895767
mukhopadhyay samir kumar,s mukhopadhyay,1,mukhopadhyay samir kumar,s mukhopadhyay,mukhopadhyay samir kumar,s mukhopadhyay,0.8321123015973106,0.783358,0.6695665445665445,0,0,14,0.25,0.92,0,1,1,0.89895767
agarwal neelu miss,neelu aggarwal,1,agarwal neelu,neelu aggarwal,agarwal neelu,neelu aggarwal,0.8348358900857575,0.9547384,0.5189255189255189,0,0,13,0.3333333333333333,0.96,0,0,1,0.88654673
pandey anju ku,a k pandey,1,pandey anju ku,a k pandey,pandey anju ku,a k pandey,0.6495898309880425,0.73819864,0.6238095238095238,0,0,11,0.2,0.83,0,1,1,0.8983663
gupta deep kumar,d gupta,1,gupta deep kumar,d gupta,gupta deep kumar,d gupta,0.6447214861724337,0.7945603,0.6696428571428571,0,0,13,0.25,0.83,1,1,1,0.89895767
shukla alok kumar,k shukla,1,shukla alok kumar,k shukla,shukla alok kumar,k shukla,0.7051824135987698,0.7526382,0.6568627450980392,0,0,13,0.25,0.86,1,1,1,0.89895767
srivastava roma km,r k srivastava,1,srivastava roma km,r k srivastava,srivastava roma km,r k srivastava,0.7276033075796478,0.6758691,0.7023809523809524,0,0,12,0.2,0.88,1,1,1,0.8983663
singh ram vir,r v singh,1,singh ram vir,r v singh,singh ram vir,r v singh,0.6057548812130207,0.648316,0.5427350427350427,0,0,12,0.2,0.82,0,1,1,0.8983663
sharma anil kumar,anil k sharma,1,sharma anil kumar,anil k sharma,sharma anil kumar,anil k sharma,0.8599594939378984,0.9044453,0.7677224736048265,0,0,12,0.5,0.92,1,1,1,0.89895767
kajol singhal,k singhal,1,kajol singhal,k singhal,kajol singhal,k singhal,0.6404974724247549,0.8660798,0.7743589743589744,0,0,4,0.3333333333333333,0.88,0,1,1,0.89895767
mittal vibha,vibhu mittal,1,mittal vibha,vibhu mittal,mittal vibha,vibhu mittal,0.8321484936556819,0.81213504,0.5444444444444444,0,0,9,0.3333333333333333,0.92,0,0,1,0.7301133
verma divya,d verma,1,verma divya,d verma,verma divya,d verma,0.6319544169395805,0.77216136,0.6341991341991342,0,0,8,0.3333333333333333,0.83,1,1,1,0.89895767
gupta himanshi,himanshu gupta,1,gupta himanshi,himanshu gupta,gupta himanshi,himanshu gupta,0.8412352864189435,0.9480852,0.6428571428571429,0,0,13,0.3333333333333333,0.93,1,0,1,0.7413408
singh raj bir,r b singh,1,singh raj bir,r b singh,singh raj bir,r b singh,0.5861959249538293,0.69839466,0.5427350427350427,0,0,12,0.2,0.82,0,1,1,0.8983663
agarwal pooja ku,k p agarwal,1,agarwal pooja ku,k p agarwal,agarwal pooja ku,k p agarwal,0.6062791659269925,0.7735286,0.6454124579124579,0,0,13,0.2,0.81,0,1,1,0.8983663
mishra rajat,r mishra,1,mishra rajat,r mishra,mishra rajat,r mishra,0.7000400653651422,0.7240969,0.7222222222222222,0,0,8,0.3333333333333333,0.86,1,1,1,0.89895767
khurana arup kumar,a khurana,1,khurana arup kumar,a khurana,khurana arup kumar,a khurana,0.7047429773765246,0.6121312,0.7222222222222222,0,0,13,0.25,0.88,1,1,1,0.89895767
abhilasha,abhilash gaur,1,abhilasha,abhilash gaur,abhilasha,abhilash gaur,0.7251296567921606,0.71664834,0.9384615384615385,0,1,4,0.0,0.82,0,0,1,0.8712664
vasisth geeta miss,geeta vashisth,1,vasisth geeta,geeta vashisth,vasisth geeta,geeta vashisth,0.7502542996515844,0.83924156,0.6039377289377289,0,0,13,0.3333333333333333,0.96,1,0,1,0.88654673
biswas john,j biswas,1,biswas john,j biswas,biswas john,j biswas,0.6993613370865877,0.7853094,0.7651515151515151,0,0,7,0.3333333333333333,0.86,0,1,1,0.89895767
sahu mamta km,mamta sahu,1,sahu mamta km,mamta sahu,sahu mamta km,mamta sahu,0.9107934153715124,0.752874,0.6509157509157509,0,0,9,0.6666666666666666,1.0,1,1,1,0.89895767
gupta neha km,n k gupta,1,gupta neha km,n k gupta,gupta neha km,n k gupta,0.5965007847930999,0.77417344,0.5427350427350427,0,0,12,0.2,0.82,1,1,1,0.8983663
sharma neha km,n k sharma,1,sharma neha km,n k sharma,sharma neha km,n k sharma,0.5573640430633497,0.7814145,0.5904761904761905,0,0,11,0.2,0.83,1,1,1,0.89795965
govindan preethi,preethi govindam,1,govindan preethi,preethi govindam,govindan preethi,preethi govindam,0.8686253036564515,0.930581,0.4166666666666667,0,0,16,0.3333333333333333,0.94,1,0,1,0.88654673
bansal shobhit,sobhit bansal,1,bansal shobhit,sobhit bansal,bansal shobhit,sobhit bansal,0.7649496888958388,0.7707163,0.5366300366300366,0,0,13,0.3333333333333333,0.96,0,0,1,0.88654673
chauhan anita km,a k chauhan,1,chauhan anita km,a k chauhan,chauhan anita km,a k chauhan,0.6920453531413195,0.65511274,0.6454124579124579,0,0,13,0.2,0.81,0,1,1,0.8983663
adhikari anil kumar,k adhikari,1,adhikari anil kumar,k adhikari,adhikari anil kumar,k adhikari,0.7812409389400331,0.75429744,0.6754385964912281,0,0,13,0.25,0.89,1,1,1,0.89895767
purohit akshya,akshya prohit,1,purohit akshya,akshya prohit,purohit akshya,akshya prohit,0.7198794780779834,0.77423406,0.5622710622710623,0,0,11,0.3333333333333333,0.96,1,0,1,0.88654673
sharma dhruv,d sharma,1,sharma dhruv,d sharma,sharma dhruv,d sharma,0.5067809084246471,0.7644024,0.6765873015873017,0,0,8,0.3333333333333333,0.86,1,1,1,0.8939444
agarwal dipti ku,d k agarwal,1,agarwal dipti ku,d k agarwal,agarwal dipti ku,d k agarwal,0.6147195561651566,0.7264831,0.5757575757575758,0,0,13,0.2,0.81,0,1,1,0.8983663
mohd zahid,m zahid,1,mohd zahid,m zahid,mohd zahid,m zahid,0.7774615305083268,0.7881798,0.7814285714285714,0,0,3,0.3333333333333333,0.83,0,1,1,0.89895767
chaudhary sony,s chaudhary,1,chaudhary sony,s chaudhary,chaudhary sony,s chaudhary,0.7445563190879593,0.6989703,0.8203463203463204,0,0,7,0.3333333333333333,0.9,0,1,1,0.89895767
shaikh tasneem,s tasneem,1,shaikh tasneem,s tasneem,shaikh tasneem,s tasneem,0.8153819385078964,0.59354997,0.8595238095238095,0,0,5,0.3333333333333333,0.88,0,1,1,0.89880055
gupta arti km,a k gupta,1,gupta arti km,a k gupta,gupta arti km,a k gupta,0.6007300020320409,0.74302757,0.6292226292226292,0,0,11,0.2,0.82,1,1,1,0.8983663
kumar pratik,pratik,1,kumar pratik,pratik,kumar pratik,pratik,0.8623647834252096,0.71443427,0.47222222222222215,0,0,6,0.5,1.0,0,0,1,0.82542205
agarwal anshul miss,anshul aggarwal,1,agarwal anshul,anshul aggarwal,agarwal anshul,anshul aggarwal,0.8320264561244811,0.95168746,0.5603174603174603,0,0,11,0.3333333333333333,0.97,0,0,1,0.88654673
rehman sana,s rehman,1,rehman sana,s rehman,rehman sana,s rehman,0.8536457474120065,0.7548708,0.7651515151515151,0,0,7,0.3333333333333333,0.86,0,1,1,0.89895767
khan tanveer ahmad,tanveer a khan,1,khan tanveer ahmad,tanveer a khan,khan tanveer ahmad,tanveer a khan,0.8449107739518757,0.76929724,0.7297517297517296,0,0,9,0.5,0.92,0,1,1,0.89895767
agarwal mili km,k m agarwal,1,agarwal mili km,k m agarwal,agarwal mili km,k m agarwal,0.6598616461048449,0.70929295,0.6579124579124579,0,0,12,0.2,0.85,0,1,1,0.8983663
chauhan ritu km,r k chauhan,1,chauhan ritu km,r k chauhan,chauhan ritu km,r k chauhan,0.650995029973255,0.74885666,0.5868686868686869,0,0,12,0.2,0.85,0,1,1,0.8983663
singh yas pal,y p singh,1,singh yas pal,y p singh,singh yas pal,y p singh,0.5710904906562639,0.8146405,0.5427350427350427,0,0,11,0.2,0.82,0,1,1,0.8983663
sahai rajendra,rajendra sahay,1,sahai rajendra,rajendra sahay,sahai rajendra,rajendra sahay,0.7437555627587727,0.8573226,0.735930735930736,0,0,11,0.3333333333333333,0.93,1,0,1,0.7363431
singh ram lal,l r singh,1,singh ram lal,l r singh,singh ram lal,l r singh,0.6426900507882035,0.6910677,0.6292226292226292,0,0,11,0.2,0.82,0,1,1,0.8983663
rajput nirmala mrs,nirmal rajput,1,rajput nirmala,nirmal rajput,rajput nirmala,nirmal rajput,0.9255662781572737,0.9275475,0.5805860805860806,0,0,13,0.3333333333333333,0.96,0,0,1,0.88654673
rizhin sooraj,r sooraj,1,rizhin sooraj,r sooraj,rizhin sooraj,r sooraj,0.6526806819329241,0.7308628,0.8846153846153846,0,0,5,0.3333333333333333,0.86,0,1,1,0.89880055
shakya lata miss,l shakya,1,shakya lata,l shakya,shakya lata,l shakya,0.782498664228811,0.8421432,0.7651515151515151,0,0,7,0.3333333333333333,0.86,1,1,1,0.89895767
sharma deepak,deepak sarma,1,sharma deepak,deepak sarma,sharma deepak,deepak sarma,0.8273474963869323,0.6592016,0.46367521367521364,0,0,11,0.3333333333333333,0.96,1,0,1,0.88654673
tomar shweta,s tomar,1,tomar shweta,s tomar,tomar shweta,s tomar,0.6526850481184271,0.7547032,0.6190476190476191,0,0,9,0.3333333333333333,0.83,0,1,1,0.89895767
rajput mona km,m k rajput,1,rajput mona km,m k rajput,rajput mona km,m k rajput,0.7480967769421454,0.71907556,0.5904761904761905,0,0,12,0.2,0.83,0,1,1,0.8983663
chauhan richa,r chauhan,1,chauhan richa,r chauhan,chauhan richa,r chauhan,0.7138152032038039,0.715006,0.772079772079772,0,0,8,0.3333333333333333,0.88,0,1,1,0.89895767
shukla anju km,a k shukla,1,shukla anju km,a k shukla,shukla anju km,a k shukla,0.7038695109348587,0.71586716,0.6994708994708995,0,0,11,0.2,0.83,1,1,1,0.8983663
bhargava anuja km,anuj bhargav,1,bhargava anuja km,anuj bhargav,bhargava anuja km,anuj bhargav,0.6574902958050004,0.72196627,0.6116557734204793,0,0,14,0.0,0.83,0,0,1,0.8372107
tripathi dipti km,d k tripathi,1,tripathi dipti km,d k tripathi,tripathi dipti km,d k tripathi,0.6742314497773914,0.60060143,0.6116557734204793,0,0,13,0.2,0.83,1,1,1,0.89775467
raza ahmad,r ahmad,1,raza ahmad,r ahmad,raza ahmad,r ahmad,0.631829151194404,0.8281566,0.8242857142857142,0,0,3,0.3333333333333333,0.83,0,1,1,0.89895767
chauhan suman km,s k chauhan,1,chauhan suman km,s k chauhan,chauhan suman km,s k chauhan,0.7060484502125518,0.709008,0.5757575757575758,0,0,12,0.2,0.81,0,1,1,0.8983663
siddiqui nizamuddin,s nizamuddin,1,siddiqui nizamuddin,s nizamuddin,siddiqui nizamuddin,s nizamuddin,0.7676706307846003,0.8180431,0.7644736842105263,0,0,7,0.3333333333333333,0.91,0,1,1,0.89895767
tondon saurabh,saurabh tandon,1,tondon saurabh,saurabh tandon,tondon saurabh,saurabh tandon,0.7416100303223838,0.8353145,0.44047619047619047,0,0,13,0.3333333333333333,0.93,0,0,1,0.7413408
kumar anup,anup,1,kumar anup,anup,kumar anup,anup,0.8392715517520056,0.7248431,0.39999999999999997,0,0,6,0.5,1.0,0,0,1,0.82542205
dokania krishna kumar,k dokania,1,dokania krishna kumar,k dokania,dokania krishna kumar,k dokania,0.7633468978244066,0.7175542,0.6613756613756614,0,0,16,0.25,0.88,1,1,1,0.89895767
koch rahul,rahul k,1,koch rahul,rahul k,koch rahul,rahul k,0.5925830761403628,0.7088772,0.49523809523809526,0,0,7,0.3333333333333333,0.83,0,1,1,0.89895767
som chandra,s chandra,1,som chandra,s chandra,som chandra,s chandra,0.6700598838084283,0.7909997,0.9454545454545455,0,0,2,0.3333333333333333,0.9,1,1,1,0.89880055
kumar vikash,vikash,1,kumar vikash,vikash,kumar vikash,vikash,0.8458795219368381,0.7524272,0.5,0,0,6,0.5,1.0,0,0,1,0.82542205
ahmad jameel,jameel ahmed,1,ahmad jameel,jameel ahmed,ahmad jameel,jameel ahmed,0.763844613878571,0.8680497,0.6746031746031745,0,0,9,0.3333333333333333,0.92,0,0,1,0.7301133
saud ahmed,s ahmed,1,saud ahmed,s ahmed,saud ahmed,s ahmed,0.6732332155835369,0.76315045,0.7814285714285714,0,0,3,0.3333333333333333,0.83,0,1,1,0.89895767
nigam kumud mrs,k nigam,1,nigam kumud,k nigam,nigam kumud,k nigam,0.6832940037264379,0.8005907,0.6341991341991342,0,0,8,0.3333333333333333,0.83,0,1,1,0.89895767
sanjay rathore,s rathore,1,sanjay rathore,s rathore,sanjay rathore,s rathore,0.7798930563316024,0.57981753,0.8595238095238095,0,0,5,0.3333333333333333,0.88,0,1,1,0.89880055
mittal anil kumar,anil k mittal,1,mittal anil kumar,anil k mittal,mittal anil kumar,anil k mittal,0.9001694837891602,0.76932675,0.7677224736048265,0,0,12,0.5,0.92,0,1,1,0.89895767
awasthi seema km,s k awasthi,1,awasthi seema km,s k awasthi,awasthi seema km,s k awasthi,0.7091917385780979,0.5813541,0.6454124579124579,0,0,13,0.2,0.81,1,1,1,0.89775467
bhutani shruti miss,sruti bhutani,1,bhutani shruti,sruti bhutani,bhutani shruti,sruti bhutani,0.8038632671280015,0.76434875,0.7257742257742258,0,0,8,0.3333333333333333,0.96,1,0,1,0.860107
ali husain,a husain,1,ali husain,a husain,ali husain,a husain,0.8476387945465653,0.6516441,0.8274999999999999,0,0,2,0.3333333333333333,0.89,0,1,1,0.89895767
mohd ashfaq,m ashfaq,1,mohd ashfaq,m ashfaq,mohd ashfaq,m ashfaq,0.8351176295076076,0.76662445,0.8431818181818183,0,0,3,0.3333333333333333,0.86,0,1,1,0.8989275
akhtar masood,maqsood akhtar,1,akhtar masood,maqsood akhtar,akhtar masood,maqsood akhtar,0.8546405657970935,0.7343873,0.6039377289377289,0,0,12,0.3333333333333333,0.96,0,0,1,0.88654673
biswas parimal kumar,parimal k biswas,1,biswas parimal kumar,parimal k biswas,biswas parimal kumar,parimal k biswas,0.925254647115068,0.8130703,0.6926282051282051,0,0,13,0.5,0.93,0,1,1,0.89895767
yadav rama shankar,rama shanker yadav,1,yadav rama shankar,rama shanker yadav,yadav rama shankar,rama shanker yadav,0.7598973611261024,0.7307956,0.708994708994709,0,0,13,0.5,0.94,1,0,1,0.88654673
yadav dev raj,d r yadav,1,yadav dev raj,d r yadav,yadav dev raj,d r yadav,0.7008329583761113,0.77124363,0.6292226292226292,0,0,10,0.2,0.82,0,1,1,0.8983663
shukla anant,anand shukla,1,shukla anant,anand shukla,shukla anant,anand shukla,0.8326448732058004,0.6554369,0.5444444444444444,0,0,12,0.3333333333333333,0.92,1,0,1,0.7301133
chaturvadi meena miss,meena chaturvedi,1,chaturvadi meena,meena chaturvedi,chaturvadi meena,meena chaturvedi,0.7003595817758567,0.89308906,0.6666666666666666,0,0,13,0.3333333333333333,0.94,1,0,1,0.8502723
chakraborty rashmi km,r k chakraborty,1,chakraborty rashmi km,r k chakraborty,chakraborty rashmi km,r k chakraborty,0.772344462324435,0.7170279,0.6747252747252747,0,0,14,0.2,0.85,0,1,1,0.8983663
varma sanjeev,sanjeev verma,1,varma sanjeev,sanjeev verma,varma sanjeev,sanjeev verma,0.7436733776420177,0.7257224,0.5299145299145299,0,0,12,0.3333333333333333,0.92,1,0,1,0.7301133
singh mili km,m k singh,1,singh mili km,m k singh,singh mili km,m k singh,0.538512373283629,0.60768276,0.5427350427350427,0,0,11,0.2,0.82,0,1,1,0.892784
srivastava renu miss,renu srivastav,1,srivastava renu,renu srivastav,srivastava renu,renu srivastav,0.8899036831591456,0.93041134,0.6881673881673881,0,0,11,0.3333333333333333,0.97,0,0,1,0.88654673
hussain sartaj,sartaj husain,1,hussain sartaj,sartaj husain,hussain sartaj,sartaj husain,0.8343807831885997,0.66131467,0.6039377289377289,0,0,12,0.3333333333333333,0.96,0,0,1,0.88654673
khare aashish,ashish khare,1,khare aashish,ashish khare,khare aashish,ashish khare,0.7930731750770356,0.72246814,0.5644078144078144,0,0,11,0.3333333333333333,0.96,0,0,1,0.88654673
ahmed shahbaz,shahbaz ahmad,1,ahmed shahbaz,shahbaz ahmad,ahmed shahbaz,shahbaz ahmad,0.8189325691625656,0.8911946,0.5494505494505494,0,0,9,0.3333333333333333,0.92,0,0,1,0.7301133
afreen ansari,a ansari,1,afreen ansari,a ansari,afreen ansari,a ansari,0.585374846861865,0.8254813,0.7721153846153846,0,0,5,0.3333333333333333,0.86,1,1,1,0.89895767
hashmat ahmer,a hashmat,1,hashmat ahmer,a hashmat,hashmat ahmer,a hashmat,0.7330971770372525,0.75134647,0.6680911680911681,0,0,8,0.3333333333333333,0.88,0,1,1,0.89895767
yadav anand kumar,anand k yadav,1,yadav anand kumar,anand k yadav,yadav anand kumar,anand k yadav,0.8872869922739877,0.86140037,0.709858768682298,0,0,11,0.5,0.92,0,1,1,0.89895767
agarwal ashoo,ashok aggarwal,1,agarwal ashoo,ashok aggarwal,agarwal ashoo,ashok aggarwal,0.5680063808483062,0.6697434,0.5744810744810745,0,0,11,0.0,0.89,0,0,1,0.83828473
agarwal gargi km,g k agarwal,1,agarwal gargi km,g k agarwal,agarwal gargi km,g k agarwal,0.6307421594886748,0.73650527,0.6454124579124579,0,0,11,0.2,0.81,0,1,1,0.8983663
dubey nidhi,n dubey,1,dubey nidhi,n dubey,dubey nidhi,n dubey,0.7299565665531799,0.6954385,0.6341991341991342,0,0,8,0.3333333333333333,0.83,0,1,1,0.89895767
chanduka sharad,sarad chanduka,1,chanduka sharad,sarad chanduka,chanduka sharad,sarad chanduka,0.8928937793032745,0.75143903,0.719047619047619,0,0,13,0.3333333333333333,0.97,1,0,1,0.88654673
gupta preeti km,preeti gupta,1,gupta preeti km,preeti gupta,gupta preeti km,preeti gupta,0.9086916483018682,0.76755846,0.6351851851851852,0,0,11,0.6666666666666666,1.0,1,1,1,0.89895767
agarwal tripti miss,tripti aggarwal,1,agarwal tripti,tripti aggarwal,agarwal tripti,tripti aggarwal,0.8438356968992543,0.9558916,0.5126984126984127,0,0,14,0.3333333333333333,0.97,1,0,1,0.88654673
pande vandana miss,vandana pandey,1,pande vandana,vandana pandey,pande vandana,vandana pandey,0.8400747562879401,0.93699217,0.7560772560772561,0,0,8,0.3333333333333333,0.96,1,0,1,0.860107
agarwal sonia,soniya agarwal,1,agarwal sonia,soniya agarwal,agarwal sonia,soniya agarwal,0.7396451948327339,0.6906798,0.513919413919414,0,0,12,0.3333333333333333,0.96,1,0,1,0.88654673
mathur ashoo,aashoo mathur,1,mathur ashoo,aashoo mathur,mathur ashoo,aashoo mathur,0.8495641070618942,0.7019019,0.5427350427350427,0,0,8,0.3333333333333333,0.96,0,0,1,0.860107
saxena rachana miss,rachna saxena,1,saxena rachana,rachna saxena,saxena rachana,rachna saxena,0.8056785008997959,0.8802029,0.6318681318681318,0,0,7,0.3333333333333333,0.96,1,0,1,0.77938443
trivedi swati km,s k trivedi,1,trivedi swati km,s k trivedi,trivedi swati km,s k trivedi,0.7275647422703715,0.66904736,0.5757575757575758,0,0,13,0.2,0.81,1,1,1,0.8983663
varun kumar verma,v verma,1,varun kumar verma,v verma,varun kumar verma,v verma,0.6220820475763428,0.5862025,0.6028011204481792,0,0,10,0.25,0.83,1,1,1,0.89895767
singh bhim,b singh,1,singh bhim,b singh,singh bhim,b singh,0.5849059866782866,0.8526807,0.6523809523809524,0,0,7,0.3333333333333333,0.83,0,1,1,0.89895767
singh basant kumar,basant k singh,1,singh basant kumar,basant k singh,singh basant kumar,basant k singh,0.8868530309476796,0.91160864,0.6474266474266474,0,0,12,0.5,0.92,0,1,1,0.89895767
agarwal minu km,m k agarwal,1,agarwal minu km,m k agarwal,agarwal minu km,m k agarwal,0.6464325885883078,0.7429584,0.5868686868686869,0,0,12,0.2,0.85,0,1,1,0.8983663
ahmad akhlaque,akhalaque ahmed,1,ahmad akhlaque,akhalaque ahmed,ahmad akhlaque,akhalaque ahmed,0.5952396319015787,0.779071,0.7721428571428571,0,0,11,0.0,0.9,0,0,1,0.83958846
raghvendra,d raghavendra,1,raghvendra,d raghavendra,raghvendra,d raghavendra,0.5359653001920656,0.8116408,0.8230769230769232,0,0,3,0.0,0.87,1,0,1,0.85572594
patel nitesh kumar,nitesh k patel,1,patel nitesh kumar,nitesh k patel,patel nitesh kumar,nitesh k patel,0.9092066582595626,0.9048003,0.6746031746031745,0,0,11,0.5,0.92,0,1,1,0.89895767
pawar subhash,subhash p,1,pawar subhash,subhash p,pawar subhash,subhash p,0.7116925663657635,0.6063161,0.5007122507122507,0,0,8,0.3333333333333333,0.88,0,1,1,0.89895767
rai ashok kumar,ashok k rai,1,rai ashok kumar,ashok k rai,rai ashok kumar,ashok k rai,0.8694900008363385,0.89638263,0.7585858585858585,0,0,7,0.5,0.9,1,1,1,0.89895767
singh jai bir,j b singh,1,singh jai bir,j b singh,singh jai bir,j b singh,0.5302378845128308,0.7162621,0.5427350427350427,0,0,11,0.2,0.82,0,1,1,0.8934219
das gupta kabi bandhu,k b das gupta,1,das gupta kabi bandhu,k b das gupta,das gupta kabi bandhu,k b das gupta,0.5755954216556814,0.8830868,0.6384726384726385,0,0,16,0.3333333333333333,0.82,1,1,1,0.89489216
agarwal ritu km,r k agarwal,1,agarwal ritu km,r k agarwal,agarwal ritu km,r k agarwal,0.6445969865358887,0.7585155,0.6579124579124579,0,0,12,0.2,0.85,0,1,1,0.8983663
upadhyay vibhu,v upadhyay,1,upadhyay vibhu,v upadhyay,upadhyay vibhu,v upadhyay,0.7511340108734695,0.8506741,0.7904761904761904,0,0,8,0.3333333333333333,0.89,0,1,1,0.89895767
misra vibha mrs,vibha mishra,1,misra vibha,vibha mishra,misra vibha,vibha mishra,0.6967152048688542,0.8696721,0.6818181818181818,0,0,6,0.3333333333333333,0.96,1,0,1,0.77436924
patel rahul,r patel,1,patel rahul,r patel,patel rahul,r patel,0.6972958261786508,0.8299192,0.6341991341991342,0,0,8,0.3333333333333333,0.83,0,1,1,0.89895767
alam masood,maqsood alam,1,alam masood,maqsood alam,alam masood,maqsood alam,0.7955137378500291,0.6612106,0.6313131313131314,0,0,11,0.3333333333333333,0.96,0,0,1,0.88654673
vinay kumar mishra,vinay k mishra,1,vinay kumar mishra,vinay k mishra,vinay kumar mishra,vinay k mishra,0.8955061240380472,0.87912226,0.9126984126984127,0,1,4,0.5,0.92,1,1,1,0.89880055
yadav ritu,r yadav,1,yadav ritu,r yadav,yadav ritu,r yadav,0.6899183188104367,0.84228396,0.6523809523809524,0,0,7,0.3333333333333333,0.83,0,1,1,0.89895767
viswakarma munna lal,m l viswakarma,1,viswakarma munna lal,m l viswakarma,viswakarma munna lal,m l viswakarma,0.7019587374834984,0.7671931,0.6801587301587301,0,0,14,0.2,0.83,1,1,1,0.8983663
sharma ram pal,r p sharma,1,sharma ram pal,r p sharma,sharma ram pal,r p sharma,0.6528503321229071,0.7496884,0.6238095238095238,0,0,11,0.2,0.83,1,1,1,0.8983663
parveen sana,s parveen,1,parveen sana,s parveen,parveen sana,s parveen,0.8575990379872702,0.6937405,0.7870370370370371,0,0,7,0.3333333333333333,0.88,0,1,1,0.89895767
sonu yadav,s yadav,1,sonu yadav,s yadav,sonu yadav,s yadav,0.6775416645649311,0.7812809,0.91,0,0,3,0.3333333333333333,0.83,0,1,1,0.89880055
nadeem amra,a nadeem,1,nadeem amra,a nadeem,nadeem amra,a nadeem,0.7587775492801319,0.72654486,0.6942640692640693,0,0,7,0.3333333333333333,0.86,0,1,1,0.89895767
kumar vijai,k vijai,1,kumar vijai,k vijai,kumar vijai,k vijai,0.8323124188240187,0.6878061,0.8051948051948052,0,0,4,0.3333333333333333,0.83,1,1,1,0.89895767
bhardwaj priya km,k p bhardwaj,1,bhardwaj priya km,k p bhardwaj,bhardwaj priya km,k p bhardwaj,0.7683647649686856,0.6973822,0.6405228758169935,0,0,13,0.2,0.83,0,1,1,0.8983663
chaudhari reena km,r k chaudhari,1,chaudhari reena km,r k chaudhari,chaudhari reena km,r k chaudhari,0.6861127873860657,0.66360974,0.6675731675731676,0,0,13,0.2,0.84,1,1,1,0.8983663
hasan adil,a hasan,1,hasan adil,a hasan,hasan adil,a hasan,0.6568124082412117,0.62847954,0.7571428571428571,0,0,7,0.3333333333333333,0.83,0,1,1,0.89895767
all md amjad,amjad,1,all md amjad,amjad,all md amjad,amjad,0.775065095024887,0.6912563,0.6277777777777778,0,0,7,0.3333333333333333,1.0,0,0,1,0.8176755
chauhan kapil,k chauhan,1,chauhan kapil,k chauhan,chauhan kapil,k chauhan,0.6752966824518991,0.80843395,0.772079772079772,0,0,8,0.3333333333333333,0.88,0,1,1,0.89895767
chandra ram,r chandra,1,chandra ram,r chandra,chandra ram,r chandra,0.8268351047868585,0.81946033,0.8047138047138048,0,0,6,0.3333333333333333,0.9,1,1,1,0.89895767
khan maroof jilani,m jilani khan,1,khan maroof jilani,m jilani khan,khan maroof jilani,m jilani khan,0.6905014447862802,0.87707543,0.5616096866096866,0,0,14,0.5,0.92,1,1,1,0.89895767
verma sanjai,sanjay verma,1,verma sanjai,sanjay verma,verma sanjai,sanjay verma,0.7652806066206366,0.6259824,0.47222222222222215,0,0,10,0.3333333333333333,0.92,1,0,1,0.7301133
awasthi sanjeev kumar,sanjeev k awasthi,1,awasthi sanjeev kumar,sanjeev k awasthi,awasthi sanjeev kumar,sanjeev k awasthi,0.935781082335496,0.7910763,0.6407383466206995,0,0,15,0.5,0.94,1,1,1,0.89895767
srivastava roli km,r k srivastava,1,srivastava roli km,r k srivastava,srivastava roli km,r k srivastava,0.7157388328329809,0.7899665,0.7023809523809524,0,0,12,0.2,0.88,1,1,1,0.8983663
chauhan sapna,s chauhan,1,chauhan sapna,s chauhan,chauhan sapna,s chauhan,0.6586412518580372,0.6655187,0.772079772079772,0,0,8,0.3333333333333333,0.88,0,1,1,0.89895767
bansal monu,m bansal,1,bansal monu,m bansal,bansal monu,m bansal,0.7002758414554414,0.7003441,0.7651515151515151,0,0,7,0.3333333333333333,0.86,0,1,1,0.89895767
dhasmana sheela miss,s dhasmana,1,dhasmana sheela,s dhasmana,dhasmana sheela,s dhasmana,0.775385252930284,0.73703814,0.6851851851851851,0,0,9,0.3333333333333333,0.89,1,1,1,0.89895767
rajput saroj,s rajput,1,rajput saroj,s rajput,rajput saroj,s rajput,0.7641566602248616,0.71687835,0.6765873015873017,0,0,8,0.3333333333333333,0.86,0,1,1,0.89895767
veer singh,v singh,1,veer singh,v singh,veer singh,v singh,0.6468438268735162,0.72302544,0.91,0,0,3,0.3333333333333333,0.83,0,1,1,0.89880055
shekh ashraf,s ashraf,1,shekh ashraf,s ashraf,shekh ashraf,s ashraf,0.7598444209153262,0.6681812,0.825,0,0,4,0.3333333333333333,0.86,0,1,1,0.89895767
gupta anupam,anupam gupt,1,gupta anupam,anupam gupt,gupta anupam,anupam gupt,0.8339143285367536,0.55950975,0.6446608946608947,0,0,8,0.3333333333333333,0.96,0,0,1,0.85716087
singh jaya km,j k singh,1,singh jaya km,j k singh,singh jaya km,j k singh,0.5704969364732965,0.7101665,0.5427350427350427,0,0,12,0.2,0.82,0,1,1,0.8983663
sogani mahaveer kumar,mahaveer s,1,sogani mahaveer kumar,mahaveer s,sogani mahaveer kumar,mahaveer s,0.642788490424593,0.6562145,0.6920634920634922,0,0,12,0.25,0.89,0,1,1,0.89895767
biswas pronoy kumar,p biswas,1,biswas pronoy kumar,p biswas,biswas pronoy kumar,p biswas,0.5407875359572074,0.6589719,0.6403508771929824,0,0,15,0.25,0.86,0,1,1,0.89229923
kakkar rohil,r kakkar,1,kakkar rohil,r kakkar,kakkar rohil,r kakkar,0.7421278835882844,0.78620726,0.7638888888888888,0,0,8,0.3333333333333333,0.86,0,1,1,0.89895767
hussain sadia,s hussain,1,hussain sadia,s hussain,hussain sadia,s hussain,0.7615362160700945,0.7140486,0.7097578347578347,0,0,8,0.3333333333333333,0.88,0,1,1,0.89895767
chaurasiya om prakash,o p chaurasiya,1,chaurasiya om prakash,o p chaurasiya,chaurasiya om prakash,o p chaurasiya,0.7408049696992509,0.68442744,0.6183261183261183,0,0,15,0.2,0.83,1,1,1,0.8983663
vishwakarma anup kumar,a k vishwakarma,1,vishwakarma anup kumar,a k vishwakarma,vishwakarma anup kumar,a k vishwakarma,0.7695164929439422,0.763416,0.7137085137085138,0,0,15,0.2,0.85,1,1,1,0.8983663
misra archana miss,archana mishra,1,misra archana,archana mishra,misra archana,archana mishra,0.6969656355995221,0.84672,0.6945054945054946,0,0,11,0.3333333333333333,0.96,1,0,1,0.8502723
vishwakarma swati,s vishwakarma,1,vishwakarma swati,s vishwakarma,vishwakarma swati,s vishwakarma,0.8263836764707077,0.8142706,0.8007678595913891,0,0,8,0.3333333333333333,0.92,1,1,1,0.89895767
tripathi himanshu,himanshu tripathy,1,tripathi himanshu,himanshu tripathy,tripathi himanshu,himanshu tripathy,0.8995492629827171,0.8584821,0.5751633986928105,0,0,12,0.3333333333333333,0.94,0,0,1,0.88654673
dube amita,amit dubey,1,dube amita,amit dubey,dube amita,amit dubey,0.6299844880768568,0.77760637,0.39999999999999997,0,0,9,0.0,0.9,0,0,1,0.83958846
ahmad mohamed,mohhamed ahmed,1,ahmad mohamed,mohhamed ahmed,ahmad mohamed,mohhamed ahmed,0.6027304555445366,0.6856654,0.7878510378510378,0,0,8,0.0,0.89,0,0,1,0.8462982
absar ahmed,a ahmed,1,absar ahmed,a ahmed,absar ahmed,a ahmed,0.5919564728856384,0.7979822,0.848051948051948,0,0,4,0.3333333333333333,0.83,0,1,1,0.8989275
rajpoot shanvika,s rajpoot,1,rajpoot shanvika,s rajpoot,rajpoot shanvika,s rajpoot,0.748346730397706,0.6602182,0.6712962962962963,0,0,11,0.3333333333333333,0.88,0,1,1,0.89895767
singh jag bir,j b singh,1,singh jag bir,j b singh,singh jag bir,j b singh,0.5017532197969208,0.6861555,0.5427350427350427,0,0,12,0.2,0.82,0,1,1,0.86346763
chauhan parul km,p k chauhan,1,chauhan parul km,p k chauhan,chauhan parul km,p k chauhan,0.6365158099755746,0.75576603,0.5757575757575758,0,0,13,0.2,0.81,0,1,1,0.8983663
husain ehtesham,ehtesham hussain,1,husain ehtesham,ehtesham hussain,husain ehtesham,ehtesham hussain,0.8537168084905846,0.59134674,0.7111111111111111,0,0,12,0.3333333333333333,0.97,0,0,1,0.88408244
srivastava divya km,d k srivastava,1,srivastava divya km,d k srivastava,srivastava divya km,d k srivastava,0.7331182545484772,0.75505596,0.6367053998632946,0,0,13,0.2,0.85,1,1,1,0.8983663
sharma parul,p sharma,1,sharma parul,p sharma,sharma parul,p sharma,0.5929071435182538,0.7743255,0.6765873015873017,0,0,8,0.3333333333333333,0.86,1,1,1,0.89895767
agarwal deepa km,d k agarwal,1,agarwal deepa km,d k agarwal,agarwal deepa km,d k agarwal,0.6565329423672766,0.675144,0.5757575757575758,0,0,13,0.2,0.81,0,1,1,0.8983663
kadesia deepak,deepak kodesia,1,kadesia deepak,deepak kodesia,kadesia deepak,deepak kodesia,0.7132742734436107,0.6569732,0.6137566137566138,0,0,10,0.3333333333333333,0.93,1,0,1,0.725186
arora pawan,p arora,1,arora pawan,p arora,arora pawan,p arora,0.7064192367665039,0.68995917,0.6341991341991342,0,0,8,0.3333333333333333,0.83,1,1,1,0.89895767
mathur priti,p mathur,1,mathur priti,p mathur,mathur priti,p mathur,0.7353925828307443,0.6756992,0.6765873015873017,0,0,8,0.3333333333333333,0.86,0,1,1,0.89895767
rahul rastogi,r rastogi,1,rahul rastogi,r rastogi,rahul rastogi,r rastogi,0.8345107445538278,0.6429345,0.8743589743589743,0,0,4,0.3333333333333333,0.88,1,1,1,0.89880055
agarwal shubham,subham agarwal,1,agarwal shubham,subham agarwal,agarwal shubham,subham agarwal,0.7999261736137805,0.694394,0.4984126984126984,0,0,12,0.3333333333333333,0.97,0,0,1,0.88654673
gupta devendra kumar,devendra k gupta,1,gupta devendra kumar,devendra k gupta,gupta devendra kumar,devendra k gupta,0.9179334265189204,0.93318367,0.6926282051282051,0,0,11,0.5,0.93,1,1,1,0.89895767
rehman ziaur,z rehman,1,rehman ziaur,z rehman,rehman ziaur,z rehman,0.6251388134228267,0.88150454,0.6765873015873017,0,0,8,0.3333333333333333,0.86,0,1,1,0.89895767
bharadwaj sonal,s bharadwaj,1,bharadwaj sonal,s bharadwaj,bharadwaj sonal,s bharadwaj,0.7979698815258941,0.80840325,0.806060606060606,0,0,8,0.3333333333333333,0.9,0,1,1,0.89895767
mohd shoeb,m shoeb,1,mohd shoeb,m shoeb,mohd shoeb,m shoeb,0.805697779839847,0.7053152,0.8242857142857142,0,0,3,0.3333333333333333,0.83,0,1,1,0.89895767
saxena ravi,r saxena,1,saxena ravi,r saxena,saxena ravi,r saxena,0.8457477999999644,0.82920897,0.7651515151515151,0,0,7,0.3333333333333333,0.86,1,1,1,0.89895767
manchanda dev prakash,d p manchanda,1,manchanda dev prakash,d p manchanda,manchanda dev prakash,d p manchanda,0.6864205061580405,0.66989094,0.6384726384726385,0,0,16,0.2,0.82,1,1,1,0.8983663
singh dharmendra,dhermendra singh,1,singh dharmendra,dhermendra singh,singh dharmendra,dhermendra singh,0.7241210071354213,0.85155416,0.6401515151515151,0,0,13,0.3333333333333333,0.94,1,0,1,0.88654673
mohd saeed,m saeed,1,mohd saeed,m saeed,mohd saeed,m saeed,0.7888217772311122,0.7209103,0.8242857142857142,0,0,3,0.3333333333333333,0.83,0,1,1,0.89895767
saleem mohammad,mohmmad saleem,1,saleem mohammad,mohmmad saleem,saleem mohammad,mohmmad saleem,0.7060641084910264,0.6625391,0.5539682539682539,0,0,13,0.3333333333333333,0.97,0,0,1,0.8841986
husain mohsin,mohsin hussain,1,husain mohsin,mohsin hussain,husain mohsin,mohsin hussain,0.8322827711581368,0.5393611,0.7783882783882784,0,0,8,0.3333333333333333,0.96,0,0,1,0.85200024
farooqi mohammad,muhammad farooq,1,farooqi mohammad,muhammad farooq,farooqi mohammad,muhammad farooq,0.6194414180660365,0.86243904,0.539484126984127,0,0,15,0.0,0.9,0,0,1,0.83958846
mishra soubhagya,saubhagya mishra,1,mishra soubhagya,saubhagya mishra,mishra soubhagya,saubhagya mishra,0.7129378769046001,0.86656404,0.6944444444444445,0,0,14,0.3333333333333333,0.94,1,0,1,0.8841986
saran vishni,vishnu saran,1,saran vishni,vishnu saran,saran vishni,vishnu saran,0.6465112321137353,0.581154,0.5555555555555555,0,0,10,0.3333333333333333,0.92,0,0,1,0.56464946
gupta praveena miss,praveen gupta,1,gupta praveena,praveen gupta,gupta praveena,praveen gupta,0.8832762153374292,0.9373428,0.6945054945054946,0,0,11,0.3333333333333333,0.96,1,0,1,0.88654673
mehrotra aseem,aseem mahrotra,1,mehrotra aseem,aseem mahrotra,mehrotra aseem,aseem mahrotra,0.7475553099274282,0.8245046,0.6761904761904761,0,0,13,0.3333333333333333,0.93,1,0,1,0.7413408
chaudhary geeta km,g k chaudhary,1,chaudhary geeta km,g k chaudhary,chaudhary geeta km,g k chaudhary,0.669261285500596,0.69741625,0.6082621082621084,0,0,13,0.2,0.84,0,1,1,0.8983663
agarwal rati km,r k agarwal,1,agarwal rati km,r k agarwal,agarwal rati km,r k agarwal,0.7013651709766177,0.72355515,0.6579124579124579,0,0,12,0.2,0.85,0,1,1,0.8983663
nigam raj pal,r p nigam,1,nigam raj pal,r p nigam,nigam raj pal,r p nigam,0.7668481262308016,0.70689595,0.5427350427350427,0,0,11,0.2,0.82,0,1,1,0.8983663
ahmad imran,imraan ahmed,1,ahmad imran,imraan ahmed,ahmad imran,imraan ahmed,0.5316457473226499,0.81554204,0.6446608946608947,0,0,10,0.0,0.87,0,0,1,0.8316525
rahman asif,a rahman,1,rahman asif,a rahman,rahman asif,a rahman,0.6485021690261201,0.8574605,0.6942640692640693,0,0,7,0.3333333333333333,0.86,0,1,1,0.89895767
khan shah alam,s alam khan,1,khan shah alam,s alam khan,khan shah alam,s alam khan,0.8175802465625395,0.82546294,0.6168831168831169,0,0,10,0.5,0.9,0,1,1,0.89895767
deep akash,aakash deep,1,deep akash,aakash deep,deep akash,aakash deep,0.7172137230676658,0.6698967,0.5484848484848485,0,0,10,0.3333333333333333,0.95,0,0,1,0.88654673
choudhary ruchita,ruchita chaudhary,1,choudhary ruchita,ruchita chaudhary,choudhary ruchita,ruchita chaudhary,0.8019342867523082,0.8614271,0.69281045751634,0,0,14,0.3333333333333333,0.94,1,0,1,0.88654673
rishi vivek kumar,vivek k rishi,1,rishi vivek kumar,vivek k rishi,rishi vivek kumar,vivek k rishi,0.9024496910708993,0.77918273,0.6524886877828054,0,0,12,0.5,0.92,1,1,1,0.89895767
bhardwaj ritu km,r k bhardwaj,1,bhardwaj ritu km,r k bhardwaj,bhardwaj ritu km,r k bhardwaj,0.7412340483782106,0.7576972,0.6527777777777778,0,0,12,0.2,0.86,0,1,1,0.8983663
sharma sadhana miss,sadhna sharma,1,sharma sadhana,sadhna sharma,sharma sadhana,sadhna sharma,0.6847064784981314,0.8760535,0.7338827838827839,0,0,8,0.3333333333333333,0.96,1,0,1,0.820555
ahmad haseeb,haseeb ahemad,1,ahmad haseeb,haseeb ahemad,ahmad haseeb,haseeb ahemad,0.7236771027289142,0.5352819,0.6356837606837606,0,0,10,0.3333333333333333,0.96,0,0,1,0.88408244
rastogi sonal ku,s k rastogi,1,rastogi sonal ku,s k rastogi,rastogi sonal ku,s k rastogi,0.7485718508688568,0.7562485,0.6454124579124579,0,0,13,0.2,0.81,1,1,1,0.8983663
tiwari sudhanshu,shudhanshu tiwari,1,tiwari sudhanshu,shudhanshu tiwari,tiwari sudhanshu,shudhanshu tiwari,0.8212067734274028,0.7626006,0.6519607843137255,0,0,15,0.3333333333333333,0.97,1,0,1,0.88654673
agrawal shipra,sipra agrawal,1,agrawal shipra,sipra agrawal,agrawal shipra,sipra agrawal,0.7326778509002666,0.75059044,0.6945054945054946,0,0,12,0.3333333333333333,0.96,1,0,1,0.88654673
mishra aakanksha,mishara akanksha,1,mishra aakanksha,mishara akanksha,mishra aakanksha,mishara akanksha,0.7097606208082782,0.63449,0.975,0,1,2,0.0,0.94,1,0,1,0.85876656
verma neha km,n k verma,1,verma neha km,n k verma,verma neha km,n k verma,0.6029246382454079,0.74323386,0.5427350427350427,0,0,11,0.2,0.82,1,1,1,0.8983663
rastogi shashank,shashank rastogy,1,rastogi shashank,shashank rastogy,rastogi shashank,shashank rastogy,0.7465959845766293,0.8891774,0.5,0,0,12,0.3333333333333333,0.94,0,0,1,0.88654673
garg sandeep kumars,sandeep k garg,1,garg sandeep kumars,sandeep k garg,garg sandeep kumars,sandeep k garg,0.7835279895617371,0.7190064,0.7170811644495855,0,0,8,0.5,0.92,0,1,1,0.89895767
tripathi suchi km,s k tripathi,1,tripathi suchi km,s k tripathi,tripathi suchi km,s k tripathi,0.6886983179054118,0.6506604,0.6116557734204793,0,0,13,0.2,0.83,1,1,1,0.8983663
srivastava neha km,n k srivastava,1,srivastava neha km,n k srivastava,srivastava neha km,n k srivastava,0.7613732818026254,0.7839263,0.6474266474266474,0,0,12,0.2,0.88,1,1,1,0.8983663
chaudhary pooja km,p k chaudhary,1,chaudhary pooja km,p k chaudhary,chaudhary pooja km,p k chaudhary,0.6444490521299446,0.7264177,0.6082621082621084,0,0,13,0.2,0.84,0,1,1,0.8983663
verma naveen kumar,naveen kumar varma,1,verma naveen kumar,naveen kumar varma,verma naveen kumar,naveen kumar varma,0.7582557167335784,0.8270589,0.7800925925925926,0,0,12,0.5,0.94,1,0,1,0.882302
jaiswal ritu km,r k jaiswal,1,jaiswal ritu km,r k jaiswal,jaiswal ritu km,r k jaiswal,0.6650343097041963,0.7707679,0.5868686868686869,0,0,12,0.2,0.85,0,1,1,0.8983663
gupta sadhna km,sadhna gupta,1,gupta sadhna km,sadhna gupta,gupta sadhna km,sadhna gupta,0.9133076819485517,0.76885366,0.6083333333333333,0,0,11,0.6666666666666666,1.0,1,1,1,0.89895767
singh gir raj,r g singh,1,singh gir raj,r g singh,singh gir raj,r g singh,0.5858176824750299,0.6561072,0.6292226292226292,0,0,10,0.2,0.82,0,1,1,0.8983663
arya shubhankit,subhankit arya,1,arya shubhankit,subhankit arya,arya shubhankit,subhankit arya,0.8236497324757228,0.65326303,0.6881673881673881,0,0,11,0.3333333333333333,0.97,1,0,1,0.88654673
chaudhry priya km,p k chaudhry,1,chaudhry priya km,p k chaudhry,chaudhry priya km,p k chaudhry,0.7560692948318958,0.73293096,0.6116557734204793,0,0,13,0.2,0.83,0,1,1,0.8983663
malik anu km,a k malik,1,malik anu km,a k malik,malik anu km,a k malik,0.6773812788953969,0.7814749,0.7268518518518517,0,0,8,0.2,0.86,0,1,1,0.8983663
prajapati rajat kumar,r k prajapati,1,prajapati rajat kumar,r k prajapati,prajapati rajat kumar,r k prajapati,0.7755053251393761,0.75025713,0.6687756687756687,0,0,15,0.2,0.82,1,1,1,0.8983663
p avinash,avinash kumar patel,1,p avinash,avinash kumar patel,p avinash,avinash kumar patel,0.6861977703867832,0.5204715,0.6033138401559454,0,0,14,0.25,0.88,0,1,1,0.89895767
patel ankaj kumar,k patel,1,patel ankaj kumar,k patel,patel ankaj kumar,k patel,0.6006153262347489,0.7693405,0.5700280112044818,0,0,14,0.25,0.83,0,1,1,0.89895767
kaushik raj miss,r kaushik,1,kaushik raj,r kaushik,kaushik raj,r kaushik,0.894109013215028,0.7711837,0.8047138047138048,0,0,6,0.3333333333333333,0.9,0,1,1,0.89895767
rizvi sofiya,s rizvi,1,rizvi sofiya,s rizvi,rizvi sofiya,s rizvi,0.6577250639213019,0.7413402,0.6190476190476191,0,0,9,0.3333333333333333,0.83,1,1,1,0.89895767
srivastava ritu km,r k srivastava,1,srivastava ritu km,r k srivastava,srivastava ritu km,r k srivastava,0.747241664363079,0.8019315,0.7023809523809524,0,0,12,0.2,0.88,1,1,1,0.8983663
sharma nagendra,nagendra shrma,1,sharma nagendra,nagendra shrma,sharma nagendra,nagendra shrma,0.7394112803555406,0.7172251,0.5126984126984127,0,0,12,0.3333333333333333,0.97,1,0,1,0.88654673
hussain akhtar,akhtar husain,1,hussain akhtar,akhtar husain,hussain akhtar,akhtar husain,0.8178419570720936,0.68240535,0.6672771672771672,0,0,12,0.3333333333333333,0.96,0,0,1,0.88654673
devi prasad,d prasad,1,devi prasad,d prasad,devi prasad,d prasad,0.6820747058491768,0.7557849,0.9181818181818182,0,0,3,0.3333333333333333,0.86,0,1,1,0.89880055
rahaman habibur,habibur rahman,1,rahaman habibur,habibur rahman,rahaman habibur,habibur rahman,0.8327688328161408,0.6112218,0.6365079365079365,0,0,12,0.3333333333333333,0.97,0,0,1,0.8844992
gahlaut pramod kumar singh,p k singh gahlaut,1,gahlaut pramod kumar singh,p k singh gahlaut,gahlaut pramod kumar singh,p k singh gahlaut,0.8127113513003137,0.85010034,0.5385300973536268,0,0,23,0.3333333333333333,0.87,0,1,1,0.89895767
nag ram kumar,r n kumar,1,nag ram kumar,r n kumar,nag ram kumar,r n kumar,0.5051334623015515,0.7111968,0.7863247863247863,0,0,6,0.2,0.82,0,1,1,0.8934219
singh vineeta km,vineeta singh,1,singh vineeta km,vineeta singh,singh vineeta km,vineeta singh,0.9096437536386682,0.7276317,0.6314102564102564,0,0,11,0.6666666666666666,1.0,1,1,1,0.89895767
prasad komal,k prasad,1,prasad komal,k prasad,prasad komal,k prasad,0.5838826584852034,0.8488789,0.6765873015873017,0,0,8,0.3333333333333333,0.86,0,1,1,0.89895767
agarwal neha km,n k agarwal,1,agarwal neha km,n k agarwal,agarwal neha km,n k agarwal,0.6637456872849574,0.7977101,0.5868686868686869,0,0,12,0.2,0.85,0,1,1,0.8983663
tiwari versha,varsha tiwari,1,tiwari versha,varsha tiwari,tiwari versha,varsha tiwari,0.6909778933068772,0.71495897,0.5299145299145299,0,0,12,0.3333333333333333,0.92,1,0,1,0.56464946
jaiswal swati,s jaiswal,1,jaiswal swati,s jaiswal,jaiswal swati,s jaiswal,0.7850884130592858,0.7838811,0.6680911680911681,0,0,8,0.3333333333333333,0.88,0,1,1,0.89895767
mangal brij kishore,brij kishor mangal,1,mangal brij kishore,brij kishor mangal,mangal brij kishore,brij kishor mangal,0.9034206478842628,0.8820881,0.5994152046783626,0,0,14,0.5,0.97,0,0,1,0.88654673
singh jai dev,j d singh,1,singh jai dev,j d singh,singh jai dev,j d singh,0.5507721526660104,0.70683014,0.5427350427350427,0,0,11,0.2,0.82,0,1,1,0.894522
jain keya parashar,keya p jain,1,jain keya parashar,keya p jain,jain keya parashar,keya p jain,0.7725032111999277,0.83574116,0.7491582491582491,0,0,11,0.5,0.9,1,1,1,0.89895767
mittal saroj miss,s mittal,1,mittal saroj,s mittal,mittal saroj,s mittal,0.7099976747593932,0.580999,0.6765873015873017,0,0,8,0.3333333333333333,0.86,0,1,1,0.89895767
khare vinod kumar,v khare,1,khare vinod kumar,v khare,khare vinod kumar,v khare,0.5956470620473561,0.56628126,0.6610644257703081,0,0,13,0.25,0.83,0,1,1,0.89895767
srivastava anubha,anubhav srivastav,1,srivastava anubha,anubhav srivastav,srivastava anubha,anubhav srivastav,0.7945050872571812,0.8542241,0.5220588235294118,0,0,16,0.0,0.94,0,0,1,0.8921022
dixit anoop kumar,anoop dixit,1,dixit anoop kumar,anoop dixit,dixit anoop kumar,anoop dixit,0.9431170191770392,0.64795786,0.7308377896613191,0,0,11,0.6666666666666666,1.0,0,1,1,0.89895767
kushwaha brij lal,b l kushwaha,1,kushwaha brij lal,b l kushwaha,kushwaha brij lal,b l kushwaha,0.6933898278424963,0.73730254,0.6116557734204793,0,0,13,0.2,0.83,1,1,1,0.8983663
agarwal snanjay,sanjay agarwal,1,agarwal snanjay,sanjay agarwal,agarwal snanjay,sanjay agarwal,0.744921321556056,0.64158785,0.5539682539682539,0,0,10,0.3333333333333333,0.97,0,0,1,0.88654673
chandra tara,t chandra,1,chandra tara,t chandra,chandra tara,t chandra,0.7239757896066105,0.7842939,0.7870370370370371,0,0,7,0.3333333333333333,0.88,1,1,1,0.89895767
gupta hari shanker,hari shankar gupta,1,gupta hari shanker,hari shankar gupta,gupta hari shanker,hari shankar gupta,0.7494053768143474,0.77749,0.660968660968661,0,0,13,0.5,0.94,1,0,1,0.88654673
nath kshitiz,kshitij nath,1,nath kshitiz,kshitij nath,nath kshitiz,kshitij nath,0.630436769348266,0.8929737,0.6851851851851851,0,0,11,0.3333333333333333,0.92,0,0,1,0.56464946
ahmad maqbool,maqubool ahmed,1,ahmad maqbool,maqubool ahmed,ahmad maqbool,maqubool ahmed,0.59446997282074,0.8346636,0.6611721611721612,0,0,13,0.0,0.89,0,0,1,0.83958846
bhandari ram nath,n r bhandari,1,bhandari ram nath,n r bhandari,bhandari ram nath,n r bhandari,0.7275735884749279,0.7209921,0.7333630421865717,0,0,13,0.2,0.83,1,1,1,0.8983663
bajpai shikhar,shikher bajpai,1,bajpai shikhar,shikher bajpai,bajpai shikhar,shikher bajpai,0.8035622877974335,0.8115705,0.5079365079365079,0,0,13,0.3333333333333333,0.93,1,0,1,0.7413408
mukerji sukumar,m sukumar,1,mukerji sukumar,m sukumar,mukerji sukumar,m sukumar,0.5773026810425468,0.8205954,0.7466666666666668,0,0,6,0.3333333333333333,0.88,0,1,1,0.89895767
sengutuvan,sengutavan d,1,sengutuvan,sengutavan d,sengutuvan,sengutavan d,0.5517142612728868,0.74987394,0.9077777777777777,0,1,3,0.0,0.82,0,0,1,0.873696
saravanan,sharavanan g,1,saravanan,sharavanan g,saravanan,sharavanan g,0.747935294840805,0.5606512,0.9249999999999999,0,1,3,0.0,0.86,0,0,1,0.881361
ram arvind,arvind r,1,ram arvind,arvind r,ram arvind,arvind r,0.8820191142445083,0.6826168,0.7666666666666666,0,0,6,0.3333333333333333,0.89,0,1,1,0.89895767
suresh s,sn suresh kumar,1,suresh s,sn suresh kumar,suresh s,sn suresh kumar,0.643566062872844,0.39313558,0.7475,0,0,8,0.25,0.86,0,1,1,0.878434
ragupathy,raghupathy v,1,ragupathy,raghupathy v,ragupathy,raghupathy v,0.564569583784728,0.68145645,0.8898148148148148,0,1,3,0.0,0.86,0,0,1,0.88025403
thamaraiselvan,tamaraiselvan s,1,thamaraiselva n,tamaraiselvan s,thamaraiselva n,tamaraiselvan s,0.717106066907844,0.43991497,0.9385714285714285,0,1,3,0.0,0.87,0,0,1,0.881361
senthilkumar,sendhilkumar k,1,senthilkumar,sendhilkumar k,senthilkumar,sendhilkumar k,0.6456976654332451,0.893293,0.9305555555555556,0,1,3,0.0,0.85,0,0,1,0.88236624
sai santhosh,santhosh s,1,sai santhosh,santhosh s,sai santhosh,santhosh s,0.8644230335063204,0.8322606,0.848888888888889,0,0,6,0.3333333333333333,0.91,0,1,1,0.8989275
sibu varghese,shibu vargese,1,sibu varghese,shibu vargese,sibu varghese,shibu vargese,0.5540562153283377,0.57843494,0.9538461538461539,0,1,2,0.0,0.92,0,0,1,0.86292833
vasantha raj,vasantha r,1,vasantha raj,vasantha r,vasantha raj,vasantha r,0.8738642019981482,0.80959725,0.9666666666666667,0,1,2,0.3333333333333333,0.91,1,1,1,0.89880055
ram prabhakar,r prabhakar,1,ram prabhakar,r prabhakar,ram prabhakar,r prabhakar,0.8916230634112199,0.69834554,0.8447552447552447,0,0,2,0.3333333333333333,0.92,0,1,1,0.8989275
deepak raj,deepak r,1,deepak raj,deepak r,deepak raj,deepak r,0.8621287556681629,0.7078121,0.96,0,1,2,0.3333333333333333,0.89,0,1,1,0.89880055
jay ganesh,ganesh j,1,jay ganesh,ganesh j,jay ganesh,ganesh j,0.7966483848006486,0.83898854,0.7154761904761905,0,0,6,0.3333333333333333,0.89,0,1,1,0.89895767
mitalee hazarika,h mitalee,1,mitalee hazarika,h mitalee,mitalee hazarika,h mitalee,0.6573215189616047,0.70866996,0.6712962962962963,0,0,11,0.3333333333333333,0.88,0,1,1,0.89895767
nageswaran,nageshwaran dr,1,nageswaran,nageshwaran,nageswaran,nageshwaran,0.6894094359597782,0.6912817,0.9818181818181818,0,1,1,0.0,0.95,0,0,1,0.85876656
rosy vinita pannirselvam,r v pannirselvam,1,rosy vinita pannirselvam,r v pannirselvam,rosy vinita pannirselvam,r v pannirselvam,0.747226090544987,0.6032913,0.7687499999999999,0,0,8,0.2,0.86,0,1,1,0.89775467
sai meenakshi,meenakshi s,1,sai meenakshi,meenakshi s,sai meenakshi,meenakshi s,0.8858700020513481,0.8198973,0.7627557627557627,0,0,6,0.3333333333333333,0.92,1,1,1,0.89895767
ramya elangovan,elangovan r,1,ramya elangovan,elangovan r,ramya elangovan,elangovan r,0.8459437322576975,0.6706675,0.6919191919191919,0,0,8,0.3333333333333333,0.9,0,1,1,0.89895767
ashwin kumar mani,ashwin k mani,1,ashwin kumar mani,ashwin k mani,ashwin kumar mani,ashwin k mani,0.890573273286794,0.797019,0.9375565610859729,0,1,4,0.5,0.92,1,1,1,0.89880055
shanmugavel,m shanmugavelu,1,shanmugavel,m shanmugavelu,shanmugavel,m shanmugavelu,0.8286699440605164,0.84492,0.8679653679653679,0,0,3,0.0,0.88,0,0,1,0.88126737
ravi raj,ravi r,1,ravi raj,ravi r,ravi raj,ravi r,0.7884690222440734,0.768705,0.95,0,0,2,0.3333333333333333,0.86,1,1,1,0.89880055
s venkatesh,venkatesh sen,1,s venkatesh,venkatesh sen,s venkatesh,venkatesh sen,0.850708787982567,0.7957864,0.8368298368298368,0,0,6,0.3333333333333333,0.92,0,1,1,0.89895767
vishwanathan,viswanathan k,1,vishwanatha n,viswanathan k,vishwanatha n,viswanathan k,0.553214263566401,0.6649693,0.8863247863247864,0,1,3,0.0,0.85,0,0,1,0.8697177
saravanan rajan,saravana raja r,1,saravanan rajan,saravana raja r,saravanan rajan,saravana raja r,0.7432549150668147,0.8529699,0.9466666666666667,0,1,3,0.0,0.87,0,0,1,0.88236624
kalanithi,mrs kalanidhi,1,kalanithi,kalanidhi,kalanithi,kalanidhi,0.5352063153866191,0.82569623,0.9555555555555556,0,1,1,0.0,0.89,1,0,1,0.86286664
hemamalini,haemamalini h,1,hemamalini,haemamalini h,hemamalini,haemamalini h,0.6614936878638196,0.5533593,0.8707692307692307,0,1,3,0.0,0.87,1,0,1,0.88025403
manikandhan,manikandan p,1,manikandha n,manikandan p,manikandha n,manikandan p,0.6637646400980735,0.7783276,0.9484848484848484,0,1,3,0.0,0.83,0,0,1,0.88236624
praveen,praveen kumar m,1,praveen,praveen kumar m,praveen,praveen kumar m,0.8354243036914053,0.5718595,0.8933333333333334,0,1,8,0.3333333333333333,1.0,0,0,1,0.791616
ravindran,ravinddran t,1,ravindran,ravinddran t,ravindran,ravinddran t,0.592562082122224,0.642308,0.95,0,1,3,0.0,0.86,0,0,1,0.881361
priya selvakumar,selvakumar p,1,priya selvakumar,selvakumar p,priya selvakumar,selvakumar p,0.8305233380627018,0.83755445,0.716540404040404,0,0,8,0.3333333333333333,0.91,0,1,1,0.89895767
swetha naik b,swetha n b,1,swetha naik b,swetha n b,swetha naik b,swetha n b,0.8088398874779666,0.82674956,0.9538461538461538,0,0,3,0.5,0.89,1,1,1,0.89880055
thilagavathi,thilakavathi r,1,thilagavathi,thilakavathi r,thilagavathi,thilakavathi r,0.6394394396647116,0.885407,0.9404761904761905,0,1,3,0.0,0.85,1,0,1,0.88236624
vijay balaji,balaji v,1,vijay balaji,balaji v,vijay balaji,balaji v,0.7544068840158279,0.7264557,0.5472222222222222,0,0,8,0.3333333333333333,0.86,1,1,1,0.89895767
vijay kumar sumy,vijay s,1,vijay kumar sumy,vijay s,vijay kumar sumy,vijay s,0.5660219166676619,0.67253435,0.8875,0,0,9,0.25,0.83,0,1,1,0.89880055
raj vikram,vikram r,1,raj vikram,vikram r,raj vikram,vikram r,0.8644837438244427,0.8286312,0.7666666666666666,0,0,6,0.3333333333333333,0.89,0,1,1,0.89895767
anitha raj,anitha r,1,anitha raj,anitha r,anitha raj,anitha r,0.8315639212611672,0.83882296,0.96,0,1,2,0.3333333333333333,0.89,1,1,1,0.89880055
arup chakraborty,chackraborty a p,1,arup chakraborty,chackraborty a p,arup chakraborty,chackraborty a p,0.5503984776845486,0.58895546,0.6666666666666666,0,0,10,0.0,0.81,0,0,1,0.8453071
bhuvaneswari,bhuvaneshwari dgl,1,bhuvaneswari,bhuvaneshwari dgl,bhuvaneswari,bhuvaneshwari dgl,0.620928390342572,0.7836661,0.9411764705882353,0,1,5,0.0,0.83,1,0,1,0.8659629
mohamed imadulla,mohammed imdadulla s,1,mohamed imadulla,mohammed imdadulla s,mohamed imadulla,mohammed imdadulla s,0.5952861743211152,0.8066491,0.9225,0,1,4,0.0,0.89,1,0,1,0.8712664
raj kumar krishnan,r krishnan,1,raj kumar krishnan,r krishnan,raj kumar krishnan,r krishnan,0.7904888227588146,0.697554,0.7466666666666666,0,0,8,0.25,0.89,0,1,1,0.89895767
rajendran manoj kumar,rajendran m,1,rajendran manoj kumar,rajendran m,rajendran manoj kumar,rajendran m,0.6892868916896675,0.7446646,0.9047619047619048,0,1,10,0.25,0.9,0,1,1,0.89880055
rajshekhar,rajsekhar dr,1,rajshekhar,rajsekhar,rajshekhar,rajsekhar,0.5476867495916106,0.8025259,0.9577777777777777,0,1,1,0.0,0.95,0,0,1,0.83241147
sivaganesh,shivaganesh r,1,sivaganesh,shivaganesh r,sivaganesh,shivaganesh r,0.7908471072738141,0.664176,0.9307692307692307,0,1,3,0.0,0.87,0,0,1,0.881361
arya ramachandran,a ramachandran,1,arya ramachandran,a ramachandran,arya ramachandran,a ramachandran,0.8317641222259184,0.7571149,0.8399159663865547,0,0,3,0.3333333333333333,0.92,0,1,1,0.89895767
glory princy,glory p,1,glory princy,glory p,glory princy,glory p,0.7227818271210403,0.70207846,0.9166666666666667,0,1,5,0.3333333333333333,0.83,0,1,1,0.89880055
arun prabhu,prabhu a,1,arun prabhu,prabhu a,arun prabhu,prabhu a,0.7703830321044682,0.6959109,0.6265151515151516,0,0,7,0.3333333333333333,0.86,0,1,1,0.89895767
baalamurugan,balamurugan m,1,baalamuruga n,balamurugan m,baalamuruga n,balamurugan m,0.6096372581387596,0.67966974,0.847863247863248,0,1,3,0.0,0.85,0,0,1,0.8702185
chandrakant,chandrakanth k v,1,chandrakant,chandrakanth k v,chandrakant,chandrakanth k v,0.8124207867351894,0.79754466,0.9375,0,1,5,0.0,0.81,0,0,1,0.8659629
dhamodharan paul,dhamodharan p,1,dhamodharan paul,dhamodharan p,dhamodharan paul,dhamodharan p,0.842430235143285,0.81993836,0.9625,0,1,3,0.3333333333333333,0.92,0,1,1,0.89880055
siva chander,chander s,1,siva chander,chander s,siva chander,chander s,0.7386574597979829,0.6584637,0.6851851851851851,0,0,7,0.3333333333333333,0.88,0,1,1,0.89895767
rajendran muthu,rajendran m,1,rajendran muthu,rajendran m,rajendran muthu,rajendran m,0.7156305285315631,0.7811791,0.9466666666666667,0,1,4,0.3333333333333333,0.9,0,1,1,0.89880055
panneerselvam,pannerselvam d,1,panneerselva m,pannerselvam d,panneerselva m,pannerselvam d,0.6927474155292747,0.73656964,0.9406593406593406,0,1,3,0.0,0.86,0,0,1,0.88236624
geetha govindarajulu,govindrajulu g,1,geetha govindarajulu,govindrajulu g,geetha govindarajulu,govindrajulu g,0.7051687099343559,0.78302044,0.7814285714285714,0,0,10,0.0,0.82,0,0,1,0.8372107
sivakkumar,sivakumar d,1,sivakkuma r,sivakumar d,sivakkuma r,sivakumar d,0.5217023981998083,0.6505704,0.9436363636363637,0,1,3,0.0,0.82,0,0,1,0.8709337
elangovan manian,elangovan m,1,elangovan manian,elangovan m,elangovan manian,elangovan m,0.8491416363566181,0.7780124,0.9375,0,1,5,0.3333333333333333,0.9,0,1,1,0.89880055
sethumadhavan,sethumathavan dr,1,sethumadhavan,sethumathavan,sethumadhavan,sethumathavan,0.7459738731807185,0.9344552,0.9692307692307692,0,1,1,0.0,0.92,0,0,1,0.88564974
manoj murugan,murugan m,1,manoj murugan,murugan m,manoj murugan,murugan m,0.7755269653092512,0.76626146,0.5982905982905983,0,0,8,0.3333333333333333,0.88,0,1,1,0.89895767
pradeep kumar rai,r pradeep,1,pradeep kumar rai,r pradeep,pradeep kumar rai,r pradeep,0.7447202712455149,0.45470768,0.6614923747276689,0,0,12,0.25,0.88,0,1,1,0.8769404
anuradha raman,anuradha r,1,anuradha raman,anuradha r,anuradha raman,anuradha r,0.8586340797267985,0.70743835,0.9428571428571428,0,1,4,0.3333333333333333,0.89,1,1,1,0.89880055
raghupathi,l raghupathy,1,raghupathi,l raghupathy,raghupathi,l raghupathy,0.8098322381078192,0.74194354,0.8833333333333333,0,0,3,0.0,0.82,0,0,1,0.88126737
rohit bag,rohit b,1,rohit bag,rohit b,rohit bag,rohit b,0.7359465285222155,0.7246576,0.9555555555555556,0,0,2,0.3333333333333333,0.88,0,1,1,0.89880055
mani shanthi,shanthi m,1,mani shanthi,shanthi m,mani shanthi,shanthi m,0.810630608409095,0.74854016,0.7268518518518517,0,0,7,0.3333333333333333,0.88,1,1,1,0.89895767
shivakumar,sivakumar d,1,shivakuma r,sivakumar d,shivakuma r,sivakumar d,0.5771032798452665,0.51676536,0.9154545454545455,0,1,3,0.0,0.82,0,0,1,0.881361
balu srinivasan,srinivasan b,1,balu srinivasan,srinivasan b,balu srinivasan,srinivasan b,0.774373002235493,0.76390326,0.7621212121212121,0,0,7,0.3333333333333333,0.91,0,1,1,0.89895767
sethuraaman,sethuraman dr,1,sethuraaman,sethuraman,sethuraaman,sethuraman,0.7251064092844285,0.76778054,0.9618181818181818,1,1,1,0.0,0.95,0,0,1,0.85994685
surendiran,surendhiran r,1,surendiran,surendhiran r,surendiran,surendhiran r,0.5843566156117359,0.67929435,0.9538461538461538,0,1,3,0.0,0.87,0,0,1,0.881361
thiyagarajan,thiayagarajan s,1,thiyagarajan,thiayagarajan s,thiyagarajan,thiayagarajan s,0.5995503895091491,0.88462186,0.8755555555555556,0,1,3,0.0,0.89,0,0,1,0.88126737
vijay bodh,vijay b,1,vijay bodh,vijay b,vijay bodh,vijay b,0.5904451431239931,0.78893715,0.9400000000000001,0,0,3,0.3333333333333333,0.83,0,1,1,0.89880055
ashok elangovan,elangovan a,1,ashok elangovan,elangovan a,ashok elangovan,elangovan a,0.8514105184359897,0.69355345,0.7595959595959596,0,0,8,0.3333333333333333,0.9,0,1,1,0.89895767
harishanth,harisanth dr,1,harishanth,harisanth,harishanth,harisanth,0.6514753213035986,0.7895764,0.9355555555555555,0,1,1,0.0,0.95,0,0,1,0.85876656
raju jayalakshmi,jayalakshmi r,1,raju jayalakshmi,jayalakshmi r,raju jayalakshmi,jayalakshmi r,0.8661179148050137,0.7657404,0.7521367521367521,0,0,7,0.3333333333333333,0.92,1,1,1,0.89895767
karthikeyan raju,karthikeyan r,1,karthikeyan raju,karthikeyan r,karthikeyan raju,karthikeyan r,0.873037962419693,0.7502205,0.9625,0,1,3,0.3333333333333333,0.92,0,1,1,0.89880055
karthikeyan napa,karthikeyan n,1,karthikeyan napa,karthikeyan n,karthikeyan napa,karthikeyan n,0.8147476889463264,0.84723383,0.9625,0,1,3,0.3333333333333333,0.92,0,1,1,0.89880055
kala krishnan,k krishanan,1,kala krishnan,k krishanan,kala krishnan,k krishanan,0.5353369486461304,0.54725885,0.872027972027972,0,0,4,0.0,0.83,0,0,1,0.85875136
lata srinivasan,l srinivasan,1,lata srinivasan,l srinivasan,lata srinivasan,l srinivasan,0.8046228253950394,0.90004206,0.815,0,0,3,0.3333333333333333,0.91,0,1,1,0.89895767
maya chandrasekaran,chandrasekaran m,1,maya chandrasekaran,chandrasekaran m,maya chandrasekaran,chandrasekaran m,0.8541152908405275,0.7210776,0.7277568922305765,0,0,7,0.3333333333333333,0.93,0,1,1,0.89895767
mohan prem kumar,mohan p,1,mohan prem kumar,mohan p,mohan prem kumar,mohan p,0.5520250132748272,0.7691337,0.8875,0,0,9,0.25,0.83,0,1,1,0.8950085
kripa mohan,mohan k,1,kripa mohan,mohan k,kripa mohan,mohan k,0.5707418538004543,0.8490579,0.48917748917748916,0,0,8,0.3333333333333333,0.83,0,1,1,0.89895767
murallitharan,muralitharan r,1,murallithara n,muralitharan r,murallithara n,muralitharan r,0.6679750497778649,0.7413891,0.956043956043956,0,1,3,0.0,0.86,0,0,1,0.88236624
muthukkumaran,muthukumaran p,1,muthukkumara n,muthukumaran p,muthukkumara n,muthukumaran p,0.6116857571644537,0.63325346,0.956043956043956,0,1,3,0.0,0.86,0,0,1,0.881361
manickavasagam,manikavasagam dr,1,manickavasagam,manikavasagam,manickavasagam,manikavasagam,0.6756897965289962,0.7017566,0.9857142857142858,1,1,1,0.0,0.96,0,0,1,0.85994685
padmavathi,padmavathy v,1,padmavathi,padmavathy v,padmavathi,padmavathy v,0.8348306351328034,0.825507,0.9299999999999999,0,1,3,0.0,0.82,0,0,1,0.88236624
sesu paramasivam,paramasivam s,1,sesu paramasivam,paramasivam s,sesu paramasivam,paramasivam s,0.7713264534675864,0.7470735,0.8092948717948718,0,0,7,0.3333333333333333,0.92,0,1,1,0.89895767
vinu priya,priya v,1,vinu priya,priya v,vinu priya,priya v,0.646379897129683,0.7301024,0.49523809523809526,0,0,7,0.3333333333333333,0.83,1,1,1,0.89895767
rajasekhar,rajasekar p,1,rajasekha r,rajasekar p,rajasekha r,rajasekar p,0.6669666167686732,0.7646956,0.9436363636363637,0,1,3,0.0,0.82,0,0,1,0.88236624
prema ramachandran,ramachandran p,1,prema ramachandran,ramachandran p,prema ramachandran,ramachandran p,0.7782044289880834,0.8672464,0.7553927553927554,0,0,8,0.3333333333333333,0.92,0,1,1,0.89895767
sri ram,ram s,1,sri ram,ram s,sri ram,ram s,0.5855740315142369,0.7124895,0.5619047619047619,0,0,6,0.3333333333333333,0.83,0,1,1,0.89895767
kala natarajan,k natarajan,1,kala natarajan,k natarajan,kala natarajan,k natarajan,0.8244386768750935,0.8128761,0.8538961038961039,0,0,3,0.3333333333333333,0.9,0,1,1,0.8988725
sonali ramesh,ramesh s,1,sonali ramesh,ramesh s,sonali ramesh,ramesh s,0.5973680687929782,0.6703425,0.5192307692307693,0,0,9,0.3333333333333333,0.86,0,1,1,0.89895767
salgunan nair,salgunan n,1,salgunan nair,salgunan n,salgunan nair,salgunan n,0.8470963567244015,0.7522718,0.9538461538461538,0,1,3,0.3333333333333333,0.89,0,1,1,0.89880055
sathyamoorthy,sathiyamoorthy pn,1,sathyamoorthy,sathiyamoorthy pn,sathyamoorthy,sathiyamoorthy pn,0.6971430960138956,0.54476404,0.9529411764705882,0,1,4,0.0,0.87,0,0,1,0.8688796
vasuki sellamuthu,v sellamuthu,1,vasuki sellamuthu,v sellamuthu,vasuki sellamuthu,v sellamuthu,0.7573516128449526,0.81385577,0.786764705882353,0,0,5,0.3333333333333333,0.91,0,1,1,0.89895767
malliga sivaraja,mallika sivaraj s,1,malliga sivaraja,mallika sivaraj s,malliga sivaraja,mallika sivaraj s,0.5928299946143369,0.7494885,0.9397058823529412,0,1,3,0.0,0.85,1,0,1,0.88236624
sunil kumar murugesan,murugesan s,1,sunil kumar murugesan,murugesan s,sunil kumar murugesan,murugesan s,0.7860511449486102,0.5540792,0.6378066378066377,0,0,14,0.25,0.9,0,1,1,0.89895767
srinivaasan,srinivasan h,1,srinivaasa n,srinivasan h,srinivaasa n,srinivasan h,0.5349261750894653,0.7253114,0.9303030303030303,0,1,3,0.0,0.83,0,0,1,0.87318426
suresh kanna,suresh k,1,suresh kanna,suresh k,suresh kanna,suresh k,0.6732642376225644,0.58807886,0.9333333333333333,0,1,4,0.3333333333333333,0.86,0,1,1,0.89880055
thilakavathy,thilakavathi g,1,thilakavathy,thilakavathi g,thilakavathy,thilakavathi g,0.8597574806540267,0.83669734,0.9404761904761905,0,1,3,0.0,0.85,0,0,1,0.88236624
kumaran varatharajan,varatharajan k,1,kumaran varatharajan,varatharajan k,kumaran varatharajan,varatharajan k,0.8604011137720134,0.8562921,0.7313186813186814,0,0,10,0.3333333333333333,0.92,0,1,1,0.89895767
veena vijayaraj,vijayaraj v,1,veena vijayaraj,vijayaraj v,veena vijayaraj,vijayaraj v,0.7932510147362063,0.7918275,0.7836363636363637,0,0,8,0.3333333333333333,0.9,0,1,1,0.89895767
rama viswanathan,viswanathan r,1,rama viswanathan,viswanathan r,rama viswanathan,viswanathan r,0.8846238369293815,0.8083426,0.7243589743589745,0,0,7,0.3333333333333333,0.92,0,1,1,0.89895767
senthil velan,senthil v,1,senthil velan,senthil v,senthil velan,senthil v,0.7485231214542803,0.68564045,0.9384615384615385,0,1,4,0.3333333333333333,0.88,0,1,1,0.89880055
ram niranjan,niranjana r,1,ram niranjan,niranjana r,ram niranjan,niranjana r,0.7803904535784192,0.69160557,0.7808080808080807,0,0,7,0.0,0.87,0,0,1,0.84833217
aanand,a anand,1,a anand,a anand,a anand,a anand,1.0000000000000002,1.0,1.0,1,1,0,1.0,1.0,0,1,1,0.89880055
arun pandiyan,a pandiyan,1,arun pandiyan,a pandiyan,arun pandiyan,a pandiyan,0.8309375052537377,0.6957843,0.8107692307692307,0,0,3,0.3333333333333333,0.89,0,1,1,0.89895767
raj kumar manoharan,r manoharan,1,raj kumar manoharan,r manoharan,raj kumar manoharan,r manoharan,0.8152081045851277,0.62747705,0.7645933014354067,0,0,8,0.25,0.9,0,1,1,0.89895767
balamurugan rajaram,balamurugan r,1,balamurugan rajaram,balamurugan r,balamurugan rajaram,balamurugan r,0.8119108112238405,0.78138614,0.9368421052631579,0,1,6,0.3333333333333333,0.92,0,1,1,0.89880055
sathyamurthy,satyamurthy s,1,sathyamurth y,satyamurthy s,sathyamurth y,satyamurthy s,0.6118859985089548,0.64368284,0.9446581196581196,0,1,3,0.0,0.85,0,0,1,0.881361
balachandiran,balachandran x,1,balachandira n,balachandran x,balachandira n,balachandran x,0.6285661649564509,0.69898754,0.956043956043956,0,1,3,0.0,0.86,0,0,1,0.881361
suja bharathi,bharathi s,1,suja bharathi,bharathi s,suja bharathi,bharathi s,0.7189409417800532,0.8242713,0.7159544159544161,0,0,7,0.3333333333333333,0.89,1,1,1,0.89895767
buvaneshwari,bhuvaneshwari c k,1,buvaneshwari,bhuvaneshwari c k,buvaneshwari,bhuvaneshwari c k,0.6613979107775994,0.8000736,0.8367647058823531,0,1,5,0.0,0.83,1,0,1,0.84956944
raj sridhar,sridhar r,1,raj sridhar,sridhar r,raj sridhar,sridhar r,0.869659185530203,0.8856734,0.7912457912457912,0,0,6,0.3333333333333333,0.9,0,1,1,0.89895767
ramesh gopi,g ramesh,1,ramesh gopi,g ramesh,ramesh gopi,g ramesh,0.6149312838007263,0.7103627,0.7651515151515151,0,0,7,0.3333333333333333,0.86,0,1,1,0.89895767
vijayabhasker,c vijayabhaskar,1,vijayabhasker,c vijayabhaskar,vijayabhasker,c vijayabhaskar,0.7295393599211663,0.8245821,0.9076923076923077,0,0,3,0.0,0.86,0,0,1,0.88236624
chandrashekar,chandrasekar k,1,chandrasheka r,chandrasekar k,chandrasheka r,chandrasekar k,0.5278252013405014,0.8520573,0.956043956043956,0,1,3,0.0,0.86,0,0,1,0.83826447
raveendranath,rabeendranath cp,1,raveendranath,rabeendranath cp,raveendranath,rabeendranath cp,0.5240356829313843,0.5706966,0.9128205128205129,0,1,4,0.0,0.83,0,0,1,0.862357
moorthy rita,moorthy r,1,moorthy rita,moorthy r,moorthy rita,moorthy r,0.8283937120577355,0.6598499,0.95,0,1,3,0.3333333333333333,0.88,0,1,1,0.89880055
damodharan,dhamodharan g,1,damodharan,dhamodharan g,damodharan,dhamodharan g,0.7066936806305065,0.48644954,0.8707692307692307,0,1,3,0.0,0.87,0,0,1,0.88025403
kaniyappan,kanniyappan n,1,kaniyappan,kanniyappan n,kaniyappan,kanniyappan n,0.7714151145499724,0.8755497,0.9461538461538461,0,1,3,0.0,0.87,0,0,1,0.88236624
shakthivel,sakthivel m,1,shakthive l,sakthivel m,shakthive l,sakthivel m,0.5885583628312451,0.5840408,0.8554545454545455,0,1,3,0.0,0.82,0,0,1,0.87725705
basheer ahamed,bhasheer ahmed,1,basheer ahamed,bhasheer ahmed,basheer ahamed,bhasheer ahmed,0.57816527219423,0.2791705,0.8648351648351649,0,1,2,0.0,0.93,0,0,1,0.8835888
bakthavathasalam subbiah,bakthavathsalam s,1,bakthavathasalam subbiah,bakthavathsalam s,bakthavathasalam subbiah,bakthavathsalam s,0.6323976437245553,0.7420887,0.9181372549019609,0,1,7,0.0,0.83,0,0,1,0.8659629
bhavani sree,bhavana shree,1,bhavani sree,bhavana shree,bhavani sree,bhavana shree,0.5929475847654179,0.7943844,0.9525641025641025,0,1,2,0.0,0.88,1,0,1,0.88564974
deenadayal,dheenadayal d,1,deenadayal,dheenadayal d,deenadayal,dheenadayal d,0.7682672823369139,0.36192188,0.9307692307692307,0,1,3,0.0,0.87,0,0,1,0.881361
parthasarathi,parthasarathy k,1,parthasarathi,parthasarathy k,parthasarathi,parthasarathy k,0.8356796018003059,0.8267174,0.9446153846153846,0,1,3,0.0,0.86,0,0,1,0.88236624
sai priya,priya s,1,sai priya,priya s,sai priya,priya s,0.766717910097943,0.77427685,0.4761904761904761,0,0,6,0.3333333333333333,0.88,1,1,1,0.89895767
saranya ravi,saranya r,1,saranya ravi,saranya r,saranya ravi,saranya r,0.8113400671127379,0.8315394,0.95,0,1,3,0.3333333333333333,0.88,1,1,1,0.89880055
varun kumar s,varun k,1,varun kumar s,varun k,varun kumar s,varun k,0.8014238546398047,0.7169101,0.9076923076923077,0,1,6,0.25,0.83,0,1,1,0.89880055
ravi kumaravel,kumaravel r,1,ravi kumaravel,kumaravel r,ravi kumaravel,kumaravel r,0.8519991991298934,0.79917055,0.777056277056277,0,0,7,0.3333333333333333,0.9,0,1,1,0.89895767
vijay nambi,nambi v,1,vijay nambi,nambi v,vijay nambi,nambi v,0.7871230106700461,0.64391017,0.45598845598845594,0,0,8,0.3333333333333333,0.83,1,1,1,0.89895767
arunkumaar,arunkumar s,1,arunkumaa r,arunkumar s,arunkumaa r,arunkumar s,0.7300305127429347,0.6913074,0.9436363636363637,0,1,2,0.0,0.82,0,0,1,0.88466895
ram balaji,balaji r,1,ram balaji,balaji r,ram balaji,balaji r,0.8742963430249585,0.8276451,0.7154761904761905,0,0,6,0.3333333333333333,0.89,1,1,1,0.89895767
chitra elango,elango c,1,chitra elango,elango c,chitra elango,elango c,0.7591350672175162,0.618472,0.4679487179487179,0,0,9,0.3333333333333333,0.86,0,1,1,0.89895767
akrishna,akrishnan p,1,akrishna,akrishnan p,akrishna,akrishnan p,0.8329993871263084,0.8132714,0.9454545454545455,0,1,3,0.0,0.84,0,0,1,0.88236624
sasi kumar gurunathan,gurunathan s,1,sasi kumar gurunathan,gurunathan s,sasi kumar gurunathan,gurunathan s,0.7636930914821105,0.73513544,0.5575396825396824,0,0,13,0.25,0.91,0,1,1,0.89895767
ilambharathi,ilambharathy dr,1,ilambharathi,ilambharathy,ilambharathi,ilambharathy,0.867905028009371,0.95500076,0.9666666666666666,1,1,1,0.0,0.92,0,0,1,0.88564974
karthikkeyan,karthikeyan k,1,karthikkeya n,karthikeyan k,karthikkeya n,karthikeyan k,0.5834561030352597,0.73410493,0.9692307692307692,0,1,3,0.0,0.85,0,0,1,0.88236624
ashok kumar krishnamoorthy,krishnamoorthy k,1,ashok kumar krishnamoorthy,krishnamoorthy k,ashok kumar krishnamoorthy,krishnamoorthy k,0.8434808585566611,0.67754364,0.7259615384615384,0,0,14,0.25,0.93,0,1,1,0.89895767
kiran s kumar,kumar k s,1,kiran s kumar,kumar k s,kiran s kumar,kumar k s,0.5921335723269263,0.6700473,0.6768416768416768,0,0,9,0.5,0.88,0,1,1,0.89895767
lakshmi sri,lakshmi s,1,lakshmi sri,lakshmi s,lakshmi sri,lakshmi s,0.8523233241027366,0.8685858,0.9636363636363636,0,1,2,0.3333333333333333,0.9,1,1,1,0.89880055
sai mahesh,mahesh s,1,sai mahesh,mahesh s,sai mahesh,mahesh s,0.7915466867665465,0.68834233,0.8083333333333332,0,0,6,0.3333333333333333,0.89,0,1,1,0.89895767
rani manivannan,manivannan r,1,rani manivannan,manivannan r,rani manivannan,manivannan r,0.8902489712100102,0.72329533,0.7924242424242424,0,0,7,0.3333333333333333,0.91,0,1,1,0.89895767
cholan pennan,p cholan,1,cholan pennan,p cholan,cholan pennan,p cholan,0.6688462144902055,0.7818605,0.6616300366300366,0,0,9,0.3333333333333333,0.86,0,1,1,0.89895767
prabakaaran,prabakaran p,1,prabakaara n,prabakaran p,prabakaara n,prabakaran p,0.6071997350655775,0.76839954,0.9303030303030303,0,1,3,0.0,0.83,0,0,1,0.88236624
prabhakaran raju,r prabhakaran,1,prabhakaran raju,r prabhakaran,prabhakaran raju,r prabhakaran,0.8367433855890795,0.7016321,0.7243589743589745,0,0,7,0.3333333333333333,0.92,0,1,1,0.89895767
niranj rathan,rathan n,1,niranj rathan,rathan n,niranj rathan,rathan n,0.5637674473476222,0.80524325,0.6816239316239318,0,0,9,0.3333333333333333,0.86,0,1,1,0.89895767
ravikumar muthu,ravikumar m,1,ravikumar muthu,ravikumar m,ravikumar muthu,ravikumar m,0.731958435827824,0.79628897,0.9466666666666667,0,1,4,0.3333333333333333,0.9,0,1,1,0.89880055
prabhakaran raman,r prabhakaran,1,prabhakaran raman,r prabhakaran,prabhakaran raman,r prabhakaran,0.8712674595557846,0.6578199,0.7096530920060332,0,0,8,0.3333333333333333,0.92,0,1,1,0.89895767
saravana kumar ravi,r saravana kumar,1,saravana kumar ravi,r saravana kumar,saravana kumar ravi,r saravana kumar,0.862902442809548,0.86119485,0.75343567251462,0,0,7,0.5,0.93,1,1,1,0.89895767
sai sathya,sathya s,1,sai sathya,sathya s,sai sathya,sathya s,0.8317726139340268,0.82425714,0.8466666666666666,0,0,6,0.3333333333333333,0.89,1,1,1,0.8989275
senthil kumar mani,senthil m,1,senthil kumar mani,senthil m,senthil kumar mani,senthil m,0.7939464920825473,0.5682547,0.9,0,1,9,0.25,0.88,0,1,1,0.89880055
sundaravel,r soundaravel,1,sundaravel,r soundaravel,sundaravel,r soundaravel,0.7172924847611954,0.39245915,0.8230769230769232,0,0,3,0.0,0.87,0,0,1,0.86491543
venkataraman raju,venkataraman r,1,venkataraman raju,venkataraman r,venkataraman raju,venkataraman r,0.8620700164565068,0.726797,0.9647058823529411,0,1,3,0.3333333333333333,0.92,0,1,1,0.89880055
sri vidya,vidya s,1,sri vidya,vidya s,sri vidya,vidya s,0.8210390227481812,0.75419354,0.5026455026455027,0,0,6,0.3333333333333333,0.88,1,1,1,0.89895767
meena kannan,kannan m,1,meena kannan,kannan m,meena kannan,kannan m,0.7225469442555912,0.7688545,0.6388888888888888,0,0,8,0.3333333333333333,0.86,0,1,1,0.89895767
kumaresan muthu,kumaresan m,1,kumaresan muthu,kumaresan m,kumaresan muthu,kumaresan m,0.7332803890273674,0.83195555,0.9466666666666667,0,1,4,0.3333333333333333,0.9,0,1,1,0.89880055
latha krishnamoorthy,l krishnamoorthy,1,latha krishnamoorthy,l krishnamoorthy,latha krishnamoorthy,l krishnamoorthy,0.8806592266491646,0.8654212,0.8274999999999999,0,0,4,0.3333333333333333,0.93,0,1,1,0.89895767
venkatesh pyda,p venkatesh,1,venkatesh pyda,p venkatesh,venkatesh pyda,p venkatesh,0.6604413068799234,0.7970035,0.8203463203463204,0,0,7,0.3333333333333333,0.9,0,1,1,0.89895767
hari prrasad,harri prasad,1,hari prrasad,harri prasad,hari prrasad,harri prasad,0.6187069986070647,0.43836075,0.9611111111111111,1,1,2,0.0,0.92,1,0,1,0.88466895
priya jayakumar,jayakumar p,1,priya jayakumar,jayakumar p,priya jayakumar,jayakumar p,0.7764718181717453,0.85391283,0.7252525252525253,0,0,8,0.3333333333333333,0.9,0,1,1,0.89895767
jegadheesan,jegadhesan dr,1,jegadheesan,jegadhesan,jegadheesan,jegadhesan,0.8041484598680522,0.8552774,0.9818181818181818,1,1,1,0.0,0.95,0,0,1,0.8545328
thiruppathi,thirupathi k,1,thiruppath i,thirupathi k,thiruppath i,thirupathi k,0.6167584895679117,0.5516613,0.9484848484848484,0,1,3,0.0,0.83,0,0,1,0.881361
kanagaraaj,kanagaraj k,1,kanagaraa j,kanagaraj k,kanagaraa j,kanagaraj k,0.6610874015784606,0.77355003,0.9436363636363637,0,1,2,0.0,0.82,0,0,1,0.88564974
karppagavalli,karpagavalli drb,1,karppagavalli,karpagavalli drb,karppagavalli,karpagavalli drb,0.639223213130158,0.7791586,0.9346153846153846,0,1,5,0.0,0.83,1,0,1,0.8659629
ram karthickeyan,karthikeyan r,1,ram karthickeyan,karthikeyan r,ram karthickeyan,karthikeyan r,0.5828880393027328,0.60758305,0.7521367521367521,0,0,7,0.0,0.9,0,0,1,0.84685117
thilagavathy,thilakavathy g,1,thilagavathy,thilakavathy g,thilagavathy,thilakavathy g,0.6360801828085346,0.8635045,0.9404761904761905,0,1,3,0.0,0.85,0,0,1,0.88236624
ponnusamy kanjan,k ponnusamy,1,ponnusamy kanjan,k ponnusamy,ponnusamy kanjan,k ponnusamy,0.8500563793180437,0.75146234,0.7935606060606061,0,0,9,0.3333333333333333,0.9,0,1,1,0.89895767
gopi saravanan,saravanan g,1,gopi saravanan,saravanan g,gopi saravanan,saravanan g,0.7096840509101291,0.7248199,0.7077922077922079,0,0,7,0.3333333333333333,0.9,0,1,1,0.89895767
sai lakshmi,lakshmi s,1,sai lakshmi,lakshmi s,sai lakshmi,lakshmi s,0.8558638813299343,0.7713176,0.7912457912457912,0,0,6,0.3333333333333333,0.9,1,1,1,0.89895767
sankar madhu,madhu shankar,1,sankar madhu,madhu shankar,sankar madhu,madhu shankar,0.830354512910487,0.63275194,0.5337606837606838,0,0,11,0.3333333333333333,0.96,0,0,1,0.88654673
manimala,manimalar m,1,manimala,manimalar m,manimala,manimalar m,0.8001906466828645,0.834845,0.9454545454545455,0,1,3,0.0,0.84,0,0,1,0.88236624
hemamalini ramu,hemamalini r,1,hemamalini ramu,hemamalini r,hemamalini ramu,hemamalini r,0.8489832525011431,0.7491596,0.96,0,1,3,0.3333333333333333,0.91,1,1,1,0.89880055
rani manonmani,manonmani r,1,rani manonmani,manonmani r,rani manonmani,manonmani r,0.9220408473477743,0.63835233,0.7077922077922079,0,0,7,0.3333333333333333,0.9,1,1,1,0.89895767
swetha mayilvahanan,mayilvahanan s,1,swetha mayilvahanan,mayilvahanan s,swetha mayilvahanan,mayilvahanan s,0.8469206884915508,0.77848506,0.7427221900906112,0,0,9,0.3333333333333333,0.92,0,1,1,0.89895767
mohamed kassim,kassim m,1,mohamed kassim,kassim m,mohamed kassim,kassim m,0.7573485845530155,0.67734694,0.42857142857142855,0,0,10,0.3333333333333333,0.86,0,1,1,0.89895767
nivya sivakumar,n sivakumar,1,nivya sivakumar,n sivakumar,nivya sivakumar,n sivakumar,0.715615703033745,0.8680709,0.8109090909090909,0,0,4,0.3333333333333333,0.9,0,1,1,0.89895767
dilipkumar,dhilipkumar x,1,dilipkumar,dhilipkumar x,dilipkumar,dhilipkumar x,0.7518454622640345,0.68333435,0.9307692307692307,0,1,3,0.0,0.87,0,0,1,0.881361
selvan palani,palani selvam,1,selvan palani,palani selvam,selvan palani,palani selvam,0.8092343107406764,0.9159322,0.5970695970695971,0,0,9,0.3333333333333333,0.92,1,0,1,0.7301133
palvannan,paulvannan s,1,palvannan,paulvannan s,palvannan,paulvannan s,0.5640703121961791,0.5733522,0.9333333333333333,0,1,3,0.0,0.86,0,0,1,0.881361
sarla periyasamy,periyasamy s,1,sarla periyasamy,periyasamy s,sarla periyasamy,periyasamy s,0.8208286592334524,0.7905315,0.7777777777777778,0,0,8,0.3333333333333333,0.91,0,1,1,0.89895767
vani shivakumar,sivakumar v,1,vani shivakumar,sivakumar v,vani shivakumar,sivakumar v,0.599745832406141,0.6831939,0.7595959595959596,0,0,8,0.0,0.85,0,0,1,0.8462982
rajeshwar,rajeshwari k,1,rajeshwar,rajeshwari k,rajeshwar,rajeshwari k,0.841725745900152,0.7956737,0.95,0,1,3,0.0,0.86,0,0,1,0.88236624
sekar rajasekar,rajasekar s,1,sekar rajasekar,rajasekar s,sekar rajasekar,rajasekar s,0.9004342316309288,0.8572846,0.7898989898989899,0,0,8,0.3333333333333333,0.9,0,1,1,0.89895767
kavin kumar ramasamy,ramasamy k,1,kavin kumar ramasamy,ramasamy k,kavin kumar ramasamy,ramasamy k,0.7277158636452858,0.7157475,0.5404761904761904,0,0,14,0.25,0.89,0,1,1,0.89895767
mada ramesh,ramesh m,1,mada ramesh,ramesh m,mada ramesh,ramesh m,0.704602451151164,0.7523689,0.537878787878788,0,0,7,0.3333333333333333,0.86,0,1,1,0.89895767
sanjay moses,sanjay m,1,sanjay moses,sanjay m,sanjay moses,sanjay m,0.5552454799996245,0.77485377,0.9333333333333333,0,1,4,0.3333333333333333,0.86,0,1,1,0.8950085
sundar,sundar kumar b,1,sundar,sundar kumar b,sundar,sundar kumar b,0.8198872686546167,0.6095803,0.8857142857142858,0,1,8,0.3333333333333333,1.0,0,0,1,0.79761106
lakshmi raju,raja lakshmi,1,lakshmi raju,raja lakshmi,lakshmi raju,raja lakshmi,0.7920377274594195,0.819962,0.6851851851851851,0,0,10,0.3333333333333333,0.92,1,0,1,0.7301133
swaminathan,saminathan d,1,swaminatha n,saminathan d,swaminatha n,saminathan d,0.5961507544923754,0.59605265,0.9227272727272726,0,1,3,0.0,0.83,0,0,1,0.881361
vasanth,h vasanth kumar,1,vasanth,h vasanth kumar,vasanth,h vasanth kumar,0.8286767080245272,0.64094996,0.6793650793650793,0,0,8,0.3333333333333333,1.0,0,0,1,0.8655645
chitra murugesan,murugesan c,1,chitra murugesan,murugesan c,chitra murugesan,murugesan c,0.7857920948254833,0.7242944,0.6780303030303031,0,0,9,0.3333333333333333,0.9,0,1,1,0.89895767
saravanan muthu,saravanan m,1,saravanan muthu,saravanan m,saravanan muthu,saravanan m,0.7173691872226547,0.8390335,0.9466666666666667,0,1,4,0.3333333333333333,0.9,0,1,1,0.89880055
natarajan raju,natarajan r,1,natarajan raju,natarajan r,natarajan raju,natarajan r,0.8292101738984728,0.71437544,0.9571428571428571,0,1,3,0.3333333333333333,0.9,0,1,1,0.89880055
selvakumar muthu,selvakumar m,1,selvakumar muthu,selvakumar m,selvakumar muthu,selvakumar m,0.7813872931256628,0.8279128,0.95,0,1,4,0.3333333333333333,0.91,0,1,1,0.89880055
sivakumar raju,sivakumar r,1,sivakumar raju,sivakumar r,sivakumar raju,sivakumar r,0.8137708836094631,0.7965645,0.9571428571428571,0,1,3,0.3333333333333333,0.9,0,1,1,0.89880055
ashok kumar arumugam,arumugam k,1,ashok kumar arumugam,arumugam k,ashok kumar arumugam,arumugam k,0.7866661346507896,0.54082453,0.6083333333333334,0,0,14,0.25,0.89,0,1,1,0.89895767
sreedhara,sreedharan s,1,sreedhara,sreedharan s,sreedhara,sreedharan s,0.8880614956736806,0.8880551,0.95,0,1,3,0.0,0.86,0,0,1,0.88236624
arun srinivasan,srinivasan a,1,arun srinivasan,srinivasan a,arun srinivasan,srinivasan a,0.8409117167161483,0.74841183,0.7944444444444444,0,0,7,0.3333333333333333,0.91,0,1,1,0.89895767
raji srinivasan,srinivasan r,1,raji srinivasan,srinivasan r,raji srinivasan,srinivasan r,0.8474120752358862,0.8254486,0.7944444444444444,0,0,7,0.3333333333333333,0.91,0,1,1,0.89895767
simi srinivasan,s srinivasan,1,simi srinivasan,s srinivasan,simi srinivasan,s srinivasan,0.7564482046941211,0.782478,0.865,0,0,3,0.3333333333333333,0.91,0,1,1,0.89880055
bhuvaneshwar,bhuvaneshwari l,1,bhuvaneshwar,bhuvaneshwari l,bhuvaneshwar,bhuvaneshwari l,0.8994425190423765,0.8592417,0.96,0,1,3,0.0,0.89,0,0,1,0.88212043
raju sundararajan,sundararajan r,1,raju sundararajan,sundararajan r,raju sundararajan,sundararajan r,0.875887937318712,0.737975,0.7439129497953028,0,0,7,0.3333333333333333,0.92,0,1,1,0.89895767
tara suresh,t suresh,1,tara suresh,t suresh,tara suresh,t suresh,0.7146270940431937,0.49223226,0.8431818181818183,0,0,3,0.3333333333333333,0.86,0,1,1,0.8989275
rangalakshmi,rengalakshmi s,1,rangalakshmi,rengalakshmi s,rangalakshmi,rengalakshmi s,0.742519564731374,0.6209626,0.8561688311688311,0,1,3,0.0,0.85,1,0,1,0.87725705
kannan swaminathan,swaminathan k,1,kannan swaminathan,swaminathan k,kannan swaminathan,swaminathan k,0.8079992103469068,0.8581488,0.6965811965811967,0,0,9,0.3333333333333333,0.92,0,1,1,0.89895767
raja ramesh,r ramesh,1,raja ramesh,r ramesh,raja ramesh,r ramesh,0.7852591051958597,0.7985877,0.8806818181818183,0,0,3,0.3333333333333333,0.86,0,1,1,0.89880055
venkattaramanan,venkataramanan r,1,venkattaramana n,venkataramanan r,venkattaramana n,venkataramanan r,0.7110448272089707,0.8198653,0.9616666666666668,0,1,3,0.0,0.88,0,0,1,0.88236624
sahana vijaykumar,vijaykumar s,1,sahana vijaykumar,vijaykumar s,sahana vijaykumar,vijaykumar s,0.8260415766010655,0.8350701,0.7030600118835414,0,0,9,0.3333333333333333,0.91,0,1,1,0.89895767
kavi poornima,poornima k,1,kavi poornima,poornima k,kavi poornima,poornima k,0.8653253705379255,0.7893411,0.7159544159544161,0,0,7,0.3333333333333333,0.89,1,1,1,0.89895767
bala venkatesan,venkatesan b,1,bala venkatesan,venkatesan b,bala venkatesan,venkatesan b,0.8701792317267762,0.75626945,0.7318181818181818,0,0,7,0.3333333333333333,0.91,0,1,1,0.89895767
anand kumar gopi,anand g,1,anand kumar gopi,anand g,anand kumar gopi,anand g,0.5233495619768285,0.64331776,0.8875,0,1,9,0.25,0.83,0,1,1,0.8939444
balasubaramaniyan,balasubramaniyan l,1,balasubaramaniya n,balasubramaniyan l,balasubaramaniya n,balasubramaniyan l,0.6847963263309136,0.73196256,0.9189542483660131,0,1,3,0.0,0.89,0,0,1,0.88236624
prem kumar balachandran,balachandran p,1,prem kumar balachandran,balachandran p,prem kumar balachandran,balachandran p,0.7575962523399578,0.84137654,0.5062111801242236,0,0,13,0.25,0.92,0,1,1,0.89895767
arun bharathi,bharathi a,1,arun bharathi,bharathi a,arun bharathi,bharathi a,0.7683679378874565,0.7534557,0.7564102564102564,0,0,7,0.3333333333333333,0.89,1,1,1,0.89895767
chitra natarajan,c natarajan,1,chitra natarajan,c natarajan,chitra natarajan,c natarajan,0.7216323478312592,0.7177955,0.8244318181818183,0,0,5,0.3333333333333333,0.9,0,1,1,0.89895767
karthikeyen,p karthikayen,1,karthikeyen,p karthikayen,karthikeyen,p karthikayen,0.537595353069058,0.8315102,0.8594405594405594,0,0,3,0.0,0.83,0,0,1,0.8686232
aja chandramohan,chandiramohan,1,aja chandramohan,chandiramohan,aja chandramohan,chandiramohan,0.62144240464982,0.4581681,0.7521367521367521,0,0,5,0.0,0.83,0,0,1,0.84685117
maragatham,maragadham j,1,maragatham,maragadham j,maragatham,maragadham j,0.5725927690417149,0.5908544,0.9299999999999999,0,1,3,0.0,0.82,0,0,1,0.881361
gowrisankar,gowrishankar nc,1,gowrisankar,gowrishankar nc,gowrisankar,gowrishankar nc,0.6855482793952896,0.6490426,0.9466666666666667,0,1,4,0.0,0.85,0,0,1,0.8701803
dhivakaran,divakaran r,1,dhivakara n,divakaran r,dhivakara n,divakaran r,0.5297872285964221,0.61583614,0.9154545454545455,0,1,3,0.0,0.82,0,0,1,0.8709337
dorai kumar raja,dorai kumar r,1,dorai kumar raja,dorai kumar r,dorai kumar raja,dorai kumar r,0.8850334969462382,0.88149756,0.9625,0,1,3,0.5,0.92,1,1,1,0.89880055
pon aravindhan,aravindan p,1,pon aravindhan,aravindan p,pon aravindhan,aravindan p,0.5217198423130303,0.71269214,0.7411255411255411,0,0,7,0.0,0.88,0,0,1,0.8185464
geethanjalli,geethanjali s,1,geethanjall i,geethanjali s,geethanjall i,geethanjali s,0.7371734136262466,0.6308895,0.9525641025641025,0,1,2,0.0,0.85,0,0,1,0.88466895
loganathan ashok kumar,loganathan a,1,loganathan ashok kumar,loganathan a,loganathan ashok kumar,loganathan a,0.78370047674537,0.46661642,0.9090909090909091,0,1,10,0.25,0.91,0,1,1,0.8911978
venkateshwar,venkateshwaro dr,1,venkateshwar,venkateshwaro,venkateshwar,venkateshwaro,0.8303381874756035,0.8924614,0.9846153846153847,1,1,1,0.0,0.96,0,0,1,0.8519274
sai shalini,shalini s,1,sai shalini,shalini s,sai shalini,shalini s,0.8353334473870239,0.7166817,0.812121212121212,0,0,6,0.3333333333333333,0.9,1,1,1,0.89895767
jayachandiran,jayachandran k,1,jayachandira n,jayachandran k,jayachandira n,jayachandran k,0.6524285354836491,0.8021369,0.956043956043956,0,1,3,0.0,0.86,0,0,1,0.88236624
raja rajaram,rajaram r,1,raja rajaram,rajaram r,raja rajaram,rajaram r,0.8862665403203814,0.8827848,0.9055555555555556,0,0,5,0.3333333333333333,0.88,0,1,1,0.89880055
aravintho,aravinth ho,1,aravintho,aravinth ho,aravintho,aravinth ho,0.768889245725185,0.8144231,0.9636363636363636,0,1,2,0.0,0.9,0,0,1,0.88564974
kalai bharathi,bharathi k,1,kalai bharathi,bharathi k,kalai bharathi,bharathi k,0.699997366542628,0.82043684,0.6994708994708995,0,0,8,0.3333333333333333,0.89,1,1,1,0.89895767
soundararajan,sundararajan r,1,soundararaja n,sundararajan r,soundararaja n,sundararajan r,0.6439186575024919,0.5851854,0.934065934065934,0,1,3,0.0,0.86,0,0,1,0.881361
sita sundarajan,s sundarajan,1,sita sundarajan,s sundarajan,sita sundarajan,s sundarajan,0.7861223212161177,0.8007331,0.815,0,0,3,0.3333333333333333,0.91,0,1,1,0.89895767
anil gopinath,gopinath a,1,anil gopinath,gopinath a,anil gopinath,gopinath a,0.8578103106476124,0.8032273,0.7564102564102564,0,0,7,0.3333333333333333,0.89,0,1,1,0.89895767
jeyamurugan,jayamurugan d,1,jeyamurugan,jayamurugan d,jeyamurugan,jayamurugan d,0.6805898245893948,0.527497,0.8734965034965034,0,1,3,0.0,0.83,0,0,1,0.88025403
kishore kanna,kishore k,1,kishore kanna,kishore k,kishore kanna,kishore k,0.7795768854007067,0.79277855,0.9384615384615385,0,1,4,0.3333333333333333,0.88,0,1,1,0.89880055
thirunavakkarasu sampath,s thirunavakarasu,1,thirunavakkarasu sampath,s thirunavakarasu,thirunavakkarasu sampath,s thirunavakarasu,0.728402258939078,0.70547295,0.8357843137254902,0,0,11,0.0,0.83,0,0,1,0.83794796
prasad kumaresan,kumaresan p,1,prasad kumaresan,kumaresan p,prasad kumaresan,kumaresan p,0.7874451419891446,0.7944832,0.7113636363636364,0,0,9,0.3333333333333333,0.9,0,1,1,0.89895767
manoj kumar raja,manoj r,1,manoj kumar raja,manoj r,manoj kumar raja,manoj r,0.7119123134451916,0.6442481,0.8875,0,0,9,0.25,0.83,0,1,1,0.89880055
mustafa,musthafa k,1,mustafa,musthafa k,mustafa,musthafa k,0.5848980774840951,0.30420113,0.9400000000000001,0,1,3,0.0,0.82,1,0,1,0.881361
padma padmanabhan,padmanaban p,1,padma padmanabhan,padmanaban p,padma padmanabhan,padmanaban p,0.7263243349875557,0.7961384,0.9078431372549021,0,0,9,0.0,0.83,0,0,1,0.8553923
pragalathan,prakalathan,1,pragalathan,prakalathan,pragalathan,prakalathan,0.5499110917389335,0.8086003,0.9575757575757576,1,1,1,0.0,0.91,0,0,1,0.86351377
sri priya,priya s,1,sri priya,priya s,sri priya,priya s,0.7711616501629167,0.7695634,0.5873015873015873,0,0,6,0.3333333333333333,0.88,1,1,1,0.89895767
sobha rajendran,s rajendran,1,sobha rajendran,s rajendran,sobha rajendran,s rajendran,0.680607390246786,0.72196066,0.8109090909090909,0,0,4,0.3333333333333333,0.9,0,1,1,0.89895767
raajarajan,rajarajan c,1,raajaraja n,rajarajan c,raajaraja n,rajarajan c,0.5881425781673264,0.61289877,0.8448484848484848,0,1,3,0.0,0.82,0,0,1,0.8702185
vijay rajendran,rajendran v,1,vijay rajendran,rajendran v,vijay rajendran,rajendran v,0.7703321911771068,0.74355763,0.7252525252525253,0,0,8,0.3333333333333333,0.9,0,1,1,0.89895767
veera raman,raman v,1,veera raman,raman v,veera raman,raman v,0.5642494306754928,0.7070565,0.5616883116883117,0,0,8,0.3333333333333333,0.83,0,1,1,0.89895767
renganayaki,renganayagi t,1,renganayaki,renganayagi t,renganayaki,renganayagi t,0.6420343000099602,0.822796,0.9356643356643356,0,1,3,0.0,0.83,1,0,1,0.88236624
murali raj,murali r,1,murali raj,murali r,murali raj,murali r,0.8683283961559283,0.7614844,0.96,0,1,2,0.3333333333333333,0.89,1,1,1,0.89880055
pon shankar,shankar p,1,pon shankar,shankar p,pon shankar,shankar p,0.6753970918794409,0.8375859,0.7053872053872053,0,0,6,0.3333333333333333,0.9,0,1,1,0.89895767
saravana priya,saravana p,1,saravana priya,saravana p,saravana priya,saravana p,0.7586035594071052,0.826662,0.9428571428571428,0,1,4,0.3333333333333333,0.89,1,1,1,0.89880055
tanga sivakumar,sivakumar t,1,tanga sivakumar,sivakumar t,tanga sivakumar,sivakumar t,0.7311419968546019,0.7602258,0.6919191919191919,0,0,8,0.3333333333333333,0.9,0,1,1,0.89895767
rajinikanth seshan,rajinikanth s,1,rajinikanth seshan,rajinikanth s,rajinikanth seshan,rajinikanth s,0.8136997945022618,0.77408653,0.9444444444444444,0,1,5,0.3333333333333333,0.92,0,1,1,0.89880055
kathir subramnian,subramnian k,1,kathir subramnian,subramnian k,kathir subramnian,subramnian k,0.833695454134201,0.69952893,0.7030600118835414,0,0,9,0.3333333333333333,0.91,0,1,1,0.89895767
sudha boj,b sudha,1,sudha boj,b sudha,sudha boj,b sudha,0.5971232143202829,0.6800267,0.7566137566137566,0,0,6,0.3333333333333333,0.88,1,1,1,0.89895767
raja suganya,suganya r,1,raja suganya,suganya r,raja suganya,suganya r,0.8656286751005416,0.7457696,0.6851851851851851,0,0,7,0.3333333333333333,0.88,1,1,1,0.89895767
leo sundararajan,sundararajan l,1,leo sundararajan,sundararajan l,leo sundararajan,sundararajan l,0.7879002973906686,0.70979977,0.8690476190476191,0,0,6,0.3333333333333333,0.93,0,1,1,0.89880055
meena thangaraj,thangaraj m,1,meena thangaraj,thangaraj m,meena thangaraj,thangaraj m,0.7820512248631118,0.85562193,0.7252525252525253,0,0,8,0.3333333333333333,0.9,0,1,1,0.89895767
priya venkataraman,venkataraman p,1,priya venkataraman,venkataraman p,priya venkataraman,venkataraman p,0.8412427107797684,0.77880186,0.7297517297517296,0,0,8,0.3333333333333333,0.92,0,1,1,0.89895767
gupta vinod kumar,vinod kumar g,1,gupta vinod kumar,vinod kumar g,gupta vinod kumar,vinod kumar g,0.7775455296003223,0.81949615,0.7096530920060332,0,0,8,0.5,0.92,0,1,1,0.89895767
ganesan raju,ganesan r,1,ganesan raju,ganesan r,ganesan raju,ganesan r,0.8021528675468369,0.7262958,0.95,0,1,3,0.3333333333333333,0.88,0,1,1,0.89880055
roy joseph,joseph r,1,roy joseph,joseph r,roy joseph,joseph r,0.8489519978110176,0.72051287,0.7154761904761905,0,0,6,0.3333333333333333,0.89,0,1,1,0.89895767
arul parthasarathy,parthasarathy a,1,arul parthasarathy,parthasarathy a,arul parthasarathy,parthasarathy a,0.857326591400851,0.75638556,0.7608465608465608,0,0,7,0.3333333333333333,0.93,0,1,1,0.89895767
ilavarasi,illavarasi ms,1,ilavarasi,illavarasi,ilavarasi,illavarasi,0.7230143567483348,0.91503894,0.9733333333333334,1,1,1,0.0,0.95,1,0,1,0.85758144
khodabux jehander shapur,khodabux j,1,khodabux jehander shapur,khodabux j,khodabux jehander shapur,khodabux j,0.6983194467725471,0.64038837,0.8833333333333334,0,1,14,0.25,0.89,0,1,1,0.89880055
karthik raj,karthik r,1,karthik raj,karthik r,karthik raj,karthik r,0.872180902807111,0.79496866,0.9636363636363636,0,1,2,0.3333333333333333,0.9,0,1,1,0.89880055
kaki kavitha,kavitha k,1,kaki kavitha,kavitha k,kaki kavitha,kavitha k,0.7269728606780453,0.89010227,0.8444444444444443,0,0,7,0.3333333333333333,0.88,1,1,1,0.8989275
sampath kumar paranthaman,paranthaman s,1,sampath kumar paranthaman,paranthaman s,sampath kumar paranthaman,paranthaman s,0.696220024776168,0.6652776,0.6408391608391608,0,0,16,0.25,0.92,0,1,1,0.89895767
jeyakumaar,jeyakumar p,1,jeyakumaa r,jeyakumar p,jeyakumaa r,jeyakumar p,0.7429022751880427,0.65005326,0.9436363636363637,0,1,2,0.0,0.82,0,0,1,0.88466895
veena lakshmi,v lakshmi,1,veena lakshmi,v lakshmi,veena lakshmi,v lakshmi,0.7702262005197671,0.7547195,0.8743589743589743,0,0,4,0.3333333333333333,0.88,1,1,1,0.89880055
sneh latha,latha s,1,sneh latha,latha s,sneh latha,latha s,0.6020388480335642,0.7680217,0.46507936507936504,0,0,7,0.3333333333333333,0.83,1,1,1,0.89895767
maheswaran,maheshwaran l,1,maheswaran,maheshwaran l,maheswaran,maheshwaran l,0.6224706921437032,0.65379393,0.9538461538461538,0,1,3,0.0,0.87,0,0,1,0.881361
vijayaraaghavan,vijayaraghavan k,1,vijayaraaghava n,vijayaraghavan k,vijayaraaghava n,vijayaraghavan k,0.6743769549486894,0.9148555,0.9349999999999999,0,1,3,0.0,0.88,0,0,1,0.88236624
madhan raj,madhan r,1,madhan raj,madhan r,madhan raj,madhan r,0.8141839447515279,0.7753881,0.96,0,1,2,0.3333333333333333,0.89,0,1,1,0.89880055
arun kumar manoharan,manoharan a,1,arun kumar manoharan,manoharan a,arun kumar manoharan,manoharan a,0.7517992775222615,0.6131673,0.644949494949495,0,0,13,0.25,0.9,0,1,1,0.89895767
sudha vaiyapuri,vaiyapuri s,1,sudha vaiyapuri,vaiyapuri s,sudha vaiyapuri,vaiyapuri s,0.877195021612339,0.83070374,0.7252525252525253,0,0,8,0.3333333333333333,0.9,1,1,1,0.89895767
kanniappan mohana,kanniappan m,1,kanniappan mohana,kanniappan m,kanniappan mohana,kanniappan m,0.8635759437991014,0.7420956,0.9411764705882353,0,1,5,0.3333333333333333,0.91,0,1,1,0.89880055
nalini singh,nalini s,1,nalini singh,nalini s,nalini singh,nalini s,0.7982720163731695,0.5654031,0.9333333333333333,0,1,4,0.3333333333333333,0.86,1,1,1,0.89880055
malani,palani m,1,malani,palani m,malani,palani m,0.6405277678200619,0.42466176,0.8194444444444445,0,0,3,0.0,0.86,1,0,1,0.86491543
prem kumar chidambaram,chidambaram p,1,prem kumar chidambaram,chidambaram p,prem kumar chidambaram,chidambaram p,0.8135639144426147,0.69145876,0.5236430236430237,0,0,13,0.25,0.92,0,1,1,0.89895767
raj prasath,prasath r,1,raj prasath,prasath r,raj prasath,prasath r,0.857000209349733,0.6272527,0.7912457912457912,0,0,6,0.3333333333333333,0.9,0,1,1,0.89895767
mathiyalagan,m madhiyalagan,1,mathiyalagan,m madhiyalagan,mathiyalagan,m madhiyalagan,0.7168882646062557,0.51488274,0.9107142857142857,0,0,3,0.0,0.85,0,0,1,0.881361
prabhu premkumar,premkumar p,1,prabhu premkumar,premkumar p,prabhu premkumar,premkumar p,0.803446259501601,0.81262326,0.8196969696969696,0,0,9,0.3333333333333333,0.9,0,1,1,0.89895767
pugazhendhi,pugazendhi dr,1,pugazhendhi,pugazendhi,pugazhendhi,pugazendhi,0.6304108662438255,0.722336,0.9418181818181818,0,1,1,0.0,0.95,1,0,1,0.85876656
radhakrishna,radhakrishnan k,1,radhakrishna,radhakrishnan k,radhakrishna,radhakrishnan k,0.8855789324946609,0.9523985,0.96,0,1,3,0.0,0.89,0,0,1,0.88236624
arul rajaan,rajaan a,1,arul rajaan,rajaan a,arul rajaan,rajaan a,0.7742739712534141,0.7382972,0.654040404040404,0,0,7,0.3333333333333333,0.86,0,1,1,0.89895767
rakeshkumar,rajeshkumar n,1,rakeshkumar,rajeshkumar n,rakeshkumar,rajeshkumar n,0.6441673512872952,0.7492783,0.8608857808857808,0,1,3,0.0,0.83,0,0,1,0.88126737
ashok ramanujam,a ramanujam,1,ashok ramanujam,a ramanujam,ashok ramanujam,a ramanujam,0.8304170208320603,0.66743016,0.9199999999999999,0,0,4,0.3333333333333333,0.9,0,1,1,0.89880055
ramesh chalam,ramesh c,1,ramesh chalam,ramesh c,ramesh chalam,ramesh c,0.6445084468483423,0.66402096,0.9230769230769231,0,1,5,0.3333333333333333,0.86,0,1,1,0.89880055
ilango chellam,ilango c,1,ilango chellam,ilango c,ilango chellam,ilango c,0.6948495318954436,0.6810429,0.9142857142857143,0,1,6,0.3333333333333333,0.86,0,1,1,0.89880055
renugadevi,renegadevi,1,renugadevi,renegadevi,renugadevi,renegadevi,0.5721290426089735,0.3424601,0.9014814814814816,1,1,1,0.0,0.9,1,0,1,0.88466895
roshan raj,roshan r,1,roshan raj,roshan r,roshan raj,roshan r,0.8664021149346851,0.78623664,0.96,0,1,2,0.3333333333333333,0.89,0,1,1,0.89880055
nanda kumar sabapathy,sabapathy k,1,nanda kumar sabapathy,sabapathy k,nanda kumar sabapathy,sabapathy k,0.8073483578353798,0.71565783,0.4975468975468975,0,0,14,0.25,0.9,0,1,1,0.89895767
suda naveen kumar,naveen s,1,suda naveen kumar,naveen s,suda naveen kumar,naveen s,0.6672390728362196,0.5319686,0.698529411764706,0,0,10,0.25,0.86,0,1,1,0.89895767
sowmya ramesh,s ramesh,1,sowmya ramesh,s ramesh,sowmya ramesh,s ramesh,0.5391339818966664,0.72706944,0.8096153846153846,0,0,5,0.3333333333333333,0.86,0,1,1,0.8939444
sekar palani,sekar p,1,sekar palani,sekar p,sekar palani,sekar p,0.6580822124118442,0.81492704,0.9166666666666667,0,1,5,0.3333333333333333,0.83,0,1,1,0.89880055
premechandran,premachandran x,1,premechandran,premachandran x,premechandran,premachandran x,0.5864487510199746,0.8550745,0.8946153846153847,0,1,3,0.0,0.86,0,0,1,0.88236207
koya srinivas,k srinivas,1,koya srinivas,k srinivas,koya srinivas,k srinivas,0.6935512803904572,0.81045437,0.8107692307692307,0,1,3,0.3333333333333333,0.89,0,1,1,0.89895767
suba subramaniam,subramaniam s,1,suba subramaniam,subramaniam s,suba subramaniam,subramaniam s,0.8589150122362618,0.84987617,0.8844551282051283,0,0,7,0.3333333333333333,0.92,0,1,1,0.89880055
soundarrajan,sundarrajan m,1,soundarraja n,sundarrajan m,soundarraja n,sundarrajan m,0.6576594623856696,0.55679077,0.9288461538461538,0,1,3,0.0,0.85,0,0,1,0.881361
rajee sundarajan,sundarajan r,1,rajee sundarajan,sundarajan r,rajee sundarajan,sundarajan r,0.8196689583199723,0.7934983,0.7777777777777778,0,0,8,0.3333333333333333,0.91,0,1,1,0.89895767
kala subramaniam,subramaniam k,1,kala subramaniam,subramaniam k,kala subramaniam,subramaniam k,0.8690571841390176,0.7627015,0.7243589743589745,0,0,7,0.3333333333333333,0.92,0,1,1,0.89895767
sudha elangovan,elangovan s,1,sudha elangovan,elangovan s,sudha elangovan,elangovan s,0.8699375975175174,0.70874214,0.6919191919191919,0,0,8,0.3333333333333333,0.9,0,1,1,0.89895767
shyamla rajaraman,s rajaraman,1,shyamla rajaraman,s rajaraman,shyamla rajaraman,s rajaraman,0.6252094342393513,0.7593361,0.7850267379679144,0,0,6,0.3333333333333333,0.9,0,1,1,0.89895767
sony joseph,joseph s,1,sony joseph,joseph s,sony joseph,joseph s,0.774714463437876,0.62423813,0.537878787878788,0,0,7,0.3333333333333333,0.86,0,1,1,0.89895767
saravanan thilak,saravanan t,1,saravanan thilak,saravanan t,saravanan thilak,saravanan t,0.6771717415919777,0.8201322,0.9375,0,1,5,0.3333333333333333,0.9,0,1,1,0.89880055
vaitheeswaran,vaidheeswaran m,1,vaitheeswaran,vaidheeswaran m,vaitheeswaran,vaidheeswaran m,0.6225941128121725,0.6018002,0.9353846153846154,0,1,3,0.0,0.86,0,0,1,0.881361
sree subramaniyan,subramaniyan s,1,sree subramaniyan,subramaniyan s,sree subramaniyan,subramaniyan s,0.8444055598497822,0.83303404,0.8439075630252102,0,0,7,0.3333333333333333,0.92,0,1,1,0.8989275
mageshwaran,maheshwaran l,1,mageshwaran,maheshwaran l,mageshwaran,maheshwaran l,0.5284880054448178,0.42755678,0.8875524475524476,0,0,3,0.0,0.83,0,0,1,0.8663041
pon shanthi,shanthi p,1,pon shanthi,shanthi p,pon shanthi,shanthi p,0.6908428312357223,0.78714085,0.7053872053872053,0,0,6,0.3333333333333333,0.9,1,1,1,0.89895767
kavitha kumaravel,kumaravel k,1,kavitha kumaravel,kumaravel k,kavitha kumaravel,kumaravel k,0.7269915756634961,0.7869234,0.5772430184194891,0,0,10,0.3333333333333333,0.9,0,1,1,0.89895767
arjun sugumaran,sugumaran a,1,arjun sugumaran,sugumaran a,arjun sugumaran,sugumaran a,0.7588752719922846,0.6396642,0.7595959595959596,0,0,8,0.3333333333333333,0.9,0,1,1,0.89895767
poongothai,pongothai n,1,poongotha i,pongothai n,poongotha i,pongothai n,0.6182671100876093,0.6734027,0.8981818181818182,0,1,3,0.0,0.82,1,0,1,0.88135684
kanchana mala,kanchana m,1,kanchana mala,kanchana m,kanchana mala,kanchana m,0.8448683139932095,0.80895555,0.9538461538461538,0,1,3,0.3333333333333333,0.89,1,1,1,0.89880055
shoba balasubramanian,balasubramanian s,1,shoba balasubramanian,balasubramanian s,shoba balasubramanian,balasubramanian s,0.8138489301657437,0.7570459,0.7551937441643325,0,0,8,0.3333333333333333,0.94,0,1,1,0.89895767
raju subramaniam,subramaniam r,1,raju subramaniam,subramaniam r,raju subramaniam,subramaniam r,0.8628682501061958,0.65201205,0.7836538461538461,0,0,7,0.3333333333333333,0.92,0,1,1,0.89895767
babu baskar,baskar b,1,babu baskar,baskar b,babu baskar,baskar b,0.7670554349492634,0.80399513,0.6265151515151516,0,0,7,0.3333333333333333,0.86,0,1,1,0.89895767
brijesh ram mohan shetty,brijesh r shetty,1,brijesh ram mohan shetty,brijesh r shetty,brijesh ram mohan shetty,brijesh r shetty,0.8658572309166445,0.7448474,0.9208333333333333,0,1,8,0.4,0.93,0,1,1,0.89880055
shanugasundaram,shanmugasundaram v,1,shanugasundaram,shanmugasundaram v,shanugasundaram,shanmugasundaram v,0.7044562082801227,0.6285527,0.9666666666666667,0,1,3,0.0,0.91,0,0,1,0.881361
saravana babu,saravanan b,1,saravana babu,saravanan b,saravana babu,saravanan b,0.6371893611155615,0.74962133,0.9356643356643356,0,1,4,0.0,0.83,0,0,1,0.8712664
palani selvi,palani s,1,palani selvi,palani s,palani selvi,palani s,0.6407673378770753,0.7080864,0.9333333333333333,0,1,4,0.3333333333333333,0.86,1,1,1,0.89880055
veera kumar srinivasan,srinivasan v,1,veera kumar srinivasan,srinivasan v,veera kumar srinivasan,srinivasan v,0.7335229417994978,0.65015167,0.5715488215488216,0,0,14,0.25,0.91,0,1,1,0.89895767
anu paneerselvam,paneerselvam a,1,anu paneerselvam,paneerselvam a,anu paneerselvam,paneerselvam a,0.9280386534077152,0.85181594,0.7598443223443224,0,0,6,0.3333333333333333,0.93,0,1,1,0.89895767
swetha ravichandran,ravichandran s,1,swetha ravichandran,ravichandran s,swetha ravichandran,ravichandran s,0.7632251773175389,0.8227331,0.7170811644495855,0,0,9,0.3333333333333333,0.92,0,1,1,0.89895767
sridhar gopal,sridhar g,1,sridhar gopal,sridhar g,sridhar gopal,sridhar g,0.7128414357145969,0.8326528,0.9384615384615385,0,1,4,0.3333333333333333,0.88,0,1,1,0.89880055
kalaiselvy,kalaiselvi r,1,kalaiselvy,kalaiselvi r,kalaiselvy,kalaiselvi r,0.7118040989220822,0.77914655,0.9299999999999999,0,1,3,0.0,0.82,0,0,1,0.88236624
raju kannan,r kannan,1,raju kannan,r kannan,raju kannan,r kannan,0.766190638934828,0.6768125,0.8431818181818183,0,0,3,0.3333333333333333,0.86,0,1,1,0.8989275
maya natarajan,natarajan m,1,maya natarajan,natarajan m,maya natarajan,natarajan m,0.8028329177969297,0.72531,0.7411255411255411,0,0,7,0.3333333333333333,0.9,0,1,1,0.89895767
peela nalini,nalini p,1,peela nalini,nalini p,peela nalini,nalini p,0.6461022125138205,0.5577234,0.5472222222222222,0,0,8,0.3333333333333333,0.86,1,1,1,0.89895767
shyam purushothaman,purusothaman s,1,shyam purushothaman,purusothaman s,shyam purushothaman,purusothaman s,0.5656721053151323,0.465437,0.7456140350877193,0,0,9,0.0,0.85,0,0,1,0.83672446
kavi prasanna,prasanna k,1,kavi prasanna,prasanna k,kavi prasanna,prasanna k,0.784287690365701,0.838238,0.7159544159544161,0,0,7,0.3333333333333333,0.89,1,1,1,0.89895767
malar raj,malar r,1,malar raj,malar r,malar raj,malar r,0.8353750766172499,0.72952175,0.9555555555555556,0,1,2,0.3333333333333333,0.88,0,1,1,0.89880055
sangeetha kala,k sangeetha,1,sangeetha kala,k sangeetha,sangeetha kala,k sangeetha,0.8510558432440999,0.8055217,0.8203463203463204,0,0,7,0.3333333333333333,0.9,1,1,1,0.89895767
santhosh raja,santhosh r,1,santhosh raja,santhosh r,santhosh raja,santhosh r,0.8497843941105686,0.8131794,0.9538461538461538,0,1,3,0.3333333333333333,0.89,0,1,1,0.89880055
selvam kaveri,selvam k,1,selvam kaveri,selvam k,selvam kaveri,selvam k,0.6888308672965998,0.8230272,0.9230769230769231,0,1,5,0.3333333333333333,0.86,0,1,1,0.89880055
sekar marimuthu,marimuthu s,1,sekar marimuthu,marimuthu s,sekar marimuthu,marimuthu s,0.8431228854763142,0.69081426,0.6919191919191919,0,0,8,0.3333333333333333,0.9,0,1,1,0.89895767
suja venkataraman,venkatraman s,1,suja venkataraman,venkatraman s,suja venkataraman,venkatraman s,0.5469742623916864,0.7400573,0.7096530920060332,0,0,8,0.0,0.87,0,0,1,0.83814466
pooja sridhar,p sridhar,1,pooja sridhar,p sridhar,pooja sridhar,p sridhar,0.6612577265766717,0.8022373,0.8076923076923077,0,0,4,0.3333333333333333,0.88,0,1,1,0.89895767
sree balaji,s balaji,1,sree balaji,s balaji,sree balaji,s balaji,0.7510867311212533,0.78823256,0.9181818181818182,0,0,3,0.3333333333333333,0.86,1,1,1,0.89880055
rama subramanian,r subramanian,1,rama subramanian,r subramanian,rama subramanian,r subramanian,0.907787396517445,0.6434212,0.8283653846153847,0,0,3,0.3333333333333333,0.92,0,1,1,0.89895767
pranav vijaykumar,p vijaykumar,1,pranav vijaykumar,p vijaykumar,pranav vijaykumar,p vijaykumar,0.8033453017009867,0.8791065,0.786764705882353,0,0,5,0.3333333333333333,0.91,0,1,1,0.89895767
ajitha gajendran,a gajendran,1,ajitha gajendran,a gajendran,ajitha gajendran,a gajendran,0.7802642257500617,0.7078004,0.7971590909090909,0,0,5,0.3333333333333333,0.9,0,1,1,0.89895767
subramaniam ganapathy,ganapathy subramaniyam s,1,subramaniam ganapathy,ganapathy subramaniyam s,subramaniam ganapathy,ganapathy subramaniyam s,0.7996047222492756,0.8419068,0.70203081232493,0,0,20,0.25,0.93,0,0,1,0.7276384
kalaichelvi venu,kalaichelvi v,1,kalaichelvi venu,kalaichelvi v,kalaichelvi venu,kalaichelvi v,0.881553646578929,0.7800211,0.9625,0,1,3,0.3333333333333333,0.92,1,1,1,0.89880055
kannan ponraj,kannan p,1,kannan ponraj,kannan p,kannan ponraj,kannan p,0.5587824437392281,0.75033057,0.9230769230769231,0,1,5,0.3333333333333333,0.86,0,1,1,0.8983954
dinesh kanna,dinesh k,1,dinesh kanna,dinesh k,dinesh kanna,dinesh k,0.7303770079024923,0.7368346,0.9333333333333333,0,1,4,0.3333333333333333,0.86,0,1,1,0.89880055
pari krishnan,krishnan p,1,pari krishnan,krishnan p,pari krishnan,krishnan p,0.8070336109958742,0.7849743,0.752991452991453,0,0,7,0.3333333333333333,0.89,0,1,1,0.89895767
ashok kumar loganathan,loganathan k,1,ashok kumar loganathan,loganathan k,ashok kumar loganathan,loganathan k,0.7922561109382875,0.4970429,0.51010101010101,0,0,14,0.25,0.91,0,1,1,0.89895767
ganesh kumar swaminathan,g swaminathan,1,ganesh kumar swaminathan,g swaminathan,ganesh kumar swaminathan,g swaminathan,0.7572507200886115,0.8206947,0.6933760683760682,0,0,11,0.25,0.92,0,1,1,0.89895767
magalakshmi,mahalakshmi m,1,magalakshmi,mahalakshmi m,magalakshmi,mahalakshmi m,0.6020866942941289,0.6398747,0.9142191142191142,0,0,3,0.0,0.83,1,0,1,0.881361
kala murugiah,murugiah k,1,kala murugiah,murugiah k,kala murugiah,murugiah k,0.8871001420326327,0.84939915,0.7159544159544161,0,0,7,0.3333333333333333,0.89,0,1,1,0.89895767
vanie chinnasamy,chinnasamy v,1,vanie chinnasamy,chinnasamy v,vanie chinnasamy,chinnasamy v,0.7935424513083561,0.69759023,0.7468434343434343,0,0,8,0.3333333333333333,0.91,0,1,1,0.89895767
madhan kumar sathyamoorthy,m sathyamoorthy,1,madhan kumar sathyamoorthy,m sathyamoorthy,madhan kumar sathyamoorthy,m sathyamoorthy,0.8535457367497203,0.77937305,0.7530769230769231,0,0,11,0.25,0.93,0,1,1,0.89895767
muthukkumar,muthukumar k,1,muthukkuma r,muthukumar k,muthukkuma r,muthukumar k,0.5862321511453893,0.7986232,0.9666666666666667,0,1,3,0.0,0.83,0,0,1,0.88236624
gokul prabhu,prabhu g,1,gokul prabhu,prabhu g,gokul prabhu,prabhu g,0.6377153908056915,0.7426778,0.47222222222222215,0,0,8,0.3333333333333333,0.86,0,1,1,0.89895767
renuka dhanapal,dhanapal r,1,renuka dhanapal,dhanapal r,renuka dhanapal,dhanapal r,0.678056743955255,0.8128039,0.4777777777777777,0,0,9,0.3333333333333333,0.89,0,1,1,0.89895767
radhika sharma,radhika s,1,radhika sharma,radhika s,radhika sharma,radhika s,0.8042202635567591,0.7496036,0.9285714285714286,0,1,5,0.3333333333333333,0.88,1,1,1,0.89880055
vijai sundar,sundar v,1,vijai sundar,sundar v,vijai sundar,sundar v,0.674762841130586,0.71692216,0.47222222222222215,0,0,8,0.3333333333333333,0.86,0,1,1,0.89895767
rajesh alex,rajesh a,1,rajesh alex,rajesh a,rajesh alex,rajesh a,0.5801006715258977,0.68464166,0.9454545454545455,0,0,3,0.3333333333333333,0.86,0,1,1,0.89880055
gokul ramesh,ramesh g,1,gokul ramesh,ramesh g,gokul ramesh,ramesh g,0.5770612732150773,0.74328524,0.40277777777777773,0,0,8,0.3333333333333333,0.86,0,1,1,0.89895767
sai sriram,sriram s,1,sai sriram,sriram s,sai sriram,sriram s,0.8349642252838484,0.81091547,0.8274999999999999,0,0,6,0.3333333333333333,0.89,0,1,1,0.89895767
ruba devarajan,devarajan r,1,ruba devarajan,devarajan r,ruba devarajan,devarajan r,0.7392610979941593,0.7831438,0.777056277056277,0,0,7,0.3333333333333333,0.9,0,1,1,0.89895767
meena palaniappan,m palaniappan,1,meena palaniappan,m palaniappan,meena palaniappan,m palaniappan,0.8523687149209872,0.80012697,0.814027149321267,0,0,4,0.3333333333333333,0.92,0,1,1,0.89895767
raja rajeswari,rajeswari r,1,raja rajeswari,rajeswari r,raja rajeswari,rajeswari r,0.881132763811871,0.86180806,0.8651515151515151,0,0,7,0.3333333333333333,0.9,1,1,1,0.89880055
sairamakrishnan,sriramakrishnan x,1,sairamakrishnan,sriramakrishnan x,sairamakrishnan,sriramakrishnan x,0.7215464719045842,0.8257811,0.8627731092436974,0,0,3,0.0,0.88,0,0,1,0.88126737
sakunthala kailasam,sakunthala k,1,sakunthala kailasam,sakunthala k,sakunthala kailasam,sakunthala k,0.7362238783535298,0.833586,0.9263157894736842,0,1,7,0.3333333333333333,0.91,1,1,1,0.89880055
madhivanan,mathivanan s,1,madhivanan,mathivanan s,madhivanan,mathivanan s,0.5786586091623053,0.31960383,0.9066666666666666,0,1,3,0.0,0.82,0,0,1,0.881361
rajeshware,rajeshwari v,1,rajeshware,rajeshwari v,rajeshware,rajeshwari v,0.7341958589818166,0.550408,0.9299999999999999,0,1,3,0.0,0.82,0,0,1,0.881361
sathishakumar,sp sathishkumar,1,sathishakumar,sp sathishkumar,sathishakumar,sp sathishkumar,0.5333308866997966,0.5383876,0.8169230769230769,0,0,4,0.0,0.86,0,0,1,0.84505785
karthick mani,m karthic,1,karthick mani,m karthic,karthick mani,m karthic,0.605368249453563,0.6936759,0.772079772079772,0,0,8,0.0,0.82,0,0,1,0.8462982
jayalekshmi,jayalakshmi c,1,jayalekshmi,jayalakshmi c,jayalekshmi,jayalakshmi c,0.5773631245478295,0.6408026,0.9356643356643356,0,1,3,0.0,0.83,1,0,1,0.881361
cynthia mohandas,mohandas c,1,cynthia mohandas,mohandas c,cynthia mohandas,mohandas c,0.5358740381430978,0.62426376,0.4708333333333334,0,0,10,0.3333333333333333,0.89,0,1,1,0.8939444
swathi radhakrishnan,radhakrishnan s,1,swathi radhakrishnan,radhakrishnan s,swathi radhakrishnan,radhakrishnan s,0.8124257029476104,0.87407565,0.7611111111111111,0,0,9,0.3333333333333333,0.93,0,1,1,0.89895767
vinobharathi,vinobarathi a,1,vinobharath i,vinobarathi a,vinobharath i,vinobarathi a,0.5566152952281571,0.72172093,0.9192307692307693,0,1,3,0.0,0.85,0,0,1,0.873696
alagumuthu manthiram,alagumuthu m,1,alagumuthu manthiram,alagumuthu m,alagumuthu manthiram,alagumuthu m,0.8214066565143656,0.7351713,0.92,0,1,8,0.3333333333333333,0.91,0,1,1,0.89880055
mari baskar,baskar m,1,mari baskar,baskar m,mari baskar,baskar m,0.8175155902951118,0.74218273,0.537878787878788,0,0,7,0.3333333333333333,0.86,0,1,1,0.89895767
krishnamoorthi,krishnamoorthy k,1,krishnamoorthi,krishnamoorthy k,krishnamoorthi,krishnamoorthy k,0.8673512875961826,0.8653096,0.9482142857142858,0,1,3,0.0,0.87,0,0,1,0.88236624
prema mariappan,mariappan p,1,prema mariappan,mariappan p,prema mariappan,mariappan p,0.8047207651276278,0.79065526,0.7595959595959596,0,0,8,0.3333333333333333,0.9,0,1,1,0.89895767
ramachandran abbu,ramachandran a,1,ramachandran abbu,ramachandran a,ramachandran abbu,ramachandran a,0.7234784948352506,0.8542829,0.9647058823529411,0,1,3,0.3333333333333333,0.92,0,1,1,0.89880055
raguraam,raguramam r,1,raguraam,raguramam r,raguraam,raguramam r,0.5814513193417514,0.7920077,0.9204545454545455,0,1,3,0.0,0.84,0,0,1,0.88236624
alli ramasamy,ramasamy a,1,alli ramasamy,ramasamy a,alli ramasamy,ramasamy a,0.7788813235530572,0.78258276,0.7897435897435897,0,0,7,0.3333333333333333,0.89,0,1,1,0.89895767
sasi kumar nagarajan,s nagarajan,1,sasi kumar nagarajan,s nagarajan,sasi kumar nagarajan,s nagarajan,0.7086993845226169,0.815162,0.755909090909091,0,0,9,0.25,0.9,0,1,1,0.89895767
sekar arul,sekar a,1,sekar arul,sekar a,sekar arul,sekar a,0.6949006644093307,0.7436866,0.9400000000000001,0,0,3,0.3333333333333333,0.83,0,1,1,0.89880055
dhanasegaran,dhanasekaran v,1,dhanasegaran,dhanasekaran v,dhanasegaran,dhanasekaran v,0.5521235024319533,0.7343172,0.9404761904761905,0,1,3,0.0,0.85,0,0,1,0.873696
kalpana shree,kalpana s,1,kalpana shree,kalpana s,kalpana shree,kalpana s,0.7692240872115212,0.7390479,0.9384615384615385,0,1,4,0.3333333333333333,0.88,1,1,1,0.89880055
nirmala k,nirmal kmc,1,nirmala k,nirmal kmc,nirmala k,nirmal kmc,0.5560069223464198,0.68335086,0.9377777777777778,0,1,3,0.0,0.84,0,0,1,0.8726274
ramkumar ramdas,ramkumar r,1,ramkumar ramdas,ramkumar r,ramkumar ramdas,ramkumar r,0.7318514782514076,0.8738723,0.9333333333333333,0,1,5,0.3333333333333333,0.89,0,1,1,0.89880055
gayathri ravi,gayathri r,1,gayathri ravi,gayathri r,gayathri ravi,gayathri r,0.8786861968123608,0.7873191,0.9538461538461538,0,1,3,0.3333333333333333,0.89,1,1,1,0.89880055
ganesh a krishnan,a krishnan g,1,ganesh a krishnan,a krishnan g,ganesh a krishnan,a krishnan g,0.7465380401510886,0.7540609,0.7030600118835414,0,0,9,0.5,0.91,0,1,1,0.89895767
janaarthanan,janarthanan t,1,janaarthana n,janarthanan t,janaarthana n,janarthanan t,0.5748921916479542,0.85821295,0.9025641025641026,0,1,3,0.0,0.85,0,0,1,0.88236624
mohan krishnamurthy,krishnamurthy m,1,mohan krishnamurthy,krishnamurthy m,mohan krishnamurthy,krishnamurthy m,0.889910309999776,0.7823201,0.7742690058479532,0,0,8,0.3333333333333333,0.93,0,1,1,0.89895767
selvi kumarasamy,kumarasamy s,1,selvi kumarasamy,kumarasamy s,selvi kumarasamy,kumarasamy s,0.7184187532866376,0.70599914,0.7777777777777778,0,0,8,0.3333333333333333,0.91,0,1,1,0.89895767
murthy kanniappan,m kanniappan,1,murthy kanniappan,m kanniappan,murthy kanniappan,m kanniappan,0.8092933447549643,0.6713679,0.9117647058823529,0,0,5,0.3333333333333333,0.91,0,1,1,0.89880055
vidya mohan,v mohan,1,vidya mohan,v mohan,vidya mohan,v mohan,0.5834481775126346,0.77259904,0.8051948051948052,0,0,4,0.3333333333333333,0.83,0,1,1,0.89895767
sai nishanth,nishanth s,1,sai nishanth,nishanth s,sai nishanth,nishanth s,0.8319572114466991,0.68146884,0.7777777777777778,0,0,6,0.3333333333333333,0.91,0,1,1,0.89895767
beela venkatesan,venkatesan b,1,beela venkatesan,venkatesan b,beela venkatesan,venkatesan b,0.764851968737014,0.73838216,0.716540404040404,0,0,8,0.3333333333333333,0.91,0,1,1,0.89895767
parag choudhary,paras chaudhary,1,parag choudhary,paras chaudhary,parag choudhary,paras chaudhary,0.5254766888495358,0.73834586,0.9158974358974359,0,1,2,0.0,0.87,0,0,1,0.84263
sapna prabakaran,prabakaran s,1,sapna prabakaran,prabakaran s,sapna prabakaran,prabakaran s,0.7279063578124424,0.82017994,0.7468434343434343,0,0,8,0.3333333333333333,0.91,0,1,1,0.89895767
pooja pradeep,pradeep p,1,pooja pradeep,pradeep p,pooja pradeep,pradeep p,0.6584378474146421,0.68370044,0.6538461538461539,0,0,8,0.3333333333333333,0.88,0,1,1,0.89895767
geetha ragunathan,ragunathan g,1,geetha ragunathan,ragunathan g,geetha ragunathan,ragunathan g,0.7783977450399663,0.8046828,0.7630718954248367,0,0,9,0.3333333333333333,0.91,0,1,1,0.89895767
priya rajasekaran,rajasekaran p,1,priya rajasekaran,rajasekaran p,priya rajasekaran,rajasekaran p,0.8263640139054007,0.84256625,0.737430869783811,0,0,8,0.3333333333333333,0.92,0,1,1,0.89895767
sangeeth,sangeetha t,1,sangeeth,sangeetha t,sangeeth,sangeetha t,0.8293665763575366,0.8060627,0.9454545454545455,0,1,3,0.0,0.84,0,0,1,0.88236624
sangeetha devi,sangeetha d,1,sangeetha devi,sangeetha d,sangeetha devi,sangeetha d,0.8131922303094634,0.76467377,0.9571428571428571,0,1,3,0.3333333333333333,0.9,1,1,1,0.89880055
sanjay yadav,sanjay y,1,sanjay yadav,sanjay y,sanjay yadav,sanjay y,0.6561982011985732,0.8311754,0.9333333333333333,0,0,4,0.3333333333333333,0.86,0,1,1,0.89880055
jayshree,v jayashree,1,jayshree,v jayashree,jayshree,v jayashree,0.5328106455193701,0.2518087,0.9090909090909092,0,0,3,0.0,0.84,0,0,1,0.8714863
rinu chitra,chitra r,1,rinu chitra,chitra r,rinu chitra,chitra r,0.7064437725409418,0.7567793,0.537878787878788,0,0,7,0.3333333333333333,0.86,1,1,1,0.89895767
selvi subramanian,subramanian s,1,selvi subramanian,subramanian s,selvi subramanian,subramanian s,0.7630080815115695,0.66920555,0.814027149321267,0,0,8,0.3333333333333333,0.92,0,1,1,0.89895767
shyam sudhakar,s sudhakar,1,shyam sudhakar,s sudhakar,shyam sudhakar,s sudhakar,0.7334034328391793,0.79397124,0.7942857142857143,0,0,4,0.3333333333333333,0.89,0,1,1,0.89895767
vimala parthasarathy,parthasarathy v,1,vimala parthasarathy,parthasarathy v,vimala parthasarathy,parthasarathy v,0.7959429659205585,0.78660417,0.734920634920635,0,0,9,0.3333333333333333,0.93,0,1,1,0.89895767
venkatesh sekar,venkatesh s,1,venkatesh sekar,venkatesh s,venkatesh sekar,venkatesh s,0.8109659295987653,0.7250937,0.9466666666666667,0,1,4,0.3333333333333333,0.9,0,1,1,0.89880055
manoj kumar panner selvam,selvam panner,1,manoj kumar panner selvam,selvam panner,manoj kumar panner selvam,selvam panner,0.8396131089503901,0.64194095,0.535954415954416,0,0,17,0.5,1.0,0,1,1,0.89895767
vijeyanthi,vaijeyanthi v,1,vijeyanthi,vaijeyanthi v,vijeyanthi,vaijeyanthi v,0.7219700466822196,0.5996319,0.8707692307692307,0,1,3,0.0,0.87,1,0,1,0.88025403
balaji chokkalingam,chokkalingam b,1,balaji chokkalingam,chokkalingam b,balaji chokkalingam,chokkalingam b,0.8516417816431148,0.79232144,0.7170811644495855,0,0,9,0.3333333333333333,0.92,0,1,1,0.89895767
mouttappa allen,allen mouthappa,1,mouttappa allen,allen mouthappa,mouttappa allen,allen mouthappa,0.7528793010386274,0.55788445,0.6444444444444444,0,0,13,0.3333333333333333,0.93,1,0,1,0.7413408
chitharanjan,chittaranjan c,1,chitharanjan,chittaranjan c,chitharanjan,chittaranjan c,0.6250933401132408,0.82950705,0.9404761904761905,0,1,3,0.0,0.85,0,0,1,0.88236624
ram kishore,kishore r,1,ram kishore,kishore r,ram kishore,kishore r,0.8970392788696538,0.7023837,0.7053872053872053,0,0,6,0.3333333333333333,0.9,0,1,1,0.89895767
manoharan sasi kumar,manoharan s,1,manoharan sasi kumar,manoharan s,manoharan sasi kumar,manoharan s,0.7205660341354851,0.524615,0.91,0,1,9,0.25,0.9,0,1,1,0.89880055
padma parthasarathy,parthasarathy p,1,padma parthasarathy,parthasarathy p,padma parthasarathy,parthasarathy p,0.8234190705564031,0.63049096,0.8549707602339182,0,0,8,0.3333333333333333,0.93,0,1,1,0.8988362
kalpana raghupathy,raghupathy k,1,kalpana raghupathy,raghupathy k,kalpana raghupathy,raghupathy k,0.7713661677085264,0.7966307,0.6910774410774411,0,0,10,0.3333333333333333,0.91,0,1,1,0.89895767
sathya devi,sathya d,1,sathya devi,sathya d,sathya devi,sathya d,0.7340402623106207,0.8295029,0.9454545454545455,0,0,3,0.3333333333333333,0.86,1,1,1,0.89880055
buddhavarapu siddartha,sidhartha buddhavarappu b,1,buddhavarapu siddartha,sidhartha buddhavarappu b,buddhavarapu siddartha,sidhartha buddhavarappu b,0.7078404908570065,0.87075776,0.6793939393939393,0,0,19,0.0,0.89,1,0,1,0.83958846
vivekanandhan,vivekanandan s,1,vivekanandha n,vivekanandan s,vivekanandha n,vivekanandan s,0.7706604289419846,0.81244385,0.956043956043956,0,1,3,0.0,0.86,0,0,1,0.88236624
dheenan ethiraj,ethiraj d,1,dheenan ethiraj,ethiraj d,dheenan ethiraj,ethiraj d,0.720738214153634,0.72311985,0.487037037037037,0,0,10,0.3333333333333333,0.88,0,1,1,0.89895767
geetha ganesh,geetha g,1,geetha ganesh,geetha g,geetha ganesh,geetha g,0.7369911757056546,0.702728,0.9230769230769231,0,0,5,0.3333333333333333,0.86,1,1,1,0.89880055
jayanthi raman,jayanthi r,1,jayanthi raman,jayanthi r,jayanthi raman,jayanthi r,0.8354884359039776,0.84462667,0.9428571428571428,0,1,4,0.3333333333333333,0.89,1,1,1,0.89880055
raja kannan,raj kanna,1,raja kannan,raj kanna,raja kannan,raj kanna,0.6631044009555693,0.7729469,0.9057239057239058,0,1,2,0.0,0.9,1,0,1,0.88564974
akula janaki,janaki a,1,akula janaki,janaki a,akula janaki,janaki a,0.7336003277890848,0.7777765,0.6138888888888889,0,0,8,0.3333333333333333,0.86,1,1,1,0.89895767
dhamodharan a s r,dhamodharan s,1,dhamodharan a s r,dhamodharan s,dhamodharan a s r,dhamodharan s,0.9698625405384779,0.90920746,0.9529411764705882,0,1,4,0.5,1.0,0,1,1,0.89880055
lekshmi muraly,lakshmi murali,1,lekshmi muraly,lakshmi murali,lekshmi muraly,lakshmi murali,0.5228473747493462,0.51427567,0.9142857142857143,1,1,2,0.0,0.86,1,0,1,0.8426527
kavidha manivannan,manivannan k,1,kavidha manivannan,manivannan k,kavidha manivannan,manivannan k,0.7359809468774019,0.8105166,0.7213804713804713,0,0,10,0.3333333333333333,0.91,0,1,1,0.89895767
sekar muruganantham,muruganantham s,1,sekar muruganantham,muruganantham s,sekar muruganantham,muruganantham s,0.8572073762133491,0.8156428,0.7472013366750208,0,0,8,0.3333333333333333,0.93,0,1,1,0.89895767
nidin mohan,mohan n,1,nidin mohan,mohan n,nidin mohan,mohan n,0.562613435440444,0.8281104,0.45598845598845594,0,0,8,0.3333333333333333,0.83,0,1,1,0.89895767
madhu purushothaman,purushothaman m,1,madhu purushothaman,purushothaman m,madhu purushothaman,purushothaman m,0.8686400848284249,0.8104518,0.7472013366750208,0,0,8,0.3333333333333333,0.93,0,1,1,0.89895767
priya raj,priya r,1,priya raj,priya r,priya raj,priya r,0.8125688052295654,0.794166,0.9555555555555556,0,0,2,0.3333333333333333,0.88,1,1,1,0.89880055
lakshmi tilak,lakshmi t,1,lakshmi tilak,lakshmi t,lakshmi tilak,lakshmi t,0.7235333337377584,0.7484405,0.9384615384615385,0,1,4,0.3333333333333333,0.88,1,1,1,0.89880055
vidhya sri,vidhya s,1,vidhya sri,vidhya s,vidhya sri,vidhya s,0.845563393771283,0.81410927,0.96,0,0,2,0.3333333333333333,0.89,1,1,1,0.89880055
sameer kulkarni,s kulkarni,1,sameer kulkarni,s kulkarni,sameer kulkarni,s kulkarni,0.7670008284199267,0.7893861,0.8099999999999998,0,0,5,0.3333333333333333,0.89,1,1,1,0.89895767
jayachander,d jayachandar,1,jayachander,d jayachandar,jayachander,d jayachandar,0.729089123486991,0.8287771,0.8927738927738927,0,0,3,0.0,0.83,0,0,1,0.88236207
rabindranath,k ravindranath,1,rabindranath,k ravindranath,rabindranath,k ravindranath,0.5989089255567052,0.56091726,0.9007936507936508,0,0,3,0.0,0.85,0,0,1,0.881361
komma rajesh,k rajesh,1,komma rajesh,k rajesh,komma rajesh,k rajesh,0.5308274284831449,0.6253159,0.8625,0,0,4,0.3333333333333333,0.86,0,1,1,0.8939444
vedha venkatesh,v venkatesh,1,vedha venkatesh,v venkatesh,vedha venkatesh,v venkatesh,0.7761476601929507,0.7012937,0.8109090909090909,0,0,4,0.3333333333333333,0.9,0,1,1,0.89895767
kiran gopinath,k gopinath,1,kiran gopinath,k gopinath,kiran gopinath,k gopinath,0.8182401142534506,0.63403565,0.8242857142857144,0,0,4,0.3333333333333333,0.89,0,1,1,0.89895767
annamallai,k annamalai,1,a nnamallai,k annamalai,a nnamallai,k annamalai,0.6457933589436173,0.4119091,0.9060606060606061,0,0,3,0.0,0.82,1,0,1,0.881361
pandi prakash,p prakash,1,pandi prakash,p prakash,pandi prakash,p prakash,0.7152672749213033,0.7755414,0.8076923076923077,0,0,4,0.3333333333333333,0.88,0,1,1,0.89895767
bharanya,sharanya b,1,bharanya,sharanya b,bharanya,sharanya b,0.7844330295231378,0.5501004,0.8583333333333334,0,0,3,0.0,0.89,1,0,1,0.88025403
kavyashree,kavyasree k,1,kavyashre e,kavyasree k,kavyashre e,kavyasree k,0.5460636129224731,0.61403775,0.9436363636363637,0,1,3,0.0,0.82,0,0,1,0.87272197
kavita yeturu,kavita y,1,kavita yeturu,kavita y,kavita yeturu,kavita y,0.5525234446140368,0.5610475,0.9230769230769231,0,0,5,0.3333333333333333,0.86,1,1,1,0.888216
gopal parthasarathy,parthasarathy g,1,gopal parthasarathy,parthasarathy g,gopal parthasarathy,parthasarathy g,0.8302162135436748,0.6640129,0.7710108604845446,0,0,8,0.3333333333333333,0.93,0,1,1,0.89895767
shobana raju,r shobana,1,shobana raju,r shobana,shobana raju,r shobana,0.838175169616693,0.64742446,0.7870370370370371,0,0,7,0.3333333333333333,0.88,1,1,1,0.89895767
anitha manivannan,a manivannan,1,anitha manivannan,a manivannan,anitha manivannan,a manivannan,0.831430472615239,0.71610546,0.8117647058823529,0,0,5,0.3333333333333333,0.91,0,1,1,0.89895767
govinda raju,govind raj,1,govinda raju,govind raj,govinda raju,govind raj,0.6808964775566002,0.56668925,0.9466666666666667,1,1,2,0.0,0.91,0,0,1,0.88466895
pramodh mahendran,p mahendran,1,pramodh mahendran,p mahendran,pramodh mahendran,p mahendran,0.6729027700852281,0.8558855,0.7850267379679144,0,0,6,0.3333333333333333,0.9,0,1,1,0.89895767
vasanti,b vasanthi,1,vasanti,b vasanthi,vasanti,b vasanthi,0.6141048833733522,0.7656125,0.9,0,0,3,0.0,0.82,1,0,1,0.88236207
radhika gopal,g radhika,1,radhika gopal,g radhika,radhika gopal,g radhika,0.7351922093865164,0.79659295,0.772079772079772,0,0,8,0.3333333333333333,0.88,1,1,1,0.89895767
varanasi ramakrishna rao,ramakrishna rao v,1,varanasi ramakrishna rao,ramakrishna rao v,varanasi ramakrishna rao,ramakrishna rao v,0.7833820658882613,0.8842416,0.7234477124183006,0,0,11,0.5,0.94,1,1,1,0.89895767
shree venkatesan,s venkatesan,1,shree venkatesan,s venkatesan,shree venkatesan,s venkatesan,0.8159778639236341,0.7928661,0.825,0,0,4,0.3333333333333333,0.91,0,1,1,0.89895767
saranya bai,b saranya,1,saranya bai,b saranya,saranya bai,b saranya,0.7635614861549141,0.85625565,0.8047138047138048,0,0,6,0.3333333333333333,0.9,1,1,1,0.89895767
raj bright singh,raj b singh,1,raj bright singh,raj b singh,raj bright singh,raj b singh,0.5824428493553003,0.87595487,0.8829545454545455,0,0,5,0.5,0.9,0,1,1,0.89880055
anitha ramu,r anitha,1,anitha ramu,r anitha,anitha ramu,r anitha,0.6913352365571692,0.7779172,0.7651515151515151,0,0,7,0.3333333333333333,0.86,1,1,1,0.89895767
krishnaveni algar,a krishnaveni,1,krishnaveni algar,a krishnaveni,krishnaveni algar,a krishnaveni,0.7526978671371726,0.64355046,0.7096530920060332,0,0,8,0.3333333333333333,0.92,1,1,1,0.89895767
paari murugan,p murugan,1,paari murugan,p murugan,paari murugan,p murugan,0.6806360483718167,0.8526682,0.8076923076923077,0,0,4,0.3333333333333333,0.88,0,1,1,0.89895767
sangeetha priya,p sangeetha,1,sangeetha priya,p sangeetha,sangeetha priya,p sangeetha,0.8213719112484752,0.75600404,0.806060606060606,0,0,8,0.3333333333333333,0.9,1,1,1,0.89895767
srija ramamurthy,s ramamurthy,1,srija ramamurthy,s ramamurthy,srija ramamurthy,s ramamurthy,0.7986919698658765,0.8094764,0.8500000000000001,0,0,4,0.3333333333333333,0.91,0,1,1,0.8988725
aadil,p k md aadil,1,aadil,p k md aadil,aadil,p k md aadil,0.8338552897740903,0.70541507,0.42777777777777776,0,0,7,0.25,1.0,0,0,1,0.8207351
sowmya nagarajan,s nagarajan,1,sowmya nagarajan,s nagarajan,sowmya nagarajan,s nagarajan,0.6430919498739125,0.82708246,0.7971590909090909,0,0,5,0.3333333333333333,0.9,0,1,1,0.89895767
subha gopinath,gopinath s,1,subha gopinath,gopinath s,subha gopinath,gopinath s,0.8162584200633674,0.71547604,0.6994708994708995,0,0,8,0.3333333333333333,0.89,0,1,1,0.89895767
mohan vasmy,v mohan,1,mohan vasmy,v mohan,mohan vasmy,v mohan,0.6507851645133278,0.82319903,0.6341991341991342,0,0,8,0.3333333333333333,0.83,0,1,1,0.89895767
ganesh ram,ganesh r,1,ganesh ram,ganesh r,ganesh ram,ganesh r,0.848541567822482,0.7813702,0.96,0,1,2,0.3333333333333333,0.89,0,1,1,0.89880055
ashok kumar muthu,m ashok,1,ashok kumar muthu,m ashok,ashok kumar muthu,m ashok,0.5919557360332728,0.7197919,0.5700280112044818,0,0,14,0.25,0.83,0,1,1,0.89895767
vijiyalakshmi,b vijayalakshmi,1,vijiyalakshmi,b vijayalakshmi,vijiyalakshmi,b vijayalakshmi,0.6542595109974052,0.6259272,0.8521367521367522,0,0,3,0.0,0.86,1,0,1,0.8740545
gowri natarajan,g natarajan,1,gowri natarajan,g natarajan,gowri natarajan,g natarajan,0.6717004564353384,0.7759319,0.8381818181818183,0,0,4,0.3333333333333333,0.9,0,1,1,0.89895767
humayun sulaiman,humayun s,1,humayun sulaiman,humayun s,humayun sulaiman,humayun s,0.70772840593554,0.7162875,0.9125,0,1,7,0.3333333333333333,0.88,0,1,1,0.89880055
priya durai,p durai,1,priya durai,p durai,priya durai,p durai,0.7563506507330142,0.7073926,0.7623376623376624,0,0,4,0.3333333333333333,0.83,1,1,1,0.89895767
raghurraman,s raghuraman,1,r aghurraman,s raghuraman,r aghurraman,s raghuraman,0.5171965798856905,0.53514856,0.914141414141414,0,0,3,0.0,0.83,0,0,1,0.7863912
sharon shobana,s shobana,1,sharon shobana,s shobana,sharon shobana,s shobana,0.749835006710796,0.7611698,0.7928571428571428,0,0,5,0.3333333333333333,0.88,1,1,1,0.89895767
siva srinivasan,s srinivasan,1,siva srinivasan,s srinivasan,siva srinivasan,s srinivasan,0.8486772884115119,0.81738174,0.815,0,0,3,0.3333333333333333,0.91,0,1,1,0.89895767
mohammed aashiq,ashiq mohammed,1,mohammed aashiq,ashiq mohammed,mohammed aashiq,ashiq mohammed,0.8783059283347645,0.73612237,0.6881673881673881,0,0,13,0.3333333333333333,0.97,0,0,1,0.88654673
choudhary,choudhari,1,choudhary,choudhari,choudhary,choudhari,0.7830194086536236,0.79185873,0.9555555555555556,1,1,1,0.0,0.89,0,0,1,0.88564974
golda manoharan,g manoharan,1,golda manoharan,g manoharan,golda manoharan,g manoharan,0.6298558745604571,0.683361,0.8109090909090909,0,0,4,0.3333333333333333,0.9,0,1,1,0.89895767
vara venkataraman,v venkataraman,1,vara venkataraman,v venkataraman,vara venkataraman,v venkataraman,0.8782239351949565,0.7872677,0.8184873949579832,0,0,3,0.3333333333333333,0.92,0,1,1,0.89895767
merwin paul,p merwin,1,merwin paul,p merwin,merwin paul,p merwin,0.8359282992096727,0.7442002,0.7651515151515151,0,0,7,0.3333333333333333,0.86,0,1,1,0.89895767
leka priya,priya l,1,leka priya,priya l,leka priya,priya l,0.6234925447011067,0.7724266,0.49523809523809526,0,0,7,0.3333333333333333,0.83,1,1,1,0.89895767
aanandha padmanathan,anandha padmanatham,1,aanandha padmanathan,anandha padmanatham,aanandha padmanathan,anandha padmanatham,0.790752358193569,0.80179346,0.8208771929824561,0,1,2,0.0,0.92,1,0,1,0.88382274
agarwal pravin kumar,pravin k agarwal,1,agarwal pravin kumar,pravin k agarwal,agarwal pravin kumar,pravin k agarwal,0.9075351721242273,0.88133085,0.7875,0,0,14,0.5,0.93,0,1,1,0.89895767
raj prakash,r prakash,1,raj prakash,r prakash,raj prakash,r prakash,0.846689559674673,0.8298409,0.8454545454545455,0,0,2,0.3333333333333333,0.9,0,1,1,0.8989275
nandakumar rao sira,r s nandakumar,1,nandakumar rao sira,r s nandakumar,nandakumar rao sira,r s nandakumar,0.6966031911335518,0.65745914,0.6367053998632946,0,0,13,0.2,0.85,0,1,1,0.8983663
kaarthikeyani,s karthikeyani,1,k aarthikeyani,s karthikeyani,k aarthikeyani,s karthikeyani,0.7990140172873537,0.83055186,0.9267399267399267,0,0,2,0.0,0.86,1,0,1,0.8848276
selvaraj anbu,a selvaraj,1,selvaraj anbu,a selvaraj,selvaraj anbu,a selvaraj,0.7503280845655156,0.8219514,0.7159544159544161,0,0,7,0.3333333333333333,0.89,0,1,1,0.89895767
illavanji rajagopal,r illavanji,1,illavanji rajagopal,r illavanji,illavanji rajagopal,r illavanji,0.7426490392885562,0.7479434,0.6784688995215311,0,0,12,0.3333333333333333,0.9,1,1,1,0.89895767
indumathi raman,r indumathi,1,indumathi raman,r indumathi,indumathi raman,r indumathi,0.8893721482658214,0.70479125,0.806060606060606,0,0,8,0.3333333333333333,0.9,1,1,1,0.89895767
mangala bharathi sundaram,s mangala bharathi,1,mangala bharathi sundaram,s mangala bharathi,mangala bharathi sundaram,s mangala bharathi,0.7977739949432117,0.8261012,0.7179520697167755,0,0,11,0.5,0.94,1,1,1,0.89895767
veda vidhya,vidhya v,1,veda vidhya,vidhya v,veda vidhya,vidhya v,0.7412505691808099,0.76169956,0.6931818181818182,0,0,7,0.3333333333333333,0.86,1,1,1,0.89895767
dhivyalakshimi,dhivyalakshmi s j,1,dhivyalakshimi,dhivyalakshmi s j,dhivyalakshimi,dhivyalakshmi s j,0.7412984807671258,0.73519653,0.9232708468002586,0,1,5,0.0,0.84,1,0,1,0.8659629
sudha kanagaraj,s kanagaraj,1,sudha kanagaraj,s kanagaraj,sudha kanagaraj,s kanagaraj,0.8064090938963814,0.7581191,0.8109090909090909,0,0,4,0.3333333333333333,0.9,0,1,1,0.89895767
srinivasahan,m srinivasagan,1,srinivasahan,m srinivasagan,srinivasahan,m srinivasagan,0.6423653922704028,0.82165086,0.9007936507936508,0,0,3,0.0,0.85,0,0,1,0.88236624
reshma asokan,r asokan,1,reshma asokan,r asokan,reshma asokan,r asokan,0.7636486367278144,0.74071467,0.8096153846153846,0,0,5,0.3333333333333333,0.86,0,1,1,0.89895767
subramaniyan raju,s r subrammaniyan,1,subramaniyan raju,s r subrammaniyan,subramaniyan raju,s r subrammaniyan,0.6886645433239901,0.5723827,0.6892911010558068,0,0,10,0.0,0.82,0,0,1,0.8343126
devaksanthan raman,r devakanthan,1,devaksanthan raman,r devakanthan,devaksanthan raman,r devakanthan,0.5975470259437453,0.6050969,0.8190883190883191,0,0,9,0.0,0.84,0,0,1,0.83672446
ramya madhavan,r madhavan,1,ramya madhavan,r madhavan,ramya madhavan,r madhavan,0.7463772229000534,0.80109423,0.8242857142857144,0,0,4,0.3333333333333333,0.89,0,1,1,0.89895767
vasantha raja,r vasantha,1,vasantha raja,r vasantha,vasantha raja,r vasantha,0.8347258481463184,0.8164377,0.8051282051282053,0,0,7,0.3333333333333333,0.89,1,1,1,0.89895767
nalla perumal sankaran,s nalla perumal,1,nalla perumal sankaran,s nalla perumal,nalla perumal sankaran,s nalla perumal,0.8574067931317467,0.7633524,0.7137085137085138,0,0,11,0.5,0.93,1,1,1,0.89895767
sarrath rathnaraajan,s sarath rathnarajan,1,sarrath rathnaraajan,s sarath rathnarajan,sarrath rathnaraajan,s sarath rathnarajan,0.7196561929685252,0.6297023,0.8566666666666666,0,0,4,0.0,0.9,0,0,1,0.86441034
gigi thomas,thomas g,1,gigi thomas,thomas g,gigi thomas,thomas g,0.6507314161180928,0.62326896,0.4053030303030303,0,0,7,0.3333333333333333,0.86,0,1,1,0.89895767
chitra janaki,c janaki,1,chitra janaki,c janaki,chitra janaki,c janaki,0.7214184014275596,0.7349353,0.7721153846153846,0,0,5,0.3333333333333333,0.86,1,1,1,0.89895767
shoba ramasamy,s ramasamy,1,shoba ramasamy,s ramasamy,shoba ramasamy,s ramasamy,0.7111696065149956,0.7575261,0.8242857142857144,0,0,4,0.3333333333333333,0.89,0,1,1,0.89895767
sathish kumar sivaramakrishnan,sivaramakrishnan s,1,sathish kumar sivaramakrishnan,sivaramakrishnan s,sathish kumar sivaramakrishnan,sivaramakrishnan s,0.8153123809890743,0.8641358,0.7466666666666668,0,0,16,0.25,0.94,0,1,1,0.89895767
indhumathy,g indhumathi,1,indhumathy,g indhumathi,indhumathy,g indhumathi,0.8188130362764184,0.62781227,0.8833333333333333,0,0,3,0.0,0.82,0,0,1,0.88025403
sheela gopal,g sheela,1,sheela gopal,g sheela,sheela gopal,g sheela,0.7162015997329148,0.6908331,0.6765873015873017,0,0,8,0.3333333333333333,0.86,1,1,1,0.89895767
thiruppathy,k thiruppathi,1,thiruppathy,k thiruppathi,thiruppathy,k thiruppathi,0.865883745829378,0.56129944,0.8927738927738927,0,0,3,0.0,0.83,0,0,1,0.88135684
premlatha,r premalatha,1,premlatha,r premalatha,premlatha,r premalatha,0.5178913181157887,0.6920868,0.8055555555555555,0,0,3,0.0,0.86,1,0,1,0.7204959
shyamala priya,p shyamala,1,shyamala priya,p shyamala,shyamala priya,p shyamala,0.8056121387667974,0.7990467,0.7904761904761904,0,0,8,0.3333333333333333,0.89,1,1,1,0.89895767
jayakumar palani,p jayakumar,1,jayakumar palani,p jayakumar,jayakumar palani,p jayakumar,0.7342139303641863,0.86557615,0.7935606060606061,0,0,9,0.3333333333333333,0.9,0,1,1,0.89895767
narasimha rao,r narasimhan,1,narasimha rao,r narasimhan,narasimha rao,r narasimhan,0.7789006674678903,0.7206763,0.777065527065527,0,0,6,0.0,0.88,0,0,1,0.84956944
ranganath,k ranganatha,1,ranganath,k ranganatha,ranganath,k ranganatha,0.8589065452064041,0.79783595,0.9166666666666666,0,0,3,0.0,0.86,0,0,1,0.88236624
raajeswari,v rajeswari,1,r aajeswari,v rajeswari,r aajeswari,v rajeswari,0.7263192082736828,0.31586343,0.9060606060606061,0,0,2,0.0,0.82,1,0,1,0.8838407
kala padmanaban,k padmanaban,1,kala padmanaban,k padmanaban,kala padmanaban,k padmanaban,0.8807454394312217,0.8491764,0.8400000000000001,0,0,3,0.3333333333333333,0.91,0,1,1,0.89895767
rani preethi,preethi r,1,rani preethi,preethi r,rani preethi,preethi r,0.847198411107249,0.6212325,0.7685185185185185,0,0,7,0.3333333333333333,0.88,1,1,1,0.89895767
giri murugan,murugan g,1,giri murugan,murugan g,giri murugan,murugan g,0.7699515827856733,0.8232211,0.7685185185185185,0,0,7,0.3333333333333333,0.88,0,1,1,0.89895767
jayaraman raju,r jayaraman,1,jayaraman raju,r jayaraman,jayaraman raju,r jayaraman,0.8127018991978647,0.7992329,0.7077922077922079,0,0,7,0.3333333333333333,0.9,0,1,1,0.89895767
krishnaveni ramya,r krishnaveni,1,krishnaveni ramya,r krishnaveni,krishnaveni ramya,r krishnaveni,0.834310864248458,0.768323,0.8007678595913891,0,0,8,0.3333333333333333,0.92,1,1,1,0.89895767
sowmiya ravi,r sowmiya,1,sowmiya ravi,r sowmiya,sowmiya ravi,r sowmiya,0.8823044878316099,0.84282863,0.7870370370370371,0,0,7,0.3333333333333333,0.88,1,1,1,0.89895767
thilagavathi subbiah,s thilagavathi,1,thilagavathi subbiah,s thilagavathi,thilagavathi subbiah,s thilagavathi,0.7591171269267334,0.73732966,0.8190476190476191,0,0,10,0.3333333333333333,0.92,1,1,1,0.89895767
kanakasabapathi duraiswami,d kanakasabapathi,1,kanakasabapathi duraiswami,d kanakasabapathi,kanakasabapathi duraiswami,d kanakasabapathi,0.7642906878966677,0.837775,0.8197586726998493,0,0,13,0.3333333333333333,0.94,1,1,1,0.89895767
manjula pammi,p manjula,1,manjula pammi,p manjula,manjula pammi,p manjula,0.6776566676774151,0.71231025,0.772079772079772,0,0,8,0.3333333333333333,0.88,1,1,1,0.89895767
surendran balraj,surendran b,1,surendran balraj,surendran b,surendran balraj,surendran b,0.6655372257847033,0.64525187,0.9375,0,1,5,0.3333333333333333,0.9,0,1,1,0.89880055
rex vijay,vijay r,1,rex vijay,vijay r,rex vijay,vijay r,0.59113148605261,0.7776621,0.41798941798941797,0,0,6,0.3333333333333333,0.88,0,1,1,0.89895767
balaji rajaan,b rajaan,1,balaji rajaan,b rajaan,balaji rajaan,b rajaan,0.7213166853297113,0.76363945,0.8096153846153846,0,0,5,0.3333333333333333,0.86,0,1,1,0.89895767
ramesh dilli,d ramesh,1,ramesh dilli,d ramesh,ramesh dilli,d ramesh,0.5757958227055127,0.69638205,0.6765873015873017,0,0,8,0.3333333333333333,0.86,0,1,1,0.89895767
arumugam ellan,e arumugam,1,arumugam ellan,e arumugam,arumugam ellan,e arumugam,0.7484795338429099,0.7912972,0.7904761904761904,0,0,8,0.3333333333333333,0.89,0,1,1,0.89895767
arunai theepan ganesan,g arunai theepan,1,arunai theepan ganesan,g arunai theepan,arunai theepan ganesan,g arunai theepan,0.8331415997540983,0.8194042,0.717550505050505,0,0,10,0.5,0.93,1,1,1,0.89895767
vineeth reddy g,g v reddy,1,vineeth reddy g,g v reddy,vineeth reddy g,g v reddy,0.6168106995556213,0.81167144,0.652910052910053,0,0,9,0.5,0.88,0,1,1,0.89895767
jekan balaji,j balaji,1,jekan balaji,j balaji,jekan balaji,j balaji,0.6303776485246414,0.84354174,0.825,0,0,4,0.3333333333333333,0.86,1,1,1,0.89895767
bhageerathi,p bhageerathy,1,bhageerathi,p bhageerathy,bhageerathi,p bhageerathy,0.8472741292291546,0.8442364,0.8927738927738927,0,0,3,0.0,0.83,0,0,1,0.88236207
balakrishnan raju,r balakrishnan,1,balakrishnan raju,r balakrishnan,balakrishnan raju,r balakrishnan,0.8591622665636469,0.87445146,0.7439129497953028,0,0,7,0.3333333333333333,0.92,0,1,1,0.89895767
segi ashwin,s ashwin,1,segi ashwin,s ashwin,segi ashwin,s ashwin,0.6653414055268551,0.67015725,0.8056818181818183,0,0,3,0.3333333333333333,0.86,0,1,1,0.89895767
selva kumar govindaraju,s govindaraju,1,selva kumar govindaraju,s govindaraju,selva kumar govindaraju,s govindaraju,0.7556600397754117,0.7419709,0.7311036789297658,0,0,10,0.25,0.92,0,1,1,0.89895767
syam mohan,s mohan,1,syam mohan,s mohan,syam mohan,s mohan,0.5877189850127584,0.78675425,0.8242857142857142,0,0,3,0.3333333333333333,0.83,0,1,1,0.89895767
shyam mohan,s mohan,1,shyam mohan,s mohan,shyam mohan,s mohan,0.6093292810083115,0.7575089,0.8051948051948052,0,0,4,0.3333333333333333,0.83,0,1,1,0.89895767
anupam muraleedharan,a muraleedharan,1,anupam muraleedharan,a muraleedharan,anupam muraleedharan,a muraleedharan,0.8067812214239621,0.8264309,0.8049999999999999,0,0,5,0.3333333333333333,0.93,0,1,1,0.89895767
jawaharlal nehru kandasamy,k jawaharlal nehru,1,jawaharlal nehru kandasamy,k jawaharlal nehru,jawaharlal nehru kandasamy,k jawaharlal nehru,0.8408878476068765,0.8844,0.7092341209988269,0,0,12,0.5,0.94,0,1,1,0.89895767
albert jacob,j albert,1,albert jacob,j albert,albert jacob,j albert,0.7369824136072736,0.67418176,0.6765873015873017,0,0,8,0.3333333333333333,0.86,0,1,1,0.89895767
noel sudhakar,n sudhakar,1,noel sudhakar,n sudhakar,noel sudhakar,n sudhakar,0.7574076984473052,0.6805345,0.9307692307692307,0,0,3,0.3333333333333333,0.89,0,1,1,0.89880055
bharath raj,r bharath,1,bharath raj,r bharath,bharath raj,r bharath,0.8390898199120279,0.8453587,0.7053872053872053,0,0,6,0.3333333333333333,0.9,0,1,1,0.89895767
vidya ramamurthy,ramamurthy v,1,vidya ramamurthy,ramamurthy v,vidya ramamurthy,ramamurthy v,0.8026263572083223,0.6923774,0.716540404040404,0,0,8,0.3333333333333333,0.91,0,1,1,0.89895767
deepa manoharan,d manoharan,1,deepa manoharan,d manoharan,deepa manoharan,d manoharan,0.7634124745205992,0.7117216,0.8109090909090909,0,0,4,0.3333333333333333,0.9,0,1,1,0.89895767
kamala hariharan,k hariharan,1,kamala hariharan,k hariharan,kamala hariharan,k hariharan,0.787757677382106,0.72206295,0.7971590909090909,0,0,5,0.3333333333333333,0.9,0,1,1,0.89895767
peter thomas,p thomas,1,peter thomas,p thomas,peter thomas,p thomas,0.6647525946267585,0.76353395,0.8625,0,0,4,0.3333333333333333,0.86,0,1,1,0.89880055
karpagavalli shanmugam,s karpagavalli,1,karpagavalli shanmugam,s karpagavalli,karpagavalli shanmugam,s karpagavalli,0.7981653263913568,0.73524225,0.8008658008658008,0,0,12,0.3333333333333333,0.92,1,1,1,0.89895767
meena roy,r meena,1,meena roy,r meena,meena roy,r meena,0.7406486150227349,0.7126669,0.7566137566137566,0,0,6,0.3333333333333333,0.88,1,1,1,0.89895767
farook ahmed,a farook,1,farook ahmed,a farook,farook ahmed,a farook,0.8078624338188588,0.64165246,0.7222222222222222,0,0,8,0.3333333333333333,0.86,0,1,1,0.89895767
kishore kumar annadurai,k annadurai,1,kishore kumar annadurai,k annadurai,kishore kumar annadurai,k annadurai,0.7399886868792428,0.7205663,0.6083662714097496,0,0,12,0.25,0.9,1,1,1,0.89895767
madhivanan sundaram,s madhivanan,1,madhivanan sundaram,s madhivanan,madhivanan sundaram,s madhivanan,0.7532695881316217,0.7092839,0.7865497076023392,0,0,11,0.3333333333333333,0.91,0,1,1,0.89895767
suresh vemula,v suresh,1,suresh vemula,v suresh,suresh vemula,v suresh,0.5146578026743581,0.46963966,0.6616300366300366,0,0,9,0.3333333333333333,0.86,0,1,1,0.875351
anbalagan arunachalam,a arunachalam,1,anbalagan arunachalam,a arunachalam,anbalagan arunachalam,a arunachalam,0.7280034411415829,0.8372313,0.7703296703296704,0,0,8,0.3333333333333333,0.92,0,1,1,0.89895767
santhi sethuraman,s sethuraman,1,santhi sethuraman,s sethuraman,santhi sethuraman,s sethuraman,0.8346563888475185,0.7739088,0.786764705882353,0,0,5,0.3333333333333333,0.91,0,1,1,0.89895767
rao karthik,karthik r,1,rao karthik,karthik r,rao karthik,karthik r,0.8326396816222253,0.75832224,0.7912457912457912,0,0,6,0.3333333333333333,0.9,0,1,1,0.89895767
roja baburaj,r baburaj,1,roja baburaj,r baburaj,roja baburaj,r baburaj,0.7478269023512653,0.856344,0.825,0,0,3,0.3333333333333333,0.88,0,1,1,0.89895767
gomathi sitaram,s gomathi,1,gomathi sitaram,s gomathi,gomathi sitaram,s gomathi,0.7146508926565348,0.7469388,0.6407407407407407,0,0,10,0.3333333333333333,0.88,1,1,1,0.89895767
chidambharam,t a chidambaram,1,chidambharam,t a chidambaram,chidambharam,t a chidambaram,0.7161702223529379,0.6184542,0.7318181818181818,0,0,5,0.0,0.81,0,0,1,0.84685117
muhammed,mohammed,1,muhammed,mohammed,muhammed,mohammed,0.6034465844005971,0.658697,0.9249999999999999,1,1,1,0.0,0.88,0,0,1,0.88466895
priyatharicini,a priyatharcini,1,p riyatharicini,a priyatharcini,p riyatharicini,a priyatharcini,0.5556074618310003,0.7259642,0.8126984126984128,0,0,3,0.0,0.87,1,0,1,0.8545334
selvaganapathi,m selvaganapathy,1,selvaganapathi,m selvaganapathy,selvaganapathi,m selvaganapathy,0.8849645259479548,0.87192655,0.9136904761904763,0,0,3,0.0,0.87,0,0,1,0.88236624
vutukuri sridevi,v sridevi,1,vutukuri sridevi,v sridevi,vutukuri sridevi,v sridevi,0.5899556444988266,0.7964791,0.7354166666666666,0,0,7,0.3333333333333333,0.88,1,1,1,0.89895767
geetha jana,geetha j,1,geetha jana,geetha j,geetha jana,geetha j,0.7978246850223565,0.5172961,0.9454545454545455,0,0,3,0.3333333333333333,0.86,1,1,1,0.89880055
deepak kumar sahu,s deepak,1,deepak kumar sahu,s deepak,deepak kumar sahu,s deepak,0.682766349514351,0.60926616,0.6193977591036414,0,0,13,0.25,0.86,0,1,1,0.89895767
gukulakrishnan,v gokulakrishnan,1,gukulakrishnan,v gokulakrishnan,gukulakrishnan,v gokulakrishnan,0.6444051040971857,0.7331629,0.8880494505494506,0,0,3,0.0,0.87,0,0,1,0.88126737
vaani thiagarajan,v thiagarajan,1,vaani thiagarajan,v thiagarajan,vaani thiagarajan,v thiagarajan,0.7684710775948816,0.8845625,0.8371040723981902,0,0,4,0.3333333333333333,0.92,0,1,1,0.89895767
chitraleka balraj,b chitraleka,1,chitraleka balraj,b chitraleka,chitraleka balraj,b chitraleka,0.7759885225109209,0.7716322,0.8071895424836603,0,0,9,0.3333333333333333,0.91,1,1,1,0.89895767
prem vignesh,vignesh p,1,prem vignesh,vignesh p,prem vignesh,vignesh p,0.7939156988865472,0.78261137,0.6851851851851851,0,0,7,0.3333333333333333,0.88,0,1,1,0.89895767
regha mahalakshmi,mahalakshmi r,1,regha mahalakshmi,mahalakshmi r,regha mahalakshmi,mahalakshmi r,0.7448769685323098,0.8086716,0.737430869783811,0,0,8,0.3333333333333333,0.92,1,1,1,0.89895767
somasekhar reddy,r somasekar,1,somasekhar reddy,r somasekar,somasekhar reddy,r somasekar,0.6379658234543281,0.5961781,0.7935606060606061,0,0,9,0.0,0.81,0,0,1,0.8343126
sugandan,s sugandhan,1,sugandan,s sugandhan,sugandan,s sugandhan,0.6902437569550518,0.74686885,0.9181818181818182,0,0,3,0.0,0.84,0,0,1,0.88236624
katheravan,s kathiravan,1,katheravan,s kathiravan,katheravan,s kathiravan,0.5321151111818747,0.79744124,0.8833333333333333,0,0,3,0.0,0.82,0,0,1,0.86798304
ramesh bala,b ramesh,1,ramesh bala,b ramesh,ramesh bala,b ramesh,0.731151881937577,0.72155505,0.7651515151515151,0,0,7,0.3333333333333333,0.86,0,1,1,0.89895767
ramesh kamalakkannan,r kamalakannan,1,ramesh kamalakkannan,r kamalakannan,ramesh kamalakkannan,r kamalakannan,0.6649635702743332,0.7420876,0.8028571428571428,0,0,6,0.0,0.82,0,0,1,0.84956944
shanawaz,shahnawaz,1,shanawaz,shahnawaz,shanawaz,shahnawaz,0.6630106199691024,0.5854362,0.9740740740740741,1,1,1,0.0,0.94,0,0,1,0.85994685
vanitha anban,a vanitha,1,vanitha anban,a vanitha,vanitha anban,a vanitha,0.6873560687353695,0.7261447,0.7097578347578347,0,0,8,0.3333333333333333,0.88,1,1,1,0.89895767
chowdappa pothuri,p chowdappa,1,chowdappa pothuri,p chowdappa,chowdappa pothuri,p chowdappa,0.7436786945715824,0.83141387,0.699108734402852,0,0,10,0.3333333333333333,0.9,1,1,1,0.89895767
sayak premkumar,premkumar s,1,sayak premkumar,premkumar s,sayak premkumar,premkumar s,0.7968194624379632,0.7625931,0.7252525252525253,0,0,8,0.3333333333333333,0.9,0,1,1,0.89895767
murugadas,r murugadass,1,murugadas,r murugadass,murugadas,r murugadass,0.8034453403292782,0.84639627,0.8796296296296297,0,0,3,0.0,0.86,0,0,1,0.88126737
shraddha modi,m shraddha,1,shraddha modi,m shraddha,shraddha modi,m shraddha,0.7955347378447356,0.7402894,0.8051282051282053,0,0,7,0.3333333333333333,0.89,1,1,1,0.89895767
sreedevi pullot,p sreedevi,1,sreedevi pullot,p sreedevi,sreedevi pullot,p sreedevi,0.682311333848433,0.73399305,0.7777777777777778,0,0,9,0.3333333333333333,0.89,1,1,1,0.89895767
gokul krishna,gokula krishnan c,1,gokul krishna,gokula krishnan c,gokul krishna,gokula krishnan c,0.7726199945193417,0.844707,0.8914027149321267,0,1,4,0.0,0.87,1,0,1,0.8700792
prabhakar raju,r prabhakar,1,prabhakar raju,r prabhakar,prabhakar raju,r prabhakar,0.8104506338905457,0.6962186,0.7411255411255411,0,0,7,0.3333333333333333,0.9,0,1,1,0.89895767
chitra soni,s chitra,1,chitra soni,s chitra,chitra soni,s chitra,0.7521754723902531,0.75397515,0.7651515151515151,0,0,7,0.3333333333333333,0.86,1,1,1,0.89895767
vidya balasubramanian,v balasubramanian,1,vidya balasubramanian,v balasubramanian,vidya balasubramanian,v balasubramanian,0.8372489484795788,0.7614124,0.819327731092437,0,0,4,0.3333333333333333,0.94,0,1,1,0.89895767
vasu subramanian,v subramanian,1,vasu subramanian,v subramanian,vasu subramanian,v subramanian,0.8156546727182066,0.7871289,0.8514423076923077,0,0,3,0.3333333333333333,0.92,0,1,1,0.8988725
davidson vinodh bennett,b davidson vinodh,1,davidson vinodh bennett,b davidson vinodh,davidson vinodh bennett,b davidson vinodh,0.7854063581134708,0.78645074,0.7122762148337595,0,0,10,0.5,0.94,0,1,1,0.89895767
sathiyamurthy,b sathiyamurthi,1,sathiyamurthy,b sathiyamurthi,sathiyamurthy,b sathiyamurthi,0.8574677426235182,0.8095776,0.9076923076923077,0,0,3,0.0,0.86,0,0,1,0.88236624
leslie anand eugine,e leslie anand,1,leslie anand eugine,e leslie anand,leslie anand eugine,e leslie anand,0.7424234135679965,0.8587537,0.7694235588972432,0,0,9,0.5,0.92,0,1,1,0.89895767
priya lakshmi,g lakshmi priya,1,priya lakshmi,g lakshmi priya,priya lakshmi,g lakshmi priya,0.9708306769839398,0.90541184,0.6159544159544159,0,0,11,0.6666666666666666,1.0,1,1,1,0.89895767
ambikapathi,p ambikapathy,1,ambikapathi,p ambikapathy,ambikapathi,p ambikapathy,0.8593268488695915,0.6113767,0.8927738927738927,0,0,3,0.0,0.83,0,0,1,0.88135684
rajalakshmi veda,v rajalakshmi,1,rajalakshmi veda,v rajalakshmi,rajalakshmi veda,v rajalakshmi,0.8032178684026835,0.7414054,0.844551282051282,0,0,7,0.3333333333333333,0.92,1,1,1,0.8989275
kalpana jetty,j kalpana,1,kalpana jetty,j kalpana,kalpana jetty,j kalpana,0.6757783295720184,0.6676694,0.772079772079772,0,0,8,0.3333333333333333,0.88,1,1,1,0.89895767
ravichandran ganesan,g ravichandran,1,ravichandran ganesan,g ravichandran,ravichandran ganesan,g ravichandran,0.7793364502204294,0.81527543,0.8190476190476191,0,0,10,0.3333333333333333,0.92,0,1,1,0.89895767
arasakumar chelliah,c arasakumar,1,arasakumar chelliah,c arasakumar,arasakumar chelliah,c arasakumar,0.6155940702044593,0.80920863,0.7865497076023392,0,0,11,0.3333333333333333,0.91,0,1,1,0.89895767
chandaralekha,k chandralekha,1,c handaralekha,k chandralekha,c handaralekha,k chandralekha,0.6490521758329764,0.6001027,0.8498168498168498,0,0,3,0.0,0.86,1,0,1,0.8702185
jayasree,k jayashree,1,jayasree,k jayashree,jayasree,k jayashree,0.5571880026050959,0.82692194,0.9090909090909092,0,0,3,0.0,0.84,0,0,1,0.8824068
muthukumar ramana,muthukumar r,1,muthukumar ramana,muthukumar r,muthukumar ramana,muthukumar r,0.8585744272333689,0.72883093,0.9411764705882353,0,1,5,0.3333333333333333,0.91,0,1,1,0.89880055
revathi s kumar,s revathi,1,revathi s kumar,s revathi,revathi s kumar,s revathi,0.8987486766117593,0.7150966,0.6407407407407407,0,0,10,0.6666666666666666,1.0,1,1,1,0.89895767
abdul rub,abdul r,1,abdul rub,abdul r,abdul rub,abdul r,0.7310312182373543,0.6732819,0.9555555555555556,0,1,2,0.3333333333333333,0.88,0,1,1,0.89880055
kalaimathy,i kalaimathi,1,kalaimathy,i kalaimathi,kalaimathy,i kalaimathi,0.8085956551380696,0.81196785,0.8092592592592592,0,0,3,0.0,0.82,0,0,1,0.86603874
priya ramakrishnan,ramakrishnan p,1,priya ramakrishnan,ramakrishnan p,priya ramakrishnan,ramakrishnan p,0.8386777953295674,0.8954809,0.7553927553927554,0,0,8,0.3333333333333333,0.92,0,1,1,0.89895767
sri pavithra,s pavithra,1,sri pavithra,s pavithra,sri pavithra,s pavithra,0.877589527702015,0.7704474,0.8900000000000001,0,0,2,0.3333333333333333,0.91,1,1,1,0.89880055
vikram raj,vikram r,1,vikram raj,vikram r,vikram raj,vikram r,0.8644837438244427,0.8512639,0.96,0,1,2,0.3333333333333333,0.89,0,1,1,0.89880055
balamurugan kandan,k balamurugan,1,balamurugan kandan,k balamurugan,balamurugan kandan,k balamurugan,0.8404987672732797,0.86465085,0.8190883190883191,0,0,9,0.3333333333333333,0.92,0,1,1,0.89895767
manivannan rajee,r manivannan,1,manivannan rajee,r manivannan,manivannan rajee,r manivannan,0.8303217369627311,0.76044,0.8194444444444445,0,0,8,0.3333333333333333,0.91,0,1,1,0.89895767
pon divya,divya p,1,pon divya,divya p,pon divya,divya p,0.7453678543098873,0.82968426,0.41798941798941797,0,0,6,0.3333333333333333,0.88,1,1,1,0.89895767
sridevi manian,sridevi m,1,sridevi manian,sridevi m,sridevi manian,sridevi m,0.789150888751517,0.7918692,0.9285714285714286,0,1,5,0.3333333333333333,0.88,1,1,1,0.89880055
anita balachandran,a balachandran,1,anita balachandran,a balachandran,anita balachandran,a balachandran,0.8408163264619352,0.72109854,0.8047619047619046,0,0,4,0.3333333333333333,0.92,0,1,1,0.89895767
durai babu mukkara,durai babu m,1,durai babu mukkara,durai babu m,durai babu mukkara,durai babu m,0.7294300424797642,0.865863,0.9333333333333333,0,1,6,0.5,0.91,1,1,1,0.89880055
vinod babu,b vinod,1,vinod babu,b vinod,vinod babu,b vinod,0.7224958251682647,0.7289597,0.6523809523809524,0,0,7,0.3333333333333333,0.83,0,1,1,0.89895767
devandiran,devandran dr,1,devandiran,devandran,devandiran,devandran,0.6683741522710791,0.74130654,0.98,1,1,1,0.0,0.95,0,0,1,0.85994685
mohamed akbar khalifulla jamla,j m akbar khalifulla,1,mohamed akbar khalifulla jamla,j m akbar khalifulla,mohamed akbar khalifulla jamla,j m akbar khalifulla,0.7767892633225603,0.86522555,0.6851851851851851,0,0,12,0.3333333333333333,0.89,1,1,1,0.89895767
sri rekha,s rekha,1,sri rekha,s rekha,sri rekha,s rekha,0.8118627216969391,0.8465462,0.8904761904761904,0,0,2,0.3333333333333333,0.88,1,1,1,0.89880055
durgavathi chandra kumar,c durgavathi,1,durgavathi chandra kumar,c durgavathi,durgavathi chandra kumar,c durgavathi,0.8051546405876155,0.688447,0.6944444444444445,0,0,16,0.25,0.91,1,1,1,0.89895767
thirupathy,c thirupathi,1,thirupathy,c thirupathi,thirupathy,c thirupathi,0.8210643286334898,0.73130286,0.8833333333333333,0,0,3,0.0,0.82,0,0,1,0.88126737
kavitha chelladurai,chelladurai k,1,kavitha chelladurai,chelladurai k,kavitha chelladurai,chelladurai k,0.8382023281087081,0.79195285,0.684885290148448,0,0,10,0.3333333333333333,0.92,1,1,1,0.89895767
prabhu ratnavelu,p ratnavelu,1,prabhu ratnavelu,p ratnavelu,prabhu ratnavelu,p ratnavelu,0.8300702355429178,0.76774365,0.7698863636363635,0,0,5,0.3333333333333333,0.9,0,1,1,0.89895767
tarun murali,t murali,1,tarun murali,t murali,tarun murali,t murali,0.7031477989660255,0.68772376,0.825,0,0,4,0.3333333333333333,0.86,1,1,1,0.89895767
alladi jayanthi,jayanthi a,1,alladi jayanthi,jayanthi a,alladi jayanthi,jayanthi a,0.6648978594704048,0.87200075,0.611111111111111,0,0,9,0.3333333333333333,0.89,1,1,1,0.89895767
vijayakumar sethu,s vijayakumar,1,vijayakumar sethu,s vijayakumar,vijayakumar sethu,s vijayakumar,0.7494817150433086,0.83485943,0.8310708898944194,0,0,8,0.3333333333333333,0.92,0,1,1,0.89895767
balu subramanian,subramaniam balu,1,balu subramanian,subramaniam balu,balu subramanian,subramaniam balu,0.8516922173301795,0.88898647,0.7467948717948718,0,0,11,0.3333333333333333,0.94,0,0,1,0.88654673
mohan vinod kumar,m vinod,1,mohan vinod kumar,m vinod,mohan vinod kumar,m vinod,0.6928835232021328,0.55289674,0.7378151260504202,0,0,10,0.25,0.83,0,1,1,0.89895767
selvi kandasamy,kandasamy s,1,selvi kandasamy,kandasamy s,selvi kandasamy,kandasamy s,0.7481402672006833,0.73090315,0.7595959595959596,0,0,8,0.3333333333333333,0.9,0,1,1,0.89895767
nilofer,nilufer,1,nilofer,nilufer,nilofer,nilufer,0.5374030444824163,0.8831204,0.9333333333333333,1,1,1,0.0,0.86,0,0,1,0.86286664
kavitha kannan,kavitha k,1,kavitha kannan,kavitha k,kavitha kannan,kavitha k,0.7471614626620011,0.7979559,0.9285714285714286,0,1,5,0.3333333333333333,0.88,1,1,1,0.89880055
vikram anbazhagan,v anbazhagan,1,vikram anbazhagan,v anbazhagan,vikram anbazhagan,v anbazhagan,0.8445204741558767,0.70426834,0.786764705882353,0,0,5,0.3333333333333333,0.91,0,1,1,0.89895767
shanmughapriya,shanmugapriya k,1,shanmughapriy a,shanmugapriya k,shanmughapriy a,shanmugapriya k,0.5684829479105311,0.6328815,0.959047619047619,0,1,3,0.0,0.87,0,0,1,0.881361
ramkumar sekar,ramkumar s,1,ramkumar sekar,ramkumar s,ramkumar sekar,ramkumar s,0.7879916888556444,0.7898476,0.9428571428571428,0,1,4,0.3333333333333333,0.89,0,1,1,0.89880055
abraham jebakumar robert,r abraham jebakumar,1,abraham jebakumar robert,r abraham jebakumar,abraham jebakumar robert,r abraham jebakumar,0.7843511310220863,0.89147174,0.7324561403508771,0,0,9,0.5,0.94,0,1,1,0.89895767
raja purushothaman,r purushothaman,1,raja purushothaman,r purushothaman,raja purushothaman,r purushothaman,0.9180764546996437,0.7853217,0.8300000000000001,0,0,3,0.3333333333333333,0.93,0,1,1,0.89895767
selvin prabhakaran,prabhakaran s,1,selvin prabhakaran,prabhakaran s,selvin prabhakaran,prabhakaran s,0.7086786496210277,0.7484303,0.7243589743589745,0,0,9,0.3333333333333333,0.92,0,1,1,0.89895767
vijayasankar muthu,vijayashankar m,1,vijayasankar muthu,vijayashankar m,vijayasankar muthu,vijayashankar m,0.6098759356920219,0.75652975,0.9422222222222223,0,1,5,0.0,0.85,0,0,1,0.8659629
kala akrishnan,k akrishnan,1,kala akrishnan,k akrishnan,kala akrishnan,k akrishnan,0.8335424804790088,0.8433958,0.8266233766233766,0,0,3,0.3333333333333333,0.9,0,1,1,0.89895767
veera venkatesh,v venkatessh,1,veera venkatesh,v venkatessh,veera venkatesh,v venkatessh,0.5802330435348425,0.73536575,0.7859090909090909,0,0,5,0.0,0.81,0,0,1,0.84956944
robert wilson sundaram,s robert wilson,1,robert wilson sundaram,s robert wilson,robert wilson sundaram,s robert wilson,0.8798868815054934,0.7374063,0.7383838383838383,0,0,11,0.5,0.93,0,1,1,0.89895767
kabila haridas,haridas k,1,kabila haridas,haridas k,kabila haridas,haridas k,0.6752854792398096,0.82700497,0.5767195767195767,0,0,9,0.3333333333333333,0.88,0,1,1,0.89895767
bharathi priya,p bharathi,1,bharathi priya,p bharathi,bharathi priya,p bharathi,0.7380377044712529,0.8446698,0.7904761904761904,0,0,8,0.3333333333333333,0.89,1,1,1,0.89895767
usha devi gopalan,usha devi g,1,usha devi gopalan,usha devi g,usha devi gopalan,usha devi g,0.7015516340899631,0.78520334,0.9294117647058824,0,1,6,0.5,0.9,1,1,1,0.89880055
arun jayakumar,a jayakumar,1,arun jayakumar,a jayakumar,arun jayakumar,a jayakumar,0.7976602375814907,0.77062976,0.8538961038961039,0,0,3,0.3333333333333333,0.9,0,1,1,0.8988725
latha raju,r latha,1,latha raju,r latha,latha raju,r latha,0.7293342728273545,0.59721863,0.6523809523809524,0,0,7,0.3333333333333333,0.83,1,1,1,0.89895767
surya ram,surya r,1,surya ram,surya r,surya ram,surya r,0.8556496024449806,0.77572715,0.9555555555555556,0,0,2,0.3333333333333333,0.88,1,1,1,0.89880055
vijay prabhu,v prabhu,1,vijay prabhu,v prabhu,vijay prabhu,v prabhu,0.7405852851846301,0.68315476,0.825,0,0,4,0.3333333333333333,0.86,0,1,1,0.89895767
ramesh karki,k ramesh,1,ramesh karki,k ramesh,ramesh karki,k ramesh,0.5677913665394294,0.78979766,0.6765873015873017,0,0,8,0.3333333333333333,0.86,0,1,1,0.89895767
geetha rajaram,g rajaram,1,geetha rajaram,g rajaram,geetha rajaram,g rajaram,0.6749745402927523,0.7671876,0.7928571428571428,0,0,5,0.3333333333333333,0.88,0,1,1,0.89895767
gita bhaskaran,g baskaran,1,gita bhaskaran,g baskaran,gita bhaskaran,g baskaran,0.5217491375785385,0.7324703,0.7942857142857143,0,0,4,0.0,0.83,0,0,1,0.86034304
naga lavanya,n lavanya,1,naga lavanya,n lavanya,naga lavanya,n lavanya,0.8015160191277227,0.7714682,0.825,0,0,3,0.3333333333333333,0.88,1,1,1,0.89895767
prema natarajan,p natarajan,1,prema natarajan,p natarajan,prema natarajan,p natarajan,0.7434860730672007,0.8250351,0.8381818181818183,0,0,4,0.3333333333333333,0.9,0,1,1,0.89895767
venkadeswaran,p venkateswaran,1,venkadeswaran,p venkateswaran,venkadeswaran,p venkateswaran,0.61546532396941,0.9041457,0.9076923076923077,0,0,3,0.0,0.86,0,0,1,0.88236624
ravi sivaraman,r sivaraman,1,ravi sivaraman,r sivaraman,ravi sivaraman,r sivaraman,0.8326433329381356,0.799187,0.8266233766233766,0,0,3,0.3333333333333333,0.9,0,1,1,0.89895767
selva kumar ganesan,s ganesan,1,selva kumar ganesan,s ganesan,selva kumar ganesan,s ganesan,0.6522030680710873,0.6907394,0.6052631578947368,0,0,10,0.25,0.88,0,1,1,0.89895767
savya ravindran,s ravindran,1,savya ravindran,s ravindran,savya ravindran,s ravindran,0.695043827915252,0.79539454,0.8109090909090909,0,0,4,0.3333333333333333,0.9,0,1,1,0.89895767
thamizhkumaran,tamizhkumaran j,1,thamizhkumara n,tamizhkumaran j,thamizhkumara n,tamizhkumaran j,0.7735782216967942,0.6208347,0.8957142857142857,0,1,3,0.0,0.87,0,0,1,0.88135684
gridharan,v giridharan,1,gridharan,v giridharan,gridharan,v giridharan,0.5323906598114209,0.610116,0.8796296296296297,0,0,3,0.0,0.86,0,0,1,0.84757036
geetha sivaraman,sivaraman g,1,geetha sivaraman,sivaraman g,geetha sivaraman,sivaraman g,0.7098136623025503,0.76912564,0.7113636363636364,0,0,9,0.3333333333333333,0.9,0,1,1,0.89895767
vijaya ponnusamy,v ponnusamy,1,vijaya ponnusamy,v ponnusamy,vijaya ponnusamy,v ponnusamy,0.8574464246126162,0.57943135,0.7698863636363635,0,0,5,0.3333333333333333,0.9,0,1,1,0.89895767
ezhilarasy,ezhilarasi j,1,ezhilarasy,ezhilarasi j,ezhilarasy,ezhilarasi j,0.7338976163597628,0.8088093,0.9299999999999999,0,1,3,0.0,0.82,0,0,1,0.88236624
ganeshraj,b ganeshraja,1,ganeshraj,b ganeshraja,ganeshraj,b ganeshraja,0.834515354872562,0.85387707,0.9166666666666666,0,0,3,0.0,0.86,0,0,1,0.88236624
gnanavinayagan,gnanavinayagam s,1,gnanavinayagan,gnanavinayagam s,gnanavinayagan,gnanavinayagam s,0.8815623126948576,0.9246463,0.9482142857142858,0,1,3,0.0,0.87,0,0,1,0.88236624
nedunchezhiyan,v nedunchezhian,1,n edunchezhiyan,v nedunchezhian,n edunchezhiyan,v nedunchezhian,0.7037117646419565,0.6331748,0.9317460317460317,0,0,3,0.0,0.87,0,0,1,0.881361
girija nagarajan,g nagarajan,1,girija nagarajan,g nagarajan,girija nagarajan,g nagarajan,0.6736885140043354,0.84167457,0.8244318181818183,0,0,5,0.3333333333333333,0.9,0,1,1,0.89895767
samuel d john,j d samuel,1,samuel d john,j d samuel,samuel d john,j d samuel,0.7832074526996171,0.8115049,0.7159544159544161,0,0,11,0.5,0.89,0,1,1,0.89895767
kesvan balaraman,k balaraman,1,kesvan balaraman,k balaraman,kesvan balaraman,k balaraman,0.6280373132502043,0.8566263,0.8244318181818183,0,0,5,0.3333333333333333,0.9,0,1,1,0.89895767
premraj kuppuraj,p kuppuraj,1,premraj kuppuraj,p kuppuraj,premraj kuppuraj,p kuppuraj,0.7682569023941178,0.8032275,0.7675000000000001,0,0,6,0.3333333333333333,0.89,0,1,1,0.89895767
gunasekaran raman,r gunasekaran,1,gunasekaran raman,r gunasekaran,gunasekaran raman,r gunasekaran,0.8945665629554652,0.7860577,0.8310708898944194,0,0,8,0.3333333333333333,0.92,0,1,1,0.89895767
vengadesan,g vangadesan,1,vengadesan,g vangadesan,vengadesan,g vangadesan,0.653704637075794,0.57293606,0.7351851851851853,0,0,3,0.0,0.82,0,0,1,0.86491543
kamalam ramalingam,k ramalingam,1,kamalam ramalingam,k ramalingam,kamalam ramalingam,k ramalingam,0.8289678097600328,0.77735376,0.7999999999999999,0,0,6,0.3333333333333333,0.91,0,1,1,0.89895767
vani kumaresan,v kumaresan,1,vani kumaresan,v kumaresan,vani kumaresan,v kumaresan,0.818427163734617,0.79629064,0.8266233766233766,0,0,3,0.3333333333333333,0.9,0,1,1,0.89895767
manikandan bose,b manikandan,1,manikandan bose,b manikandan,manikandan bose,b manikandan,0.7362121547591383,0.7129595,0.8333333333333334,0,0,7,0.3333333333333333,0.91,0,1,1,0.89895767
anbu gowtham,a gowtham,1,anbu gowtham,a gowtham,anbu gowtham,a gowtham,0.774437269104681,0.77928036,0.9249999999999999,0,0,3,0.3333333333333333,0.88,0,1,1,0.89880055
shanmugamani,a shanmugakani,1,shanmugamani,a shanmugakani,shanmugamani,a shanmugakani,0.6337398931228844,0.6678108,0.7795815295815296,0,0,3,0.0,0.85,1,0,1,0.86491543
malliga meganathan,m meganathan,1,malliga meganathan,m meganathan,malliga meganathan,m meganathan,0.7188095035524757,0.7079918,0.7999999999999999,0,0,6,0.3333333333333333,0.91,0,1,1,0.89895767
ram kumar sriramulu,r sriramulu,1,ram kumar sriramulu,r sriramulu,ram kumar sriramulu,r sriramulu,0.8830596077079529,0.7241683,0.7645933014354067,0,0,8,0.25,0.9,0,1,1,0.89895767
suma natarajan,s natarajan,1,suma natarajan,s natarajan,suma natarajan,s natarajan,0.8202746959431949,0.79700756,0.8266233766233766,0,0,3,0.3333333333333333,0.9,0,1,1,0.89895767
vikram mariappan,v mariappan,1,vikram mariappan,v mariappan,vikram mariappan,v mariappan,0.7942551143875632,0.5538033,0.8244318181818183,0,0,5,0.3333333333333333,0.9,0,1,1,0.89895767
vidhya murugan,v murugan,1,vidhya murugan,v murugan,vidhya murugan,v murugan,0.7036053295247455,0.6808838,0.7928571428571428,0,0,5,0.3333333333333333,0.88,0,1,1,0.89895767
raju murugan,r murugan,1,raju murugan,r murugan,raju murugan,r murugan,0.815692989178297,0.7388679,0.8583333333333333,0,0,3,0.3333333333333333,0.88,0,1,1,0.89880055
mohan krishnamoorthy,m krishnamoorthy,1,mohan krishnamoorthy,m krishnamoorthy,mohan krishnamoorthy,m krishnamoorthy,0.9032194682692121,0.82533026,0.80875,0,0,4,0.3333333333333333,0.93,0,1,1,0.89895767
babu raj,r babu,1,babu raj,r babu,babu raj,r babu,0.8267516140299356,0.7693214,0.6861111111111112,0,0,6,0.3333333333333333,0.86,0,1,1,0.89895767
sekar narayansamy,s narayansamy,1,sekar narayansamy,s narayansamy,sekar narayansamy,s narayansamy,0.849382620038899,0.82615316,0.8371040723981902,0,0,4,0.3333333333333333,0.92,0,1,1,0.89895767
banu rekha,b rekha,1,banu rekha,b rekha,banu rekha,b rekha,0.7248180522025263,0.7578724,0.91,0,0,3,0.3333333333333333,0.83,1,1,1,0.89880055
santhalakshmi,m saanthalakshmi,1,santhalakshmi,m saanthalakshmi,santhalakshmi,m saanthalakshmi,0.7640283144242103,0.71876127,0.860576923076923,0,0,3,0.0,0.9,1,0,1,0.88126737
ramasubramaniam,r ramasubramaniyam,1,ramasubramaniam,r ramasubramaniyam,ramasubramaniam,r ramasubramaniyam,0.762559031702755,0.6537404,0.8900000000000001,0,0,3,0.0,0.91,0,0,1,0.88025403
thirunarayanan raju,thirunarayanan r,1,thirunarayanan raju,thirunarayanan r,thirunarayanan raju,thirunarayanan r,0.8953326385086294,0.74854076,0.968421052631579,0,1,3,0.3333333333333333,0.93,0,1,1,0.89880055
sivapragasam,v sivaprakasam,1,sivapragasam,v sivaprakasam,sivapragasam,v sivaprakasam,0.6692808157050566,0.81630754,0.8704906204906204,0,0,3,0.0,0.85,0,0,1,0.88126737
ajay christopher,christopher a,1,ajay christopher,christopher a,ajay christopher,christopher a,0.9199136093178457,0.7018062,0.7243589743589745,0,0,7,0.3333333333333333,0.92,0,1,1,0.89895767
angayarkanni,m angayerkanni,1,angayarkanni,m angayerkanni,angayarkanni,m angayerkanni,0.6436486070962493,0.63381356,0.8704906204906204,0,0,3,0.0,0.85,1,0,1,0.88025403
peer mohamed shahul hameed,shahul hameed p m,1,peer mohamed shahul hameed,shahul hameed p m,peer mohamed shahul hameed,shahul hameed p m,0.7557253001037506,0.79195845,0.6266968325791855,0,0,17,0.3333333333333333,0.87,0,1,1,0.89895767
manoj kumar selvaraj,m selvaraj,1,manoj kumar selvaraj,m selvaraj,manoj kumar selvaraj,m selvaraj,0.7428998973267548,0.66924953,0.5222222222222221,0,0,10,0.25,0.89,0,1,1,0.89895767
manivannan varthan,v manivannan,1,manivannan varthan,v manivannan,manivannan varthan,v manivannan,0.7876620066503852,0.7917714,0.6910774410774411,0,0,10,0.3333333333333333,0.91,0,1,1,0.89895767
sowmithya banu anwar sadiqu,a sowmithya banu,1,sowmithya banu anwar sadiqu,a sowmithya banu,sowmithya banu anwar sadiqu,a sowmithya banu,0.7206953287781532,0.6833729,0.6975308641975309,0,0,15,0.4,0.93,1,1,1,0.89895767
praveen kesav,k praveen,1,praveen kesav,k praveen,praveen kesav,k praveen,0.6623035772404566,0.83493465,0.772079772079772,0,0,8,0.3333333333333333,0.88,0,1,1,0.89895767
suyamburaja,s suyamburajan,1,suyamburaja,s suyamburajan,suyamburaja,s suyamburajan,0.9273437010204241,0.8842294,0.9357142857142856,0,0,3,0.0,0.88,0,0,1,0.88212043
sudha vijayakumar,s vijayakumari,1,sudha vijayakumar,s vijayakumari,sudha vijayakumar,s vijayakumari,0.7312258581629247,0.7934146,0.7925985778926955,0,0,5,0.0,0.84,1,0,1,0.84956944
krupanidhi,v kripanidhi,1,krupanidhi,v kripanidhi,krupanidhi,v kripanidhi,0.5743690604017098,0.6769853,0.7722222222222221,0,0,3,0.0,0.82,1,0,1,0.86491543
marudhavanan,k maruthavanan,1,marudhavanan,k maruthavanan,marudhavanan,k maruthavanan,0.59021508549743,0.8676319,0.9007936507936508,0,0,3,0.0,0.85,0,0,1,0.88236624
karthik ram,r karthik,1,karthik ram,r karthik,karthik ram,r karthik,0.8798333164761891,0.76866233,0.7053872053872053,0,0,6,0.3333333333333333,0.9,0,1,1,0.89895767
mano vasanthakumar,vasanthakumar m,1,mano vasanthakumar,vasanthakumar m,mano vasanthakumar,vasanthakumar m,0.8266887898921798,0.791993,0.7347578347578348,0,0,7,0.3333333333333333,0.93,0,1,1,0.89895767
bharathi pattabiraman,b pattabiraman,1,bharathi pattabiraman,b pattabiraman,bharathi pattabiraman,b pattabiraman,0.8386161535960085,0.84224343,0.8142857142857143,0,0,7,0.3333333333333333,0.92,0,1,1,0.89895767
sahu devika,s devika,1,sahu devika,s devika,sahu devika,s devika,0.7806870455810528,0.7835143,0.9181818181818182,0,1,3,0.3333333333333333,0.86,1,1,1,0.89880055
suresh lakshminarayanan,s lakshminarayanan,1,suresh lakshminarayanan,s lakshminarayanan,suresh lakshminarayanan,s lakshminarayanan,0.8856593651321345,0.81434643,0.8514492753623188,0,0,5,0.3333333333333333,0.94,0,1,1,0.8988725
aneesa ansari,a ansari,1,aneesa ansari,a ansari,aneesa ansari,a ansari,0.6656615664531453,0.8209419,0.8096153846153846,0,0,5,0.3333333333333333,0.86,1,1,1,0.89895767
geetha veeraraghavan,g veeraragavan,1,geetha veeraraghavan,g veeraragavan,geetha veeraraghavan,g veeraragavan,0.6160759332542264,0.6058498,0.7814285714285714,0,0,6,0.0,0.82,0,0,1,0.84685117
murugesan vel u,v murugesan,1,murugesan vel u,v murugesan,murugesan vel u,v murugesan,0.8285664065724905,0.73824155,0.806060606060606,0,0,8,0.25,0.9,0,1,1,0.89895767
prakash babu,b prakash,1,prakash babu,b prakash,prakash babu,b prakash,0.7039220129614201,0.8689711,0.7870370370370371,0,0,7,0.3333333333333333,0.88,0,1,1,0.89895767
gowri saravanan,g saravanan,1,gowri saravanan,g saravanan,gowri saravanan,g saravanan,0.6514562074020647,0.74477845,0.8654545454545455,0,0,4,0.3333333333333333,0.9,0,1,1,0.89880055
jason ambrose,j ambrose,1,jason ambrose,j ambrose,jason ambrose,j ambrose,0.7708463329057937,0.8439436,0.8076923076923077,0,0,4,0.3333333333333333,0.88,0,1,1,0.89895767
sundari kuppan,k sundari,1,sundari kuppan,k sundari,sundari kuppan,k sundari,0.6299296304586801,0.86970735,0.6534391534391534,0,0,9,0.3333333333333333,0.88,1,1,1,0.89895767
balaprakash mohan,m balaprakash,1,balaprakash mohan,m balaprakash,balaprakash mohan,m balaprakash,0.8631067990435616,0.7527374,0.8310708898944194,0,0,8,0.3333333333333333,0.92,0,1,1,0.89895767
rani narayanan,r narayanan,1,rani narayanan,r narayanan,rani narayanan,r narayanan,0.8538603161367014,0.72093195,0.8811688311688312,0,0,3,0.3333333333333333,0.9,0,1,1,0.89880055
sairam parthasarathy,s parthasarathy,1,sairam parthasarathy,s parthasarathy,sairam parthasarathy,s parthasarathy,0.8145213437174474,0.70354354,0.825,0,0,5,0.3333333333333333,0.93,0,1,1,0.89895767
baby shalini,b shalini,1,baby shalini,b shalini,baby shalini,b shalini,0.6671278048734476,0.82069886,0.8583333333333333,0,0,3,0.3333333333333333,0.88,1,1,1,0.89880055
manochithra,manochitra b,1,manochithr a,manochitra b,manochithr a,manochitra b,0.7058985632965902,0.67986,0.9484848484848484,0,1,3,0.0,0.83,0,0,1,0.881361
nithya priya,nithya p,1,nithya priya,nithya p,nithya priya,nithya p,0.7824287495956778,0.79907507,0.9333333333333333,0,0,4,0.3333333333333333,0.86,1,1,1,0.89880055
mani chandrasekaran,m chandrasekaran,1,mani chandrasekaran,m chandrasekaran,mani chandrasekaran,m chandrasekaran,0.9048817973671397,0.8922268,0.8213815789473684,0,0,3,0.3333333333333333,0.93,0,1,1,0.89895767
minu priya,m priya,1,minu priya,m priya,minu priya,m priya,0.6158684517223731,0.7819834,0.8242857142857142,0,0,3,0.3333333333333333,0.83,1,1,1,0.89895767
rahul ravichandran,ravichandran r,1,rahul ravichandran,ravichandran r,rahul ravichandran,ravichandran r,0.8335698917599316,0.8300843,0.8264550264550263,0,0,8,0.3333333333333333,0.92,0,1,1,0.89895767
gopi subramaniyan,subiramaniyan g,1,gopi subramaniyan,subiramaniyan g,gopi subramaniyan,subiramaniyan g,0.5286888972239756,0.58209074,0.8258421317244847,0,0,8,0.0,0.88,0,0,1,0.81857175
babu subramaniam,b subramaniam,1,babu subramaniam,b subramaniam,babu subramaniam,b subramaniam,0.8278059647742314,0.7210529,0.8283653846153847,0,0,3,0.3333333333333333,0.92,0,1,1,0.89895767
shanmuga priya raja,r shanmuga priya,1,shanmuga priya raja,r shanmuga priya,shanmuga priya raja,r shanmuga priya,0.9099251538279134,0.82568645,0.75343567251462,0,0,7,0.5,0.93,1,1,1,0.89895767
srivindh,srivinth,1,srivindh,srivinth,srivindh,srivinth,0.6166470371969688,0.86319,0.95,0,1,1,0.0,0.88,0,0,1,0.88564974
vinod balaji,v balaji,1,vinod balaji,v balaji,vinod balaji,v balaji,0.7046696909037236,0.8026822,0.8999999999999999,0,0,4,0.3333333333333333,0.86,1,1,1,0.89880055
parthiban kannan,k parthiban,1,parthiban kannan,k parthiban,parthiban kannan,k parthiban,0.81289359994342,0.7912929,0.7935606060606061,0,0,9,0.3333333333333333,0.9,0,1,1,0.89895767
dhayanidhi,dayanidhi a,1,dhayanidh i,dayanidhi a,dhayanidh i,dayanidhi a,0.5254067074307418,0.44086927,0.9154545454545455,0,1,3,0.0,0.82,0,0,1,0.8709337
sarojini ganesan,g sarojini,1,sarojini ganesan,g sarojini,sarojini ganesan,g sarojini,0.7772023319301479,0.80178845,0.6726851851851853,0,0,10,0.3333333333333333,0.89,1,1,1,0.89895767
dakshinamoorthy,n dhakshinamoorthy,1,dakshinamoorthy,n dhakshinamoorthy,dakshinamoorthy,n dhakshinamoorthy,0.8206146290443598,0.5218523,0.8111111111111112,0,0,3,0.0,0.91,0,0,1,0.86491543
ganesh manikandan,g manikandan,1,ganesh manikandan,g manikandan,ganesh manikandan,g manikandan,0.7848219932808222,0.8119571,0.786764705882353,0,0,5,0.3333333333333333,0.91,0,1,1,0.89895767
ramkumar segar,s ramkumar,1,ramkumar segar,s ramkumar,ramkumar segar,s ramkumar,0.6896828074540859,0.73724455,0.7904761904761904,0,0,8,0.3333333333333333,0.89,0,1,1,0.89895767
vigneshwari,vigneswari r,1,vigneshwar i,vigneswari r,vigneshwar i,vigneswari r,0.6406049277222416,0.735374,0.9484848484848484,0,1,3,0.0,0.83,0,0,1,0.88236624
baalakrishnan,k balakrishnan,1,b aalakrishnan,k balakrishnan,b aalakrishnan,k balakrishnan,0.7250024265936865,0.40428576,0.9267399267399267,0,0,2,0.0,0.86,0,0,1,0.8838407
varun meena,v meena,1,varun meena,v meena,varun meena,v meena,0.6754170458541524,0.7284547,0.8051948051948052,0,0,4,0.3333333333333333,0.83,1,1,1,0.89895767
vijay prabakar,v prabakar,1,vijay prabakar,v prabakar,vijay prabakar,v prabakar,0.7972029967808024,0.7429662,0.7942857142857143,0,0,4,0.3333333333333333,0.89,0,1,1,0.89895767
leo praveen kumar,l praveen,1,leo praveen kumar,l praveen,leo praveen kumar,l praveen,0.6223561254747746,0.4692541,0.7588235294117647,0,1,8,0.25,0.88,0,1,1,0.8882954
mathankumar,r madhankumar,1,mathankumar,r madhankumar,mathankumar,r madhankumar,0.6387056401329766,0.7820146,0.8927738927738927,0,0,3,0.0,0.83,0,0,1,0.88236207
shyam sudharsan,s sudharsan,1,shyam sudharsan,s sudharsan,shyam sudharsan,s sudharsan,0.7824929014005578,0.79807633,0.8109090909090909,0,0,4,0.3333333333333333,0.9,0,1,1,0.89895767
kannan baskaran,k baskaran,1,kannan baskaran,k baskaran,kannan baskaran,k baskaran,0.7679562551968608,0.8459992,0.8099999999999998,0,0,5,0.3333333333333333,0.89,0,1,1,0.89895767
sameer mohamed,mohamad sameer,1,sameer mohamed,mohamad sameer,sameer mohamed,mohamad sameer,0.7560902811830468,0.66622734,0.5714285714285715,0,0,11,0.3333333333333333,0.93,0,0,1,0.7413408
david hemalatha soloman,hemalatha s david,1,david hemalatha soloman,hemalatha s david,david hemalatha soloman,hemalatha s david,0.7629223078037316,0.74580854,0.6678845451223968,0,0,12,0.5,0.94,1,1,1,0.89895767
mahalakshmi suban,s mahalakshmi,1,mahalakshmi suban,s mahalakshmi,mahalakshmi suban,s mahalakshmi,0.80357773440903,0.7685826,0.7096530920060332,0,0,8,0.3333333333333333,0.92,1,1,1,0.89895767
velmurugan subbu,s velmurugan,1,velmurugan subbu,s velmurugan,velmurugan subbu,s velmurugan,0.7928816728690726,0.7278347,0.8194444444444445,0,0,8,0.3333333333333333,0.91,0,1,1,0.89895767
sajith kesavan,s kesavan,1,sajith kesavan,s kesavan,sajith kesavan,s kesavan,0.7435376695292357,0.7389649,0.7928571428571428,0,0,5,0.3333333333333333,0.88,0,1,1,0.89895767
divya kannan,d kannan,1,divya kannan,d kannan,divya kannan,d kannan,0.6628918314380801,0.764423,0.825,0,0,4,0.3333333333333333,0.86,0,1,1,0.89895767
prabhu nagarajan,nagarajan p,1,prabhu nagarajan,nagarajan p,prabhu nagarajan,nagarajan p,0.7308069739190489,0.84512615,0.7113636363636364,0,0,9,0.3333333333333333,0.9,0,1,1,0.89895767
mohamed rafi,r mohammed rafic,1,mohamed rafi,r mohammed rafic,mohamed rafi,r mohammed rafic,0.6039143529858043,0.828128,0.8055555555555555,0,0,4,0.0,0.86,0,0,1,0.8554133
deena dayalan,s dheena dayaalan,1,deena dayalan,s dheena dayaalan,deena dayalan,s dheena dayaalan,0.5434415411259104,0.5977901,0.8446455505279035,0,0,4,0.0,0.87,1,0,1,0.84505785
siva rajan,s rajan,1,siva rajan,s rajan,siva rajan,s rajan,0.6366839057575876,0.7620102,0.8242857142857142,0,0,3,0.3333333333333333,0.83,0,1,1,0.89895767
santhanam jambunathan,s jambunathan,1,santhanam jambunathan,s jambunathan,santhanam jambunathan,s jambunathan,0.8299444017789702,0.7610359,0.7472527472527473,0,0,8,0.3333333333333333,0.92,0,1,1,0.89895767
meena swamy,s meena,1,meena swamy,s meena,meena swamy,s meena,0.6546407507374609,0.680006,0.6897546897546897,0,0,8,0.3333333333333333,0.83,1,1,1,0.89895767
sundharavel,k sundaravel,1,s undharavel,k sundaravel,s undharavel,k sundaravel,0.5367015541166225,0.45470908,0.914141414141414,0,0,3,0.0,0.83,0,0,1,0.872112
sugumari pitchai,p sugumari,1,sugumari pitchai,p sugumari,sugumari pitchai,p sugumari,0.64795456116306,0.68040496,0.6726851851851853,0,0,10,0.3333333333333333,0.89,1,1,1,0.89895767
sathyan gunaseelan,s gunaseelan,1,sathyan gunaseelan,s gunaseelan,sathyan gunaseelan,s gunaseelan,0.8082801364797872,0.6615999,0.775,0,0,6,0.3333333333333333,0.91,0,1,1,0.89895767
vinod annamalai,v annamalai,1,vinod annamalai,v annamalai,vinod annamalai,v annamalai,0.796139903634408,0.7714618,0.8927272727272727,0,0,4,0.3333333333333333,0.9,1,1,1,0.89880055
menon vijay kumar,m vijay,1,menon vijay kumar,m vijay,menon vijay kumar,m vijay,0.5064461130853403,0.6642776,0.8235294117647058,0,0,10,0.25,0.83,0,1,1,0.8939444
praveen dhas,d praveen,1,praveen dhas,d praveen,praveen dhas,d praveen,0.7485275618891544,0.6620569,0.7870370370370371,0,0,7,0.3333333333333333,0.88,0,1,1,0.89895767
mena kumar namasivayam,k namasivayam,1,mena kumar namasivayam,k namasivayam,mena kumar namasivayam,k namasivayam,0.821017484397768,0.7713667,0.7097902097902097,0,0,9,0.25,0.92,0,1,1,0.89895767
sreya prakash,s prakash,1,sreya prakash,s prakash,sreya prakash,s prakash,0.6337492203294337,0.7509229,0.8076923076923077,0,0,4,0.3333333333333333,0.88,0,1,1,0.89895767
arthi thangavel,a thangavel,1,arthi thangavel,a thangavel,arthi thangavel,a thangavel,0.8359373455435682,0.5922123,0.8927272727272727,0,0,4,0.3333333333333333,0.9,0,1,1,0.89880055
padmasini,k padmashini,1,padmasini,k padmashini,padmasini,k padmashini,0.673124516147354,0.8248635,0.9166666666666666,0,0,3,0.0,0.86,1,0,1,0.88236624
sudha koka,k sudha,1,sudha koka,k sudha,sudha koka,k sudha,0.5727445162568426,0.7714299,0.6523809523809524,0,0,7,0.3333333333333333,0.83,1,1,1,0.89895767
ramkumar singh,ramkumar s,1,ramkumar singh,ramkumar s,ramkumar singh,ramkumar s,0.8143175677162657,0.7591342,0.9428571428571428,0,1,4,0.3333333333333333,0.89,0,1,1,0.89880055
lakshmi shree,shre lakshme,1,lakshmi shree,shre lakshme,lakshmi shree,shre lakshme,0.6135929121335573,0.28368455,0.7341880341880342,0,0,10,0.0,0.88,0,0,1,0.83672446
jijo francis,j francis,1,jijo francis,j francis,jijo francis,j francis,0.7824395059737335,0.70136946,0.9249999999999999,0,0,3,0.3333333333333333,0.88,0,1,1,0.89880055
syed ibrahim ahmed,a syed ibrahim,1,syed ibrahim ahmed,a syed ibrahim,syed ibrahim ahmed,a syed ibrahim,0.8857625662945572,0.8933884,0.7592592592592592,0,0,8,0.5,0.92,0,1,1,0.89895767
selvam chockalingam,chockalingam s,1,selvam chockalingam,chockalingam s,selvam chockalingam,chockalingam s,0.8403811062482356,0.7655951,0.7170811644495855,0,0,9,0.3333333333333333,0.92,0,1,1,0.89895767
muthu kamal,m kamal,1,muthu kamal,m kamal,muthu kamal,m kamal,0.6234599162010319,0.77894,0.8909090909090909,0,0,4,0.3333333333333333,0.83,0,1,1,0.89880055
anbu elavarasi,elavarasi a,1,anbu elavarasi,elavarasi a,anbu elavarasi,elavarasi a,0.7924199938322054,0.823714,0.8073593073593073,0,0,7,0.3333333333333333,0.9,1,1,1,0.89895767
selvi subramani,s subramani,1,selvi subramani,s subramani,selvi subramani,s subramani,0.7109630424921518,0.6888486,0.7836363636363637,0,0,4,0.3333333333333333,0.9,1,1,1,0.89895767
velmurugan ponnan,p velmurugan,1,velmurugan ponnan,p velmurugan,velmurugan ponnan,p velmurugan,0.80072679919141,0.77924585,0.8071895424836603,0,0,9,0.3333333333333333,0.91,0,1,1,0.89895767
rangasamy,rengasamy,1,rangasamy,rengasamy,rangasamy,rengasamy,0.711237686137503,0.30603123,0.8583333333333333,1,1,1,0.0,0.89,0,0,1,0.8835888
sri priyanka,s priyanka,1,sri priyanka,s priyanka,sri priyanka,s priyanka,0.8563820633406647,0.79679334,0.8900000000000001,0,0,2,0.3333333333333333,0.91,1,1,1,0.89880055
tamil selvan gopal,g tamil selvan,1,tamil selvan gopal,g tamil selvan,tamil selvan gopal,g tamil selvan,0.8383362180402041,0.79951465,0.7297517297517296,0,0,8,0.5,0.92,0,1,1,0.89895767
gobinath raman,gobinath r,1,gobinath raman,gobinath r,gobinath raman,gobinath r,0.884518203421179,0.69779336,0.9428571428571428,0,1,4,0.3333333333333333,0.89,0,1,1,0.89880055
raja paulraj,r paulraj,1,raja paulraj,r paulraj,raja paulraj,r paulraj,0.8969584187921978,0.7811488,0.825,0,0,3,0.3333333333333333,0.88,0,1,1,0.89895767
sonu priyadarshini,s priyadarshini,1,sonu priyadarshini,s priyadarshini,sonu priyadarshini,s priyadarshini,0.8300485330316703,0.7347387,0.9500000000000001,0,0,3,0.3333333333333333,0.93,1,1,1,0.89880055
shivaranjani,sivaranjani l,1,shivaranjan i,sivaranjani l,shivaranjan i,sivaranjani l,0.5939888314339599,0.711919,0.9288461538461538,0,1,3,0.0,0.85,0,0,1,0.88236624
pon saranya,saranya p,1,pon saranya,saranya p,pon saranya,saranya p,0.7398031668954138,0.8695394,0.747053872053872,0,0,6,0.3333333333333333,0.9,1,1,1,0.89895767
pon abinaya,p abinaya,1,pon abinaya,p abinaya,pon abinaya,p abinaya,0.7866067583675748,0.7835238,0.8787878787878789,0,0,2,0.3333333333333333,0.9,1,1,1,0.89880055
anu priyanga,a priyanga,1,anu priyanga,a priyanga,anu priyanga,a priyanga,0.8625468380450219,0.7779522,0.9500000000000001,0,0,2,0.3333333333333333,0.91,1,1,1,0.89880055
thanasekaran pitchiah,p thanasekaran,1,thanasekaran pitchiah,p thanasekaran,thanasekaran pitchiah,p thanasekaran,0.6169993049213447,0.707885,0.8095238095238094,0,0,11,0.3333333333333333,0.92,0,1,1,0.89895767
anandh raja,r anandh,1,anandh raja,r anandh,anandh raja,r anandh,0.8063931994621925,0.79701054,0.7651515151515151,0,0,7,0.3333333333333333,0.86,0,1,1,0.89895767
kamaraj ilayaraja,k ilayaraja,1,kamaraj ilayaraja,k ilayaraja,kamaraj ilayaraja,k ilayaraja,0.8304618368470038,0.8156474,0.7850267379679144,0,0,6,0.3333333333333333,0.9,1,1,1,0.89895767
vidya natarajan,v natarajan,1,vidya natarajan,v natarajan,vidya natarajan,v natarajan,0.7344110162613451,0.7658843,0.8109090909090909,0,0,4,0.3333333333333333,0.9,0,1,1,0.89895767
rajeswar,k rajeswari,1,rajeswar,k rajeswari,rajeswar,k rajeswari,0.8393032583899949,0.7360333,0.9090909090909092,0,0,3,0.0,0.84,0,0,1,0.88236624
kesavan alagu,kesavan a,1,kesavan alagu,kesavan a,kesavan alagu,kesavan a,0.7137318820387935,0.7746824,0.9384615384615385,0,1,4,0.3333333333333333,0.88,0,1,1,0.89880055
jegadeesan,p jagadeesan,1,jegadeesan,p jagadeesan,jegadeesan,p jagadeesan,0.6067434929836786,0.7911961,0.7722222222222221,0,0,3,0.0,0.82,0,0,1,0.86603874
mohan palani,m palani,1,mohan palani,m palani,mohan palani,m palani,0.7548628295277533,0.72403896,0.825,0,0,4,0.3333333333333333,0.86,1,1,1,0.89895767
selvakumar ganesan,g selvakumar,1,selvakumar ganesan,g selvakumar,selvakumar ganesan,g selvakumar,0.7543538270715098,0.7443435,0.7962962962962963,0,0,10,0.3333333333333333,0.91,0,1,1,0.89895767
parthasaarathi,k r parthasarathi,1,parthasaarathi,k r parthasarathi,parthasaarathi,k r parthasarathi,0.7181448505513559,0.70445895,0.795195001077354,0,0,5,0.0,0.84,1,0,1,0.84833217
suresh ganesamoorthy,s r ganeshamoorthy,1,suresh ganesamoorthy,s r ganeshamoorthy,suresh ganesamoorthy,s r ganeshamoorthy,0.6957372795474208,0.5606144,0.8677450980392156,0,0,5,0.0,0.84,0,0,1,0.8622457
umadevi nanthi,n umadevi,1,umadevi nanthi,n umadevi,umadevi nanthi,n umadevi,0.7963717196036166,0.78217196,0.6534391534391534,0,0,9,0.3333333333333333,0.88,1,1,1,0.89895767
yoganandh manickam,yoganandh m,1,yoganandh manickam,yoganandh m,yoganandh manickam,yoganandh m,0.7153344798191227,0.79569227,0.9222222222222222,0,1,7,0.3333333333333333,0.9,0,1,1,0.89880055
manohar reddy,r manohar,1,manohar reddy,r manohar,manohar reddy,r manohar,0.7449926202101561,0.67955875,0.772079772079772,0,0,8,0.3333333333333333,0.88,0,1,1,0.89895767
vijay sadasivam,v sadasivam,1,vijay sadasivam,v sadasivam,vijay sadasivam,v sadasivam,0.8374362529851721,0.6647767,0.8109090909090909,0,0,4,0.3333333333333333,0.9,0,1,1,0.89895767
babu muthusamy,b muthusaamy,1,babu muthusamy,b muthusaamy,babu muthusamy,b muthusaamy,0.6082493152185225,0.6370413,0.8288961038961039,0,0,4,0.0,0.85,0,0,1,0.8527823
sethuraman kanniah,k sethuraman,1,sethuraman kanniah,k sethuraman,sethuraman kanniah,k sethuraman,0.7167211953322256,0.8438239,0.7962962962962963,0,0,10,0.3333333333333333,0.91,0,1,1,0.89895767
deepab prakash narayanan,n deepab prakash,1,deepab prakash narayanan,n deepab prakash,deepab prakash narayanan,n deepab prakash,0.8056229151422927,0.84931344,0.6986111111111111,0,0,12,0.5,0.93,0,1,1,0.89895767
gunasekaran palani,p gunasekaran,1,gunasekaran palani,p gunasekaran,gunasekaran palani,p gunasekaran,0.8187600755209229,0.84983027,0.8190883190883191,0,0,9,0.3333333333333333,0.92,0,1,1,0.89895767
rakhi veeraraghavan,r veeraragavan,1,rakhi veeraraghavan,r veeraragavan,rakhi veeraraghavan,r veeraragavan,0.629796527871415,0.5337889,0.8139097744360902,0,0,5,0.0,0.85,0,0,1,0.84685117
john edmund benny,john e benny,1,john edmund benny,john e benny,john edmund benny,john e benny,0.7183374033464727,0.81219035,0.9078431372549021,0,0,5,0.5,0.91,0,1,1,0.89880055
amutha rajeswari pandi,p amutha rajeswari,1,amutha rajeswari pandi,p amutha rajeswari,amutha rajeswari pandi,p amutha rajeswari,0.8682848582818464,0.83683205,0.7488611606258665,0,0,8,0.5,0.94,1,1,1,0.89895767
bharath ram,r bharath,1,bharath ram,r bharath,bharath ram,r bharath,0.8482138514891964,0.71935254,0.7053872053872053,0,0,6,0.3333333333333333,0.9,0,1,1,0.89895767
ram prabhu,r prabhu,1,ram prabhu,r prabhu,ram prabhu,r prabhu,0.8674472758293794,0.7554639,0.865,0,0,2,0.3333333333333333,0.89,0,1,1,0.89880055
tripthi sugumar,t sugumar,1,tripthi sugumar,t sugumar,tripthi sugumar,t sugumar,0.6614917640346948,0.719885,0.88,0,0,6,0.3333333333333333,0.88,0,1,1,0.89880055
kanmani mani,m kanmani,1,kanmani mani,m kanmani,kanmani mani,m kanmani,0.9149391632783712,0.80274725,0.6851851851851851,0,0,6,0.3333333333333333,0.88,1,1,1,0.89895767
saroja muthu,m saroja,1,saroja muthu,m saroja,saroja muthu,m saroja,0.7423124391875309,0.7787632,0.6765873015873017,0,0,8,0.3333333333333333,0.86,1,1,1,0.89895767
shridharan perumal,p shridharan,1,shridharan perumal,p shridharan,shridharan perumal,p shridharan,0.6650457990855629,0.8144773,0.7962962962962963,0,0,10,0.3333333333333333,0.91,0,1,1,0.89895767
nirmal kumar balan,b nirmal,1,nirmal kumar balan,b nirmal,nirmal kumar balan,b nirmal,0.7127987665389539,0.63772804,0.6117724867724867,0,0,14,0.25,0.86,0,1,1,0.89895767
sri harshitha,harshitha s,1,sri harshitha,harshitha s,sri harshitha,harshitha s,0.864546787427589,0.86422676,0.7261072261072261,0,0,6,0.3333333333333333,0.92,1,1,1,0.89895767
ilavendiran,ilavendran s,1,ilavendira n,ilavendran s,ilavendira n,ilavendran s,0.6814010218112385,0.68576294,0.9484848484848484,0,1,3,0.0,0.83,0,0,1,0.881361
kamal bharathi,k bharathi,1,kamal bharathi,k bharathi,kamal bharathi,k bharathi,0.7372983653503835,0.7882997,0.8242857142857144,0,0,4,0.3333333333333333,0.89,1,1,1,0.89895767
prem kumar kuduva gurumoorthy,k p gurumoorthy,1,prem kumar kuduva gurumoorthy,k p gurumoorthy,prem kumar kuduva gurumoorthy,k p gurumoorthy,0.6725198907684076,0.71090794,0.5371647509578544,0,0,15,0.16666666666666666,0.85,0,1,1,0.8983663
shunmugapriya,k shanmugapriya,1,shunmugapriya,k shanmugapriya,shunmugapriya,k shanmugapriya,0.7093886311015893,0.68383646,0.7965811965811965,0,0,3,0.0,0.86,1,0,1,0.86491543
parthiban muthu,m parthiban,1,parthiban muthu,m parthiban,parthiban muthu,m parthiban,0.796507644097927,0.7673857,0.806060606060606,0,0,8,0.3333333333333333,0.9,0,1,1,0.89895767
raja mahalingam,r mahalingam,1,raja mahalingam,r mahalingam,raja mahalingam,r mahalingam,0.88729810187248,0.784998,0.8400000000000001,0,0,3,0.3333333333333333,0.91,0,1,1,0.89895767
kasi rajan selvaraj,s kasi rajan,1,kasi rajan selvaraj,s kasi rajan,kasi rajan selvaraj,s kasi rajan,0.6911777206600129,0.84758306,0.7383040935672515,0,0,11,0.5,0.91,1,1,1,0.89895767
kaliammal alias meera dhandapani,d kaliammal meera,1,kaliammal alias meera dhandapani,d kaliammal meera,kaliammal alias meera dhandapani,d kaliammal meera,0.7505471092691832,0.6958958,0.6678921568627452,0,0,19,0.4,0.94,1,1,1,0.89895767
vivek mohan,v mohan,1,vivek mohan,v mohan,vivek mohan,v mohan,0.5774350267014711,0.7819485,0.8909090909090909,0,0,4,0.3333333333333333,0.83,0,1,1,0.89880055
vijaya prabha,s vijay prabhu,1,vijaya prabha,s vijay prabhu,vijaya prabha,s vijay prabhu,0.6444672352537423,0.8686186,0.7560772560772561,0,0,4,0.0,0.81,0,0,1,0.8554133
surya natarajan,s natarajan,1,surya natarajan,s natarajan,surya natarajan,s natarajan,0.7574643285374569,0.76021546,0.8381818181818183,0,0,4,0.3333333333333333,0.9,0,1,1,0.89895767
althab begum,b althab,1,althab begum,b althab,althab begum,b althab,0.7116088748613324,0.81404805,0.7638888888888888,0,0,8,0.3333333333333333,0.86,0,1,1,0.89895767
nalini victor,v nalini,1,nalini victor,v nalini,nalini victor,v nalini,0.546171066542639,0.6552597,0.6616300366300366,0,0,9,0.3333333333333333,0.86,1,1,1,0.8944135
balasubramanian kabli,k balasubramanian,1,balasubramanian kabli,k balasubramanian,balasubramanian kabli,k balasubramanian,0.7604854156202903,0.87779105,0.865546218487395,0,0,8,0.3333333333333333,0.94,0,1,1,0.89880055
mohan palaniappan,m palaniappan,1,mohan palaniappan,m palaniappan,mohan palaniappan,m palaniappan,0.8866796743456137,0.77099544,0.814027149321267,0,0,4,0.3333333333333333,0.92,0,1,1,0.89895767
vinod gunasekaran,v gunasekaran,1,vinod gunasekaran,v gunasekaran,vinod gunasekaran,v gunasekaran,0.8053291984967503,0.80889344,0.7909502262443439,0,0,4,0.3333333333333333,0.92,0,1,1,0.89895767
ramu palaniappan,r palaniappan,1,ramu palaniappan,r palaniappan,ramu palaniappan,r palaniappan,0.8559301715566584,0.75250816,0.8283653846153847,0,0,3,0.3333333333333333,0.92,0,1,1,0.89895767
bhargav,k bhargavi,1,bhargav,k bhargavi,bhargav,k bhargavi,0.7499773677179127,0.7854914,0.9,0,0,3,0.0,0.82,0,0,1,0.88236207
theivendran velusamy,v theivendran,1,theivendran velusamy,v theivendran,theivendran velusamy,v theivendran,0.7411040100582836,0.5588409,0.6743589743589743,0,0,11,0.3333333333333333,0.92,0,1,1,0.89895767
jegen kandasamy,j kandasamy,1,jegen kandasamy,j kandasamy,jegen kandasamy,j kandasamy,0.6665357485988066,0.83369267,0.8654545454545455,0,0,4,0.3333333333333333,0.9,0,1,1,0.89880055
annadurai perumal,p annadurai,1,annadurai perumal,p annadurai,annadurai perumal,p annadurai,0.7272995038267847,0.8255765,0.7825311942959002,0,0,10,0.3333333333333333,0.9,1,1,1,0.89895767
shyam balasubramanian,balasubramanian s,1,shyam balasubramanian,balasubramanian s,shyam balasubramanian,balasubramanian s,0.8545824958519664,0.7859497,0.7551937441643325,0,0,8,0.3333333333333333,0.94,0,1,1,0.89895767
deepan raja manickam,d raja manickam,1,deepan raja manickam,d raja manickam,deepan raja manickam,d raja manickam,0.8304797746416811,0.82228386,0.8049999999999999,0,0,5,0.5,0.93,1,1,1,0.89895767
ganesh kothandaraman,g kothandaraman,1,ganesh kothandaraman,g kothandaraman,ganesh kothandaraman,g kothandaraman,0.8247515833977089,0.7994808,0.8049999999999999,0,0,5,0.3333333333333333,0.93,0,1,1,0.89895767
muthualagupandian,muthualagu pandian m,1,muthualagupandian,muthualagu pandian m,muthualagupandian,muthualagu pandian m,0.8484621741448315,0.58854604,0.9700000000000001,0,1,3,0.0,0.92,0,0,1,0.881361
kumaresan srisuku,s kumaresan,1,kumaresan srisuku,s kumaresan,kumaresan srisuku,s kumaresan,0.6115107859810678,0.76480734,0.6657754010695187,0,0,10,0.3333333333333333,0.9,0,1,1,0.89895767
nisha saral,s nisha,1,nisha saral,s nisha,nisha saral,s nisha,0.6438121344031065,0.765689,0.735930735930736,0,0,8,0.3333333333333333,0.83,1,1,1,0.89895767
murugadoss emarajan,murugadoss e,1,murugadoss emarajan,murugadoss e,murugadoss emarajan,murugadoss e,0.8048290063138449,0.8523427,0.9263157894736842,0,1,7,0.3333333333333333,0.91,0,1,1,0.89880055
kanagavelrajan natarajan,n kanagavelrajan,1,kanagavelrajan natarajan,n kanagavelrajan,kanagavelrajan natarajan,n kanagavelrajan,0.8755370017580849,0.81740546,0.6986111111111111,0,0,12,0.3333333333333333,0.93,0,1,1,0.89895767
rajaan geetha,g rajaan,1,rajaan geetha,g rajaan,rajaan geetha,g rajaan,0.7098120209339084,0.76800185,0.6616300366300366,0,0,9,0.3333333333333333,0.86,0,1,1,0.89895767
vijoo anto prabhu manoharan,m vijoo anto prabhu,1,vijoo anto prabhu manoharan,m vijoo anto prabhu,vijoo anto prabhu manoharan,m vijoo anto prabhu,0.8545190648164468,0.8814418,0.723196881091618,0,0,12,0.6,0.94,0,1,1,0.89895767
neerathalingam ponniah thaimalai,p t neerathalingam,1,neerathalingam ponniah thaimalai,p t neerathalingam,neerathalingam ponniah thaimalai,p t neerathalingam,0.625692165742246,0.70749736,0.6683687363834423,0,0,22,0.2,0.88,0,1,1,0.8983663
kalaiselvi kagambu,kalaiselvi k,1,kalaiselvi kagambu,kalaiselvi k,kalaiselvi kagambu,kalaiselvi k,0.7375971316483757,0.8617485,0.9333333333333333,0,1,6,0.3333333333333333,0.91,1,1,1,0.89880055
murali palani,p murali,1,murali palani,p murali,murali palani,p murali,0.7306621658160825,0.7945374,0.6616300366300366,0,0,9,0.3333333333333333,0.86,1,1,1,0.89895767
siva govindan,s govindan,1,siva govindan,s govindan,siva govindan,s govindan,0.8224946735311176,0.74584305,0.8107692307692307,0,0,3,0.3333333333333333,0.89,0,1,1,0.89895767
rajesh jasti,j rajesh,1,rajesh jasti,j rajesh,rajesh jasti,j rajesh,0.5641935815072229,0.878288,0.7222222222222222,0,0,8,0.3333333333333333,0.86,0,1,1,0.89895767
dhanarathinam sargunar,s dhanarathinam,1,dhanarathinam sargunar,s dhanarathinam,dhanarathinam sargunar,s dhanarathinam,0.7208174315757799,0.76676023,0.8191919191919191,0,0,11,0.3333333333333333,0.93,0,1,1,0.89895767
pandi arumugam,p arumugam,1,pandi arumugam,p arumugam,pandi arumugam,p arumugam,0.8236223460261467,0.72220194,0.7942857142857143,0,0,4,0.3333333333333333,0.89,0,1,1,0.89895767
pooja jeyakumar,p jeyakumar,1,pooja jeyakumar,p jeyakumar,pooja jeyakumar,p jeyakumar,0.7372536473802745,0.8075167,0.8109090909090909,0,0,4,0.3333333333333333,0.9,0,1,1,0.89895767
satya subramaniam,s subramaniam,1,satya subramaniam,s subramaniam,satya subramaniam,s subramaniam,0.8109016207480425,0.65388083,0.814027149321267,0,0,4,0.3333333333333333,0.92,0,1,1,0.89895767
ramachandran velu,v ramachandran,1,ramachandran velu,v ramachandran,ramachandran velu,v ramachandran,0.7625479158673042,0.7903365,0.8543417366946778,0,0,7,0.3333333333333333,0.92,0,1,1,0.8988725
rao lakshmi,r lakshmi,1,rao lakshmi,r lakshmi,rao lakshmi,r lakshmi,0.8489461733998261,0.8316432,0.9121212121212121,1,1,2,0.3333333333333333,0.9,1,1,1,0.89880055
sathish devarajan,s devarajan,1,sathish devarajan,s devarajan,sathish devarajan,s devarajan,0.7535156839019984,0.7653494,0.7850267379679144,0,0,6,0.3333333333333333,0.9,0,1,1,0.89895767
yasmin barveen kattiyam ameer john,k a yasmin barveen,1,yasmin barveen kattiyam ameer john,k a yasmin barveen,yasmin barveen kattiyam ameer john,k a yasmin barveen,0.662344280601449,0.69076896,0.676470588235294,0,0,24,0.2857142857142857,0.88,0,1,1,0.89895767
paramasivan,m paramasivam,1,paramasivan,m paramasivam,paramasivan,m paramasivam,0.7805666924372141,0.8235843,0.8261072261072261,0,0,3,0.0,0.83,0,0,1,0.86603874
pothiraj,s pothiraju,1,pothiraj,s pothiraju,pothiraj,s pothiraju,0.8322684460911028,0.826803,0.9090909090909092,0,0,3,0.0,0.84,0,0,1,0.88236624
sri krishna sai,sai krishna s,1,sri krishna sai,sai krishna s,sri krishna sai,sai krishna s,0.8672656153612122,0.89257634,0.866923076923077,0,0,3,0.5,0.93,1,1,1,0.89880055
ananthanarayanan,anantanarayanan k,1,ananthanarayana n,anantanarayanan k,ananthanarayana n,anantanarayanan k,0.7412303472263047,0.6048647,0.9639705882352941,0,1,3,0.0,0.88,0,0,1,0.881361
raja ganesan,ganesan r,1,raja ganesan,ganesan r,raja ganesan,ganesan r,0.8390414498141943,0.7719468,0.7268518518518517,0,0,7,0.3333333333333333,0.88,0,1,1,0.89895767
asha hariharan,hariharan a,1,asha hariharan,hariharan a,asha hariharan,hariharan a,0.8843875196358779,0.7498338,0.8073593073593073,0,0,7,0.3333333333333333,0.9,0,1,1,0.89895767
muthupandi kayambu,k muthupandi,1,muthupandi kayambu,k muthupandi,muthupandi kayambu,k muthupandi,0.715442856676336,0.793961,0.7962962962962963,0,0,10,0.3333333333333333,0.91,1,1,1,0.89895767
saravanan jothi,j saravanan,1,saravanan jothi,j saravanan,saravanan jothi,j saravanan,0.6921524488688116,0.7743579,0.806060606060606,0,0,8,0.3333333333333333,0.9,0,1,1,0.89895767
padmanabhan ragu,r padmanabhan,1,padmanabhan ragu,r padmanabhan,padmanabhan ragu,r padmanabhan,0.8145036761766975,0.79961365,0.844551282051282,0,0,7,0.3333333333333333,0.92,0,1,1,0.8989275
kumaran pari,p kumaran,1,kumaran pari,p kumaran,kumaran pari,p kumaran,0.7102752120931309,0.7918954,0.7870370370370371,0,0,7,0.3333333333333333,0.88,0,1,1,0.89895767
siva sankari,shiva shankari,1,siva sankari,shiva shankari,siva sankari,shiva shankari,0.600754680666965,0.47238404,0.9571428571428572,0,1,2,0.0,0.92,1,0,1,0.88466895
padma narayanan,p narayanan,1,padma narayanan,p narayanan,padma narayanan,p narayanan,0.7226056838021189,0.7526231,0.8381818181818183,0,0,4,0.3333333333333333,0.9,0,1,1,0.89895767
gomathi raman,r gomathi,1,gomathi raman,r gomathi,gomathi raman,r gomathi,0.8664785422139628,0.7211603,0.772079772079772,0,0,8,0.3333333333333333,0.88,1,1,1,0.89895767
edwin emperor cyril raj,c edwin emperor,1,edwin emperor cyril raj,c edwin emperor,edwin emperor cyril raj,c edwin emperor,0.8040777262398794,0.79937387,0.6806763285024156,0,0,12,0.4,0.93,0,1,1,0.89895767
ezhilarasu kaniraj,k ezhilarasu,1,ezhilarasu kaniraj,k ezhilarasu,ezhilarasu kaniraj,k ezhilarasu,0.828526133186165,0.8437792,0.7962962962962963,0,0,10,0.3333333333333333,0.91,0,1,1,0.89895767
edwards ruban devaraj,d edwards ruban,1,edwards ruban devaraj,d edwards ruban,edwards ruban devaraj,d edwards ruban,0.8741719516692547,0.8209417,0.7492063492063492,0,0,10,0.5,0.93,0,1,1,0.89895767
johan britto john,j john britto,1,johan britto john,j john britto,johan britto john,j john britto,0.8934354252037939,0.8304429,0.7636877828054299,0,0,8,0.5,0.92,0,1,1,0.89895767
jayakumar mohan thankiah,t jayakumar mohan,1,jayakumar mohan thankiah,t jayakumar mohan,jayakumar mohan thankiah,t jayakumar mohan,0.6947462545607643,0.816301,0.7026143790849674,0,0,11,0.5,0.94,0,1,1,0.89895767
mathivanan vadivel,v mathivanan,1,mathivanan vadivel,v mathivanan,mathivanan vadivel,v mathivanan,0.6813140423207745,0.8296649,0.6910774410774411,0,0,10,0.3333333333333333,0.91,0,1,1,0.89895767
arivazhakan,r arivazhagan,1,arivazhakan,r arivazhagan,arivazhakan,r arivazhagan,0.7138749795621117,0.864722,0.8594405594405594,0,0,3,0.0,0.83,0,0,1,0.88126737
vivek subbiah,subbiah v,1,vivek subbiah,subbiah v,vivek subbiah,subbiah v,0.7870583985409322,0.7222889,0.4102564102564103,0,0,8,0.3333333333333333,0.88,0,1,1,0.89895767
kowry arunachalam,k arunachalam,1,kowry arunachalam,k arunachalam,kowry arunachalam,k arunachalam,0.6987513224319025,0.8732009,0.9063348416289593,0,0,4,0.3333333333333333,0.92,0,1,1,0.89880055
boominathan ramaiah,r boominathan,1,boominathan ramaiah,r boominathan,boominathan ramaiah,r boominathan,0.8010537376116885,0.73314536,0.8083670715249663,0,0,10,0.3333333333333333,0.92,0,1,1,0.89895767
ram madhan,r madhan,1,ram madhan,r madhan,ram madhan,r madhan,0.8243417004536361,0.79095054,0.865,0,0,2,0.3333333333333333,0.89,0,1,1,0.89880055
santhakumar,s santhakumari,1,santhakumar,s santhakumari,santhakumar,s santhakumari,0.8659078008107295,0.7976979,0.9357142857142856,0,0,3,0.0,0.88,0,0,1,0.88236624
ramya menon,ramya m,1,ramya menon,ramya m,ramya menon,ramya m,0.5822057262731996,0.7030909,0.9272727272727272,0,0,4,0.3333333333333333,0.83,1,1,1,0.89880055
bina goopinath,b gopinath,1,bina goopinath,b gopinath,bina goopinath,b gopinath,0.5949314281820455,0.5990734,0.8242857142857144,0,0,4,0.0,0.83,0,0,1,0.8527823
murali jothi,j murali,1,murali jothi,j murali,murali jothi,j murali,0.6770991800483261,0.77780193,0.6765873015873017,0,0,8,0.3333333333333333,0.86,1,1,1,0.89895767
chinma jayaprakash,c jayaprakash,1,chinma jayaprakash,c jayaprakash,chinma jayaprakash,c jayaprakash,0.7204060673017478,0.79010403,0.8012820512820513,0,0,5,0.3333333333333333,0.92,0,1,1,0.89895767
danesh,d ganesh,1,danesh,d ganesh,danesh,d ganesh,0.5339883560410743,0.33061898,0.9249999999999999,0,0,2,0.0,0.86,0,0,1,0.86172086
damodaran parivallal,d parivallal,1,damodaran parivallal,d parivallal,damodaran parivallal,d parivallal,0.7268803016181934,0.6496753,0.78,0,0,8,0.3333333333333333,0.91,0,1,1,0.89895767
sudha vasudevan,s vasudevan,1,sudha vasudevan,s vasudevan,sudha vasudevan,s vasudevan,0.8667420709496849,0.7689925,0.8109090909090909,0,0,4,0.3333333333333333,0.9,0,1,1,0.89895767
udayakuamar kumar,k udayakumar,1,udayakuamar kumar,k udayakumar,udayakuamar kumar,k udayakumar,0.6998154811891132,0.7488531,0.7030600118835414,0,0,9,0.0,0.83,0,0,1,0.8372107
chidambaram muthu,m chidambaram,1,chidambaram muthu,m chidambaram,chidambaram muthu,m chidambaram,0.8319940430272522,0.81233436,0.737430869783811,0,0,8,0.3333333333333333,0.92,0,1,1,0.89895767
dhonan nanjan,n dhonan,1,dhonan nanjan,n dhonan,dhonan nanjan,n dhonan,0.8149693854521041,0.7831441,0.7467948717948718,0,0,9,0.3333333333333333,0.86,0,1,1,0.89895767
thirugana sambandam mohan,thirugnana sambhandam,1,thirugana sambandam mohan,thirugnana sambhandam,thirugana sambandam mohan,thirugnana sambhandam,0.5904131211353313,0.7185644,0.9013333333333333,0,1,8,0.0,0.83,1,0,1,0.8641275
sridhar babu,b sridhar,1,sridhar babu,b sridhar,sridhar babu,b sridhar,0.7423702385183965,0.8317734,0.7870370370370371,0,0,7,0.3333333333333333,0.88,0,1,1,0.89895767
gomathi chitra,c gomathi,1,gomathi chitra,c gomathi,gomathi chitra,c gomathi,0.7507603465288527,0.73013544,0.6534391534391534,0,0,9,0.3333333333333333,0.88,1,1,1,0.89895767
purusothaman santham,purusothaman s,1,purusothaman santham,purusothaman s,purusothaman santham,purusothaman s,0.8801266205675217,0.75343776,0.9400000000000001,0,1,6,0.3333333333333333,0.92,0,1,1,0.89880055
sujay ganesan,s ganesan,1,sujay ganesan,s ganesan,sujay ganesan,s ganesan,0.724760860455118,0.78312814,0.8076923076923077,0,0,4,0.3333333333333333,0.88,0,1,1,0.89895767
sowmya ravikumar,s ravikumar,1,sowmya ravikumar,s ravikumar,sowmya ravikumar,s ravikumar,0.6521073821015971,0.77922034,0.7971590909090909,0,0,5,0.3333333333333333,0.9,0,1,1,0.89895767
ashok meena,m ashok,1,ashok meena,m ashok,ashok meena,m ashok,0.6889601670127916,0.83492506,0.6341991341991342,0,0,8,0.3333333333333333,0.83,0,1,1,0.89895767
venkates,r venkatesu,1,venkates,r venkatesu,venkates,r venkatesu,0.6749552291515467,0.7917772,0.9090909090909092,0,0,3,0.0,0.84,0,0,1,0.88236624
suseela rumugam,r suseela,1,suseela rumugam,r suseela,suseela rumugam,r suseela,0.6970010107924791,0.5650693,0.6824074074074074,0,0,10,0.3333333333333333,0.88,1,1,1,0.89895767
vasanthkumar,s vasanthakumar,1,vasanthkumar,s vasanthakumar,vasanthkumar,s vasanthakumar,0.5960351212674642,0.62106615,0.85,0,0,3,0.0,0.89,0,0,1,0.8740545
deepak mohan,m deepak,1,deepak mohan,m deepak,deepak mohan,m deepak,0.7764446660558387,0.67296743,0.6765873015873017,0,0,8,0.3333333333333333,0.86,0,1,1,0.89895767
anand chandrasekaran,a chandrasekaran,1,anand chandrasekaran,a chandrasekaran,anand chandrasekaran,a chandrasekaran,0.873288422807879,0.81758153,0.80875,0,0,4,0.3333333333333333,0.93,0,1,1,0.89895767
venkadesan,s vengadesan,1,venkadesan,s vengadesan,venkadesan,s vengadesan,0.5564547382264702,0.8041665,0.8833333333333333,0,0,3,0.0,0.82,0,0,1,0.87080705
swati nethaji,s nethaji,1,swati nethaji,s nethaji,swati nethaji,s nethaji,0.8132185389203146,0.7077802,0.7743589743589744,0,0,4,0.3333333333333333,0.88,1,1,1,0.89895767
jeevanandham,p jeevanandam,1,j eevanandham,p jeevanandam,j eevanandham,p jeevanandam,0.525862399922125,0.5059445,0.9209401709401709,0,0,3,0.0,0.85,0,0,1,0.8709337
dhineshkumar,dineshkumar dr,1,dhineshkumar,dineshkumar,dhineshkumar,dineshkumar,0.742960112175539,0.7646847,0.9204545454545455,0,1,1,0.0,0.96,0,0,1,0.85876656
elantamilan,elanthamilan dr,1,elantamilan,elanthamilan,elantamilan,elanthamilan,0.7750458901900807,0.5769175,0.9833333333333333,0,1,1,0.0,0.96,0,0,1,0.85573906
karunya,r kaarunya,1,karunya,r kaarunya,karunya,r kaarunya,0.6645031445410312,0.6849762,0.7571428571428571,0,0,3,0.0,0.82,1,0,1,0.86491543
radha nandakumar,r nandakumar,1,radha nandakumar,r nandakumar,radha nandakumar,r nandakumar,0.804673351431058,0.6782904,0.825,0,0,4,0.3333333333333333,0.91,0,1,1,0.89895767
raja swaminathan,r saminathan,1,raja swaminathan,r saminathan,raja swaminathan,r saminathan,0.6406083042518872,0.5967802,0.8,0,0,4,0.0,0.86,0,0,1,0.8527823
shiny latha,s latha,1,shiny latha,s latha,shiny latha,s latha,0.6070997159365044,0.61183107,0.8051948051948052,0,0,4,0.3333333333333333,0.83,1,1,1,0.89895767
sundaravel vadivelu,v sundaravel,1,sundaravel vadivelu,v sundaravel,sundaravel vadivelu,v sundaravel,0.6857824813285253,0.8531879,0.6803561935140882,0,0,11,0.3333333333333333,0.91,0,1,1,0.89895767
alli kumaravelu,a kumaravel,1,alli kumaravelu,a kumaravel,alli kumaravelu,a kumaravel,0.5861022786258762,0.58389497,0.9199999999999999,0,0,4,0.0,0.85,0,0,1,0.8688796
arthe priyah ramkumar,r arthe priyah,1,arthe priyah ramkumar,r arthe priyah,arthe priyah ramkumar,r arthe priyah,0.8113592726802721,0.8138747,0.7222222222222222,0,0,11,0.5,0.92,0,1,1,0.89895767
selvakalangiyam,m k selvakalanjiyam,1,selvakalangiyam,m k selvakalanjiyam,selvakalangiyam,m k selvakalanjiyam,0.6819101109688097,0.8124022,0.8186299081035923,0,0,5,0.0,0.82,0,0,1,0.84956944
devi preethi,d preethi,1,devi preethi,d preethi,devi preethi,d preethi,0.7744318205624677,0.70843685,0.7916666666666666,0,0,3,0.3333333333333333,0.88,1,1,1,0.89895767
kannam periyasamy,k periyasamy,1,kannam periyasamy,k periyasamy,kannam periyasamy,k periyasamy,0.8215269452838256,0.78607804,0.786764705882353,0,0,5,0.3333333333333333,0.91,0,1,1,0.89895767
prabhu aloy,prabhu a,1,prabhu aloy,prabhu a,prabhu aloy,prabhu a,0.6418513426977075,0.80210125,0.9454545454545455,0,0,3,0.3333333333333333,0.86,0,1,1,0.89880055
subha arunachalam,s arunachalam,1,subha arunachalam,s arunachalam,subha arunachalam,s arunachalam,0.8504728324133165,0.7730844,0.814027149321267,0,0,4,0.3333333333333333,0.92,0,1,1,0.89895767
niraimathi,s niraimadhi,1,niraimathi,s niraimadhi,niraimathi,s niraimadhi,0.7025355649966109,0.8488898,0.8833333333333333,0,0,3,0.0,0.82,1,0,1,0.88126737
gobi kannan,g kannan,1,gobi kannan,g kannan,gobi kannan,g kannan,0.6252227796293749,0.70047885,0.9181818181818182,0,0,3,0.3333333333333333,0.86,0,1,1,0.89880055
jothi natarajan,j natarajan,1,jothi natarajan,j natarajan,jothi natarajan,j natarajan,0.7115492740070579,0.8484583,0.8654545454545455,0,0,4,0.3333333333333333,0.9,0,1,1,0.89880055
dharmalingam kuppan,k dharmalingam,1,dharmalingam kuppan,k dharmalingam,dharmalingam kuppan,k dharmalingam,0.7507001427934765,0.86454034,0.8295739348370926,0,0,9,0.3333333333333333,0.92,0,1,1,0.89895767
arun kumar vasudevan,k vasudevan,1,arun kumar vasudevan,k vasudevan,arun kumar vasudevan,k vasudevan,0.8044615527430626,0.6864444,0.6984848484848486,0,0,9,0.25,0.9,0,1,1,0.89895767
santhana lakshmi mani,m santhana lakshmi,1,santhana lakshmi mani,m santhana lakshmi,santhana lakshmi mani,m santhana lakshmi,0.9177448806685136,0.8836455,0.7611266728913787,0,0,7,0.5,0.94,1,1,1,0.89895767
raji natarajan,r natarajan,1,raji natarajan,r natarajan,raji natarajan,r natarajan,0.8370403484180302,0.79935783,0.8538961038961039,0,0,3,0.3333333333333333,0.9,0,1,1,0.8988725
navarthinamani rajapam,r navarathinamani,1,navarthinamani rajapam,r navarathinamani,navarthinamani rajapam,r navarathinamani,0.6543333074743299,0.75055873,0.7436497326203209,0,0,11,0.0,0.82,1,0,1,0.8372107
rangarajan ragou,rangarajan r,1,rangarajan ragou,rangarajan r,rangarajan ragou,rangarajan r,0.7031295714790331,0.7791841,0.95,0,1,4,0.3333333333333333,0.91,0,1,1,0.89880055
nanjappa chetty govinda rajan,g nanjappa chetty,1,nanjappa chetty govinda rajan,g nanjappa chetty,nanjappa chetty govinda rajan,g nanjappa chetty,0.7806850719112576,0.7247357,0.6851335361730899,0,0,16,0.4,0.94,1,1,1,0.89895767
mukesh dhanasekaran,m dhanasekaran,1,mukesh dhanasekaran,m dhanasekaran,mukesh dhanasekaran,m dhanasekaran,0.7663081940503137,0.83413696,0.8353383458646617,0,0,5,0.3333333333333333,0.92,0,1,1,0.89895767
rennu sukumar,r sukumar,1,rennu sukumar,r sukumar,rennu sukumar,r sukumar,0.6254723801240563,0.8260265,0.841025641025641,0,0,4,0.3333333333333333,0.88,0,1,1,0.89895767
poorani ravichandran,ravichandran p,1,poorani ravichandran,ravichandran p,poorani ravichandran,ravichandran p,0.7505727329527396,0.8404967,0.7826007326007326,0,0,10,0.3333333333333333,0.92,0,1,1,0.89895767
siddarth rangabashyam,s rangabashyam,1,siddarth rangabashyam,s rangabashyam,siddarth rangabashyam,s rangabashyam,0.7693658501339878,0.7659731,0.7928571428571428,0,0,7,0.3333333333333333,0.92,0,1,1,0.89895767
guru prakash,g prakash,1,guru prakash,g prakash,guru prakash,g prakash,0.679767962609483,0.82160556,0.8916666666666667,0,0,3,0.3333333333333333,0.88,0,1,1,0.89880055
sudha priya,p sudha,1,sudha priya,p sudha,sudha priya,p sudha,0.6790245502222504,0.6839969,0.6341991341991342,0,0,8,0.3333333333333333,0.83,1,1,1,0.89895767
subha ramani,s ramani,1,subha ramani,s ramani,subha ramani,s ramani,0.6456419649299123,0.72476685,0.825,0,0,4,0.3333333333333333,0.86,1,1,1,0.89895767
kannan varadarajan,k varadharajan,1,kannan varadarajan,k varadharajan,kannan varadarajan,k varadharajan,0.5897409645108314,0.6890787,0.7567765567765566,0,0,6,0.0,0.81,0,0,1,0.84833217
sridevi abboy,a sridevi,1,sridevi abboy,a sridevi,sridevi abboy,a sridevi,0.6594759870274977,0.7955612,0.772079772079772,0,0,8,0.3333333333333333,0.88,1,1,1,0.89895767
varalakshmy,a varalakshmi,1,varalakshmy,a varalakshmi,varalakshmy,a varalakshmi,0.7145890113289608,0.62741023,0.7927738927738929,0,0,3,0.0,0.83,0,0,1,0.86491543
vino anand,anand v,1,vino anand,anand v,vino anand,anand v,0.6094490158939272,0.74503,0.5738095238095239,0,0,7,0.3333333333333333,0.83,0,1,1,0.89895767
kathiravan subrayan,s kathiravan,1,kathiravan subrayan,s kathiravan,kathiravan subrayan,s kathiravan,0.7347056586630001,0.74780023,0.7865497076023392,0,0,11,0.3333333333333333,0.91,0,1,1,0.89895767
gayathri sree,s gayathri,1,gayathri sree,s gayathri,gayathri sree,s gayathri,0.833718705157307,0.7945237,0.8051282051282053,0,0,7,0.3333333333333333,0.89,1,1,1,0.89895767
deepika vyas,v deepika,1,deepika vyas,v deepika,deepika vyas,v deepika,0.7601854363418613,0.8486856,0.7870370370370371,0,0,7,0.3333333333333333,0.88,1,1,1,0.89895767
selvakumaran karuppan,k selvakumaran,1,selvakumaran karuppan,k selvakumaran,selvakumaran karuppan,k selvakumaran,0.728574152530561,0.8786636,0.6953601953601954,0,0,11,0.3333333333333333,0.92,0,1,1,0.89895767
sharankumar,sarankumar s,1,sharankuma r,sarankumar s,sharankuma r,sarankumar s,0.6918773517588216,0.43250063,0.9227272727272726,0,1,3,0.0,0.83,0,0,1,0.881361
ashok rathinavelu,a rathinavel,1,ashok rathinavelu,a rathinavel,ashok rathinavelu,a rathinavel,0.6798255758224958,0.5911974,0.861764705882353,0,0,5,0.0,0.83,0,0,1,0.8622457
meyyalagan arumugam,a meyyalagan,1,meyyalagan arumugam,a meyyalagan,meyyalagan arumugam,a meyyalagan,0.7846902683510282,0.7875735,0.6803561935140882,0,0,11,0.3333333333333333,0.91,0,1,1,0.89895767
pon ramya,p ramya,1,pon ramya,p ramya,pon ramya,p ramya,0.7013677047508288,0.81140685,0.9333333333333333,0,0,2,0.3333333333333333,0.88,1,1,1,0.89880055
saras meena,s meena,1,saras meena,s meena,saras meena,s meena,0.7289183420016779,0.78078306,0.8051948051948052,0,0,4,0.3333333333333333,0.83,1,1,1,0.89895767
sujit surendran,s surendran,1,sujit surendran,s surendran,sujit surendran,s surendran,0.73241069583137,0.653414,0.8927272727272727,0,0,4,0.3333333333333333,0.9,0,1,1,0.89880055
jayachandra babu krishnan,k jayachandra babu,1,jayachandra babu krishnan,k jayachandra babu,jayachandra babu krishnan,k jayachandra babu,0.82218450982043,0.88112575,0.7179520697167755,0,0,11,0.5,0.94,1,1,1,0.89895767
manimala manivannan,m manivannan,1,manimala manivannan,m manivannan,manimala manivannan,m manivannan,0.7863373502686191,0.8713229,0.7894736842105263,0,0,7,0.3333333333333333,0.91,0,1,1,0.89895767
chitra naik,n chitra,1,chitra naik,n chitra,chitra naik,n chitra,0.7676374992982754,0.7991689,0.7651515151515151,0,0,7,0.3333333333333333,0.86,1,1,1,0.89895767
suresh tippa,t suresh,1,suresh tippa,t suresh,suresh tippa,t suresh,0.5238814865822381,0.43522704,0.6765873015873017,0,0,8,0.3333333333333333,0.86,0,1,1,0.86923754
vani shanmugam,v shanmugam,1,vani shanmugam,v shanmugam,vani shanmugam,v shanmugam,0.8553809178747865,0.7554405,0.8266233766233766,0,0,3,0.3333333333333333,0.9,0,1,1,0.89895767
padma muthusamy,p muthusamy,1,padma muthusamy,p muthusamy,padma muthusamy,p muthusamy,0.8049998727895762,0.7559218,0.8109090909090909,0,0,4,0.3333333333333333,0.9,0,1,1,0.89895767
kiran chandran,k chandran,1,kiran chandran,k chandran,kiran chandran,k chandran,0.76708217911798,0.73287034,0.7942857142857143,0,0,4,0.3333333333333333,0.89,0,1,1,0.89895767
mani bharathi,m bharathi,1,mani bharathi,m bharathi,mani bharathi,m bharathi,0.8297160793349418,0.8029256,0.8407692307692308,0,0,3,0.3333333333333333,0.89,1,1,1,0.89895767
murugavel subbian,s murugavel,1,murugavel subbian,s murugavel,murugavel subbian,s murugavel,0.7202038582626218,0.6169606,0.7825311942959002,0,0,10,0.3333333333333333,0.9,0,1,1,0.89895767
udhaya kumar,k udhaya,1,udhaya kumar,k udhaya,udhaya kumar,k udhaya,0.8657915027709184,0.8054514,0.6765873015873017,0,0,8,0.3333333333333333,0.86,1,1,1,0.89895767
subha chandrasekharan,s chandrasekaran,1,subha chandrasekharan,s chandrasekaran,subha chandrasekharan,s chandrasekaran,0.6541279557387739,0.74568737,0.7973214285714286,0,0,5,0.0,0.86,0,0,1,0.84956944
priya balasubramanian,p balasubramanian,1,priya balasubramanian,p balasubramanian,priya balasubramanian,p balasubramanian,0.8775888903315602,0.8056498,0.819327731092437,0,0,4,0.3333333333333333,0.94,0,1,1,0.89895767
muthulakshmi ramesh,r muthulakshmi,1,muthulakshmi ramesh,r muthulakshmi,muthulakshmi ramesh,r muthulakshmi,0.8778912483421943,0.6968658,0.8295739348370926,0,0,9,0.3333333333333333,0.92,1,1,1,0.89895767
yogesh kumar saini,s yogesh,1,yogesh kumar saini,s yogesh,yogesh kumar saini,s yogesh,0.7174420534867807,0.5372796,0.6481481481481481,0,0,14,0.25,0.86,0,1,1,0.89895767
semporsothi,t semporjothi,1,semporsothi,t semporjothi,semporsothi,t semporjothi,0.5977401557030558,0.7145355,0.8927738927738927,0,0,3,0.0,0.83,1,0,1,0.88236207
jana priya,j priya,1,jana priya,j priya,jana priya,j priya,0.7227148198090261,0.69864583,0.7814285714285714,0,0,3,0.3333333333333333,0.83,1,1,1,0.89895767
sengottuvelan kaliannan,k sengottuvelan,1,sengottuvelan kaliannan,k sengottuvelan,sengottuvelan kaliannan,k sengottuvelan,0.8256731217701962,0.8290243,0.8106280193236715,0,0,12,0.3333333333333333,0.93,0,1,1,0.89895767
mohan shanmugam,m shanmugam,1,mohan shanmugam,m shanmugam,mohan shanmugam,m shanmugam,0.8557933456596755,0.7659172,0.8109090909090909,0,0,4,0.3333333333333333,0.9,0,1,1,0.89895767
poongodhai,n poongothai,1,poongodhai,n poongothai,poongodhai,n poongothai,0.608292833733241,0.78403276,0.8462962962962962,0,0,3,0.0,0.82,1,0,1,0.87130433
venkatalingam krishnan,k venkatalingam,1,venkatalingam krishnan,k venkatalingam,venkatalingam krishnan,k venkatalingam,0.8346508997182667,0.83270967,0.6898989898989899,0,0,11,0.3333333333333333,0.93,0,1,1,0.89895767
manoj prabhu,m prabhu,1,manoj prabhu,m prabhu,manoj prabhu,m prabhu,0.7198067427137311,0.7407488,0.825,0,0,4,0.3333333333333333,0.86,0,1,1,0.89895767
piriyadarshini,r priyadarshini,1,p iriyadarshini,r priyadarshini,p iriyadarshini,r priyadarshini,0.7825650869174642,0.42981082,0.8841269841269841,0,0,2,0.0,0.87,1,0,1,0.8827538
sudha rao,r sudha,1,sudha rao,r sudha,sudha rao,r sudha,0.7569542577776259,0.638638,0.7566137566137566,0,0,6,0.3333333333333333,0.88,1,1,1,0.89895767
siva muthukumar,s muthukumar,1,siva muthukumar,s muthukumar,siva muthukumar,s muthukumar,0.8473435551240547,0.79798746,0.94,0,0,3,0.3333333333333333,0.91,0,1,1,0.89880055
sekar ramamoorthy,s ramamoorthy,1,sekar ramamoorthy,s ramamoorthy,sekar ramamoorthy,s ramamoorthy,0.8629613978240992,0.7833444,0.8832579185520362,0,0,4,0.3333333333333333,0.92,0,1,1,0.89880055
elil saravanan velusamy,v elil saravanan,1,elil saravanan velusamy,v elil saravanan,elil saravanan velusamy,v elil saravanan,0.7269990400331199,0.73856604,0.7943840579710145,0,0,11,0.5,0.93,0,1,1,0.89895767
poonkothai,a poongothai,1,poonkothai,a poongothai,poonkothai,a poongothai,0.519403362109658,0.5410019,0.8833333333333333,0,0,3,0.0,0.82,1,0,1,0.7794968
sasi kumar chandran,s chandran,1,sasi kumar chandran,s chandran,sasi kumar chandran,s chandran,0.6318872148479069,0.7912579,0.5274853801169591,0,0,9,0.25,0.89,0,1,1,0.89895767
sivan ramasamy,s ramasamy,1,sivan ramasamy,s ramasamy,sivan ramasamy,s ramasamy,0.7916185819765057,0.73280436,0.8242857142857144,0,0,4,0.3333333333333333,0.89,0,1,1,0.89895767
malarvizhi devadass,d malarvizhi,1,malarvizhi devadass,d malarvizhi,malarvizhi devadass,d malarvizhi,0.7475994702358069,0.8640229,0.7865497076023392,0,0,11,0.3333333333333333,0.91,1,1,1,0.89895767
nithya loganathan,n loganathan,1,nithya loganathan,n loganathan,nithya loganathan,n loganathan,0.7956796235168611,0.7449542,0.8117647058823529,0,0,5,0.3333333333333333,0.91,0,1,1,0.89895767
prabu velusamy,velusamy p,1,prabu velusamy,velusamy p,prabu velusamy,velusamy p,0.82713032434291,0.7411822,0.6994708994708995,0,0,8,0.3333333333333333,0.89,0,1,1,0.89895767
raghavendran,ragavendran j,1,raghavendra n,ragavendran j,raghavendra n,ragavendran j,0.5342688936800709,0.7171935,0.9446581196581196,0,1,3,0.0,0.85,0,0,1,0.87318426
nanthakumar,r nandhakumar,1,nanthakumar,r nandhakumar,nanthakumar,r nandhakumar,0.5882909302674716,0.9008348,0.8927738927738927,0,0,3,0.0,0.83,0,0,1,0.88236207
arvindhan,t aravindhan,1,arvindhan,t aravindhan,arvindhan,t aravindhan,0.5891214805550867,0.6895499,0.8055555555555555,0,0,3,0.0,0.86,0,0,1,0.86491543
divya mani,divya m,1,divya mani,divya m,divya mani,divya m,0.8442964169052768,0.75225866,0.9400000000000001,0,0,3,0.3333333333333333,0.83,1,1,1,0.89880055
devendran senni,devendran s,1,devendran senni,devendran s,devendran senni,devendran s,0.7174293390840353,0.7830895,0.9466666666666667,0,1,4,0.3333333333333333,0.9,0,1,1,0.89880055
nizam babu oil mohamed,o nizam babu,1,nizam babu oil mohamed,o nizam babu,nizam babu oil mohamed,o nizam babu,0.6881449972358463,0.6993178,0.654040404040404,0,0,14,0.4,0.91,0,1,1,0.89895767
ramya chandrasekaran,chandrasekaran r,1,ramya chandrasekaran,chandrasekaran r,ramya chandrasekaran,chandrasekaran r,0.8270077175706186,0.8333813,0.8083333333333332,0,0,8,0.3333333333333333,0.93,0,1,1,0.89895767
suganya loganathan,s loganathan,1,suganya loganathan,s loganathan,suganya loganathan,s loganathan,0.7649912991097021,0.6909591,0.775,0,0,6,0.3333333333333333,0.91,0,1,1,0.89895767
seralathan vaiyapuri,v seralathan,1,seralathan vaiyapuri,v seralathan,seralathan vaiyapuri,v seralathan,0.6674864069070806,0.68167067,0.6707070707070707,0,0,12,0.3333333333333333,0.91,0,1,1,0.89895767
thara prabhakar,t prabhakar,1,thara prabhakar,t prabhakar,thara prabhakar,t prabhakar,0.8004229205591559,0.804826,0.8109090909090909,0,0,4,0.3333333333333333,0.9,0,1,1,0.89895767
mary rani jayaraj,j mary rani,1,mary rani jayaraj,j mary rani,mary rani jayaraj,j mary rani,0.7132678471196227,0.8034936,0.6657754010695187,0,0,10,0.5,0.9,1,1,1,0.89895767
rajalakshmi suresh,s rajalakshmi,1,rajalakshmi suresh,s rajalakshmi,rajalakshmi suresh,s rajalakshmi,0.839169216953773,0.79072565,0.6965811965811967,0,0,9,0.3333333333333333,0.92,1,1,1,0.89895767
durairaju kathamuthu,d kathamuthu,1,durairaju kathamuthu,d kathamuthu,durairaju kathamuthu,d kathamuthu,0.6998772518788163,0.7598939,0.7550000000000001,0,0,8,0.3333333333333333,0.91,0,1,1,0.89895767
deepa parameswaran,d parameswaran,1,deepa parameswaran,d parameswaran,deepa parameswaran,d parameswaran,0.8307228153457282,0.7724454,0.8476190476190476,0,0,4,0.3333333333333333,0.92,0,1,1,0.8989275
gowthaman siva,gowthaman s,1,gowthaman siva,gowthaman s,gowthaman siva,gowthaman s,0.8545200199675198,0.7570979,0.9571428571428571,0,1,3,0.3333333333333333,0.9,0,1,1,0.89880055
santhi kunuri,k santhi,1,santhi kunuri,k santhi,santhi kunuri,k santhi,0.5454149599160656,0.75827414,0.6616300366300366,0,0,9,0.3333333333333333,0.86,1,1,1,0.8944135
sanjeev kumar raju,r sanjeev kumar,1,sanjeev kumar raju,r sanjeev kumar,sanjeev kumar raju,r sanjeev kumar,0.8466536183687231,0.8507467,0.7608465608465608,0,0,7,0.5,0.93,0,1,1,0.89895767
sathasivam,s sadhasivam,1,sathasivam,s sadhasivam,sathasivam,s sadhasivam,0.6578458718108027,0.64931804,0.8283333333333334,0,0,3,0.0,0.82,0,0,1,0.86491543
sandhya seetharaman,s seetharaman,1,sandhya seetharaman,s seetharaman,sandhya seetharaman,s seetharaman,0.7665630247545399,0.5710083,0.7898785425101215,0,0,6,0.3333333333333333,0.92,0,1,1,0.89895767
radhakrishnan vijay,v radhakrishnan,1,radhakrishnan vijay,v radhakrishnan,radhakrishnan vijay,v radhakrishnan,0.8449107003470726,0.8007282,0.8502923976608187,0,0,8,0.3333333333333333,0.93,0,1,1,0.8988725
lavanya gali,g lavanya,1,lavanya gali,g lavanya,lavanya gali,g lavanya,0.7667509056503209,0.8145993,0.7870370370370371,0,0,7,0.3333333333333333,0.88,1,1,1,0.89895767
jainee sukumar,j sukumar,1,jainee sukumar,j sukumar,jainee sukumar,j sukumar,0.6439836162297692,0.7724948,0.7928571428571428,0,0,5,0.3333333333333333,0.88,0,1,1,0.89895767
mano aarthi,m aarthi,1,mano aarthi,m aarthi,mano aarthi,m aarthi,0.770690619772094,0.651702,0.8806818181818183,0,0,3,0.3333333333333333,0.86,1,1,1,0.89880055
kiruthikaa,n kiruthika,1,k iruthikaa,n kiruthika,k iruthikaa,n kiruthika,0.6030958896802119,0.6321136,0.9060606060606061,0,0,3,0.0,0.82,1,0,1,0.881361
tolstoy rajangam,r tolstoy,1,tolstoy rajangam,r tolstoy,tolstoy rajangam,r tolstoy,0.8377065122957249,0.8084692,0.6296296296296297,0,0,11,0.3333333333333333,0.88,0,1,1,0.89895767
karunambigai rathinam,karunambigai r,1,karunambigai rathinam,karunambigai r,karunambigai rathinam,karunambigai r,0.8444260462567932,0.82926023,0.9333333333333333,0,1,7,0.3333333333333333,0.92,1,1,1,0.89880055
kavitha pandy,p kavitha,1,kavitha pandy,p kavitha,kavitha pandy,p kavitha,0.7232315825202483,0.69821453,0.772079772079772,0,0,8,0.3333333333333333,0.88,1,1,1,0.89895767
niresh mahalingam,mahalingam n,1,niresh mahalingam,mahalingam n,niresh mahalingam,mahalingam n,0.7701541712189479,0.8384583,0.7630718954248367,0,0,9,0.3333333333333333,0.91,0,1,1,0.89895767
sumathi mathivanan,mathivanan s,1,sumathi mathivanan,mathivanan s,sumathi mathivanan,mathivanan s,0.8361188007993928,0.77155554,0.8122895622895623,0,0,10,0.3333333333333333,0.91,0,1,1,0.89895767
ratna vasanthan,r vasanthan,1,ratna vasanthan,r vasanthan,ratna vasanthan,r vasanthan,0.7339647288386766,0.7437061,0.7836363636363637,0,0,4,0.3333333333333333,0.9,0,1,1,0.89895767
surya prakash,s prakash,1,surya prakash,s prakash,surya prakash,s prakash,0.6865739903807451,0.7534765,0.8076923076923077,0,0,4,0.3333333333333333,0.88,0,1,1,0.89895767
premila samuel,s premila,1,premila samuel,s premila,premila samuel,s premila,0.7068366422532713,0.5438839,0.6534391534391534,0,0,9,0.3333333333333333,0.88,1,1,1,0.89895767
vivek setharaman,seetharaman v,1,vivek setharaman,seetharaman v,vivek setharaman,seetharaman v,0.5355575289701968,0.3580878,0.7243589743589745,0,0,8,0.0,0.83,0,0,1,0.85310805
priya viswanathan,p viswanathan,1,priya viswanathan,p viswanathan,priya viswanathan,p viswanathan,0.8263039785144878,0.7437062,0.814027149321267,0,0,4,0.3333333333333333,0.92,0,1,1,0.89895767
kalamegam sundaresan,s kalamegam,1,kalamegam sundaresan,s kalamegam,kalamegam sundaresan,s kalamegam,0.7399801663215667,0.79502755,0.6363636363636364,0,0,13,0.3333333333333333,0.9,0,1,1,0.89895767
kartik palaniappan,k palaniyappan,1,kartik palaniappan,k palaniyappan,kartik palaniappan,k palaniyappan,0.5387509448170598,0.796155,0.8029304029304029,0,0,6,0.0,0.81,0,0,1,0.854313
vijayakumar muthu,m vijayakumar,1,vijayakumar muthu,m vijayakumar,vijayakumar muthu,m vijayakumar,0.7564506051276091,0.8541385,0.8310708898944194,0,0,8,0.3333333333333333,0.92,0,1,1,0.89895767
raja saraswathi,saraswathi r,1,raja saraswathi,saraswathi r,raja saraswathi,saraswathi r,0.8772314982093328,0.8123914,0.7944444444444444,0,0,7,0.3333333333333333,0.91,1,1,1,0.89895767
geetha sharmi,s geetha,1,geetha sharmi,s geetha,geetha sharmi,s geetha,0.7099055111608302,0.6048243,0.6616300366300366,0,0,9,0.3333333333333333,0.86,1,1,1,0.89895767
kale subhash manohar,subhash m kale,1,kale subhash manohar,subhash m kale,kale subhash manohar,subhash m kale,0.7766195642716595,0.8552089,0.6270562770562771,0,0,11,0.5,0.92,0,1,1,0.89895767
carthikeyan,c karthikeyan,1,carthikeyan,c karthikeyan,carthikeyan,c karthikeyan,0.7398008192281699,0.41243565,0.872027972027972,0,0,2,0.0,0.92,0,0,1,0.8827538
balakrishna,k balakrishnan,1,balakrishna,k balakrishnan,balakrishna,k balakrishnan,0.8779597814545799,0.92993253,0.8679653679653679,0,0,3,0.0,0.88,0,0,1,0.88126737
sri divya,s divya,1,sri divya,s divya,sri divya,s divya,0.830055012678283,0.7023972,0.8904761904761904,0,0,2,0.3333333333333333,0.88,1,1,1,0.89880055
shubha mahadevan,s mahadevan,1,shubha mahadevan,s mahadevan,shubha mahadevan,s mahadevan,0.7678187475067237,0.75010765,0.7971590909090909,0,0,5,0.3333333333333333,0.9,0,1,1,0.89895767
devi rajendran,d rajendran,1,devi rajendran,d rajendran,devi rajendran,d rajendran,0.7654120021358625,0.7576531,0.8811688311688312,0,0,3,0.3333333333333333,0.9,0,1,1,0.89880055
premavathi,premavathy p,1,premavathi,premavathy p,premavathi,premavathy p,0.8357981744114568,0.7233872,0.9299999999999999,0,1,3,0.0,0.82,0,0,1,0.88236624
nithiyananatham rajan,r nithiyanantham,1,nithiyananatham rajan,r nithiyanantham,nithiyananatham rajan,r nithiyanantham,0.7490407715568207,0.6053431,0.8234126984126983,0,0,9,0.0,0.86,0,0,1,0.8350604
sinha pradeep kumar,s pradeep,1,sinha pradeep kumar,s pradeep,sinha pradeep kumar,s pradeep,0.664368320358339,0.43151534,0.775438596491228,0,0,10,0.25,0.88,0,1,1,0.878434
geetha viswanathan,viswanathan g,1,geetha viswanathan,viswanathan g,geetha viswanathan,viswanathan g,0.7744264333631377,0.75905895,0.6965811965811967,0,0,9,0.3333333333333333,0.92,0,1,1,0.89895767
anna lakshmi,a lakshmi,1,anna lakshmi,a lakshmi,anna lakshmi,a lakshmi,0.8037303905331669,0.782838,0.8916666666666667,0,0,3,0.3333333333333333,0.88,1,1,1,0.89880055
prem devakumar swamidhas,s prem devakumar,1,prem devakumar swamidhas,s prem devakumar,prem devakumar swamidhas,s prem devakumar,0.7290706140280551,0.546942,0.6986111111111111,0,0,12,0.5,0.93,0,1,1,0.89895767
kalpana raja,kalpana r,1,kalpana raja,kalpana r,kalpana raja,kalpana r,0.858686095762598,0.773261,0.95,0,1,3,0.3333333333333333,0.88,1,1,1,0.89880055
manasa shyamala,m shyamala,1,manasa shyamala,m shyamala,manasa shyamala,m shyamala,0.7609446193585439,0.72309345,0.78,0,0,5,0.3333333333333333,0.89,1,1,1,0.89895767
jeyakumar rajoo,r jeyakumar,1,jeyakumar rajoo,r jeyakumar,jeyakumar rajoo,r jeyakumar,0.7311161631349468,0.8207941,0.806060606060606,0,0,8,0.3333333333333333,0.9,0,1,1,0.89895767
sri vaishnavi devi,vaishnavi devi s,1,sri vaishnavi devi,vaishnavi devi s,sri vaishnavi devi,vaishnavi devi s,0.9213655912116955,0.84059393,0.7962962962962963,0,0,6,0.5,0.94,1,1,1,0.89895767
siddharth saran,siddharth s,1,siddharth saran,siddharth s,siddharth saran,siddharth s,0.8685551095237446,0.80202943,0.9466666666666667,0,1,4,0.3333333333333333,0.9,0,1,1,0.89880055
bharranitharan,bharanitharan m,1,bharranithara n,bharanitharan m,bharranithara n,bharanitharan m,0.658897418496027,0.6792729,0.9161904761904762,0,1,3,0.0,0.87,0,0,1,0.881361
sudhakar potti,p sudhakar,1,sudhakar potti,p sudhakar,sudhakar potti,p sudhakar,0.6278345892105951,0.77455163,0.7904761904761904,0,0,8,0.3333333333333333,0.89,0,1,1,0.89895767
chandran kulasekar,c kulasekar,1,chandran kulasekar,c kulasekar,chandran kulasekar,c kulasekar,0.8115878048720212,0.81493664,0.746969696969697,0,0,7,0.3333333333333333,0.9,0,1,1,0.89895767
kumanan asokan,a kumanan,1,kumanan asokan,a kumanan,kumanan asokan,a kumanan,0.5824835119717194,0.7750144,0.7698412698412698,0,0,9,0.3333333333333333,0.88,0,1,1,0.89895767
madhavan rajan,r madhavan,1,madhavan rajan,r madhavan,madhavan rajan,r madhavan,0.8277057994907328,0.8239274,0.7904761904761904,0,0,8,0.3333333333333333,0.89,0,1,1,0.89895767
vidhya sree,vidhya s,1,vidhya sree,vidhya s,vidhya sree,vidhya s,0.7755593258603899,0.843143,0.9454545454545455,0,0,3,0.3333333333333333,0.86,1,1,1,0.89880055
naveen suriya a,a s naveen,1,naveen suriya a,a s naveen,naveen suriya a,a s naveen,0.6928829498136982,0.69742686,0.6111111111111112,0,0,12,0.5,0.89,0,1,1,0.89895767
ezhil thirumavalavan,e thirumavalavan,1,ezhil thirumavalavan,e thirumavalavan,ezhil thirumavalavan,e thirumavalavan,0.8265820648746146,0.81568927,0.84625,0,0,4,0.3333333333333333,0.93,0,1,1,0.8989275
kamali swaminathan,k swaminathan,1,kamali swaminathan,k swaminathan,kamali swaminathan,k swaminathan,0.8021660018079034,0.83442974,0.8012820512820513,0,0,5,0.3333333333333333,0.92,0,1,1,0.89895767
beena lakshmanan,b lakshmanan,1,beena lakshmanan,b lakshmanan,beena lakshmanan,b lakshmanan,0.7709306726381588,0.7860031,0.825,0,0,4,0.3333333333333333,0.91,0,1,1,0.89895767
mohan vasudevan,m vasudevan,1,mohan vasudevan,m vasudevan,mohan vasudevan,m vasudevan,0.8666468652058572,0.73718286,0.7836363636363637,0,0,4,0.3333333333333333,0.9,0,1,1,0.89895767
selva raj pitchai,p selva raj,1,selva raj pitchai,p selva raj,selva raj pitchai,p selva raj,0.61649672726949,0.75607955,0.6657754010695187,0,0,10,0.5,0.9,1,1,1,0.89895767
priya krishnasamy,p krishnasamy,1,priya krishnasamy,p krishnasamy,priya krishnasamy,p krishnasamy,0.8519762132332406,0.76863587,0.814027149321267,0,0,4,0.3333333333333333,0.92,0,1,1,0.89895767
vishnu ponsingh thangaduri,t vishnu ponsingh,1,vishnu ponsingh thangaduri,t vishnu ponsingh,vishnu ponsingh thangaduri,t vishnu ponsingh,0.7679577591856667,0.8118461,0.6855203619909501,0,0,13,0.5,0.94,0,1,1,0.89895767
ramya manoharan,r manoharan,1,ramya manoharan,r manoharan,ramya manoharan,r manoharan,0.7658355234790558,0.6996888,0.8381818181818183,0,0,4,0.3333333333333333,0.9,0,1,1,0.89895767
ramachandran selai,s ramachandran,1,ramachandran selai,s ramachandran,ramachandran selai,s ramachandran,0.7333017063849597,0.8449961,0.8412698412698413,0,0,8,0.3333333333333333,0.92,0,1,1,0.8989275
shobha somasundaram,s somasundaram,1,shobha somasundaram,s somasundaram,shobha somasundaram,s somasundaram,0.7936949527822956,0.65318537,0.7924812030075189,0,0,5,0.3333333333333333,0.92,0,1,1,0.89895767
gente vikram kumar,g vikram,1,gente vikram kumar,g vikram,gente vikram kumar,g vikram,0.5506956983873925,0.73027784,0.8333333333333334,0,0,10,0.25,0.86,0,1,1,0.89503974
varadaraj,n varadharaj,1,varadaraj,n varadharaj,varadaraj,n varadharaj,0.6632939075069132,0.6719595,0.9166666666666666,0,0,3,0.0,0.86,0,0,1,0.881361
subramaniam vidya,subramaniyam v,1,subramaniam vidya,subramaniyam v,subramaniam vidya,subramaniyam v,0.5210448595173609,0.71323955,0.9361344537815126,0,1,5,0.0,0.84,0,0,1,0.8562919
kavetha sundaramoorthy,k sundaramoorthy,1,kavetha sundaramoorthy,k sundaramoorthy,kavetha sundaramoorthy,k sundaramoorthy,0.7865873270444921,0.80893695,0.7869318181818182,0,0,6,0.3333333333333333,0.93,0,1,1,0.89895767
nethaji sellaram,s nethaji,1,nethaji sellaram,s nethaji,nethaji sellaram,s nethaji,0.6957358354616596,0.6849094,0.6296296296296297,0,0,11,0.3333333333333333,0.88,1,1,1,0.89895767
prasad sivasamy,p sivasamy,1,prasad sivasamy,p sivasamy,prasad sivasamy,p sivasamy,0.8153285441986944,0.7129613,0.8099999999999998,0,0,5,0.3333333333333333,0.89,0,1,1,0.89895767
priya vijayan,p vijayan,1,priya vijayan,p vijayan,priya vijayan,p vijayan,0.7505773326409004,0.8299242,0.8076923076923077,0,0,4,0.3333333333333333,0.88,0,1,1,0.89895767
suresh chandrasekaran,chandrasekaran s,1,suresh chandrasekaran,chandrasekaran s,suresh chandrasekaran,chandrasekaran s,0.8390817072919806,0.8427969,0.7748015873015873,0,0,9,0.3333333333333333,0.93,0,1,1,0.89895767
santhi jeganathan,s jeganathan,1,santhi jeganathan,s jeganathan,santhi jeganathan,s jeganathan,0.8481489545981554,0.7307679,0.786764705882353,0,0,5,0.3333333333333333,0.91,0,1,1,0.89895767
shibu vijayam,shibhu vijayan,1,shibu vijayam,shibhu vijayan,shibu vijayam,shibhu vijayan,0.5337499699942072,0.84150016,0.956043956043956,0,1,2,0.0,0.89,0,0,1,0.86286664
suryavanshi alok,a suryavanshi,1,suryavanshi alok,a suryavanshi,suryavanshi alok,a suryavanshi,0.8429265422511121,0.78627646,0.7243589743589745,0,0,7,0.3333333333333333,0.92,1,1,1,0.89895767
jaysingani mrs leena mahesh,leena mahesh jaysinghania,1,jaysingani leena mahesh,leena mahesh jaysinghania,jaysingani leena mahesh,leena mahesh jaysinghania,0.7922944223977444,0.8823031,0.7216781083142639,0,0,23,0.5,0.96,1,0,1,0.88654673
pokharnu girish,girish pokharna,1,pokharnu girish,girish pokharna,pokharnu girish,girish pokharna,0.8095569253944108,0.9358732,0.4222222222222222,0,0,15,0.3333333333333333,0.93,0,0,1,0.7413408
sathaye mrs arti ulhas,arti u sathaye,1,sathaye arti ulhas,arti u sathaye,sathaye arti ulhas,arti u sathaye,0.7715334623113802,0.78770643,0.7830687830687829,0,0,14,0.5,0.92,1,1,1,0.89895767
patil yogesh,yogesh patel,1,patil yogesh,yogesh patel,patil yogesh,yogesh patel,0.7436919786570767,0.4973167,0.4444444444444444,0,0,11,0.3333333333333333,0.92,0,0,1,0.7301133
dungrani suresh,suresh dungarani,1,dungrani suresh,suresh dungarani,dungrani suresh,suresh dungarani,0.7217050981996255,0.71001446,0.6305555555555555,0,0,13,0.3333333333333333,0.97,1,0,1,0.88654673
swaminarayan shaunak,saunak swaminarayan,1,swaminarayan shaunak,saunak swaminarayan,swaminarayan shaunak,saunak swaminarayan,0.8551987204588842,0.7548761,0.7822445820433437,0,0,15,0.3333333333333333,0.97,0,0,1,0.88405037
anand a,anand ahuja,1,anand a,anand ahuja,anand a,anand ahuja,0.5749639311648845,0.79589844,0.9272727272727272,0,1,4,0.3333333333333333,0.83,0,1,1,0.89880055
mehta jane,j mehta,1,mehta jane,j mehta,mehta jane,j mehta,0.7584678147669205,0.73549867,0.6523809523809524,0,0,7,0.3333333333333333,0.83,1,1,1,0.89895767
shah miss rita p,r p shah,1,shah rita p,r p shah,shah rita p,r p shah,0.6543542691984342,0.7478268,0.5598484848484849,0,0,9,0.5,0.86,0,1,1,0.89895767
chaudhari jignesh,jignesh choudhari,1,chaudhari jignesh,jignesh choudhari,chaudhari jignesh,jignesh choudhari,0.7970765539910336,0.8669343,0.45751633986928103,0,0,17,0.3333333333333333,0.94,1,0,1,0.88654673
deo miss ruta mohan,mohan deo,1,deo ruta mohan,mohan deo,deo ruta mohan,mohan deo,0.7648573782560656,0.84480035,0.5873015873015873,0,0,12,0.6666666666666666,1.0,0,1,1,0.89895767
mehta smit,s mehta,1,mehta smit,s mehta,mehta smit,s mehta,0.7386673083641011,0.7709739,0.6523809523809524,0,0,7,0.3333333333333333,0.83,1,1,1,0.89895767
patil tushar,tushar patel,1,patil tushar,tushar patel,patil tushar,tushar patel,0.706705843115472,0.6154294,0.4777777777777778,0,0,12,0.3333333333333333,0.92,0,0,1,0.64170825
aghera vishvas,v aghera,1,aghera vishvas,v aghera,aghera vishvas,v aghera,0.6674800973356083,0.76264614,0.6488095238095238,0,0,10,0.3333333333333333,0.86,1,1,1,0.89895767
gadiya alpesh,alpesh gediya,1,gadiya alpesh,alpesh gediya,gadiya alpesh,alpesh gediya,0.7499611062570894,0.8752694,0.4551282051282051,0,0,12,0.3333333333333333,0.92,1,0,1,0.7301133
chavda asha,a chavda,1,chavda asha,a chavda,chavda asha,a chavda,0.8847092478346283,0.7104353,0.6942640692640693,0,0,7,0.3333333333333333,0.86,1,1,1,0.89895767
mahesh b,mahesh barot,1,mahesh b,mahesh barot,mahesh b,mahesh barot,0.5851635872433179,0.7213379,0.9333333333333333,0,0,4,0.3333333333333333,0.86,0,1,1,0.89880055
bhalakiya devabhai amubhai,d a bhalakiya,1,bhalakiya devabhai amubhai,d a bhalakiya,bhalakiya devabhai amubhai,d a bhalakiya,0.5711281397032163,0.7511412,0.655982905982906,0,0,19,0.2,0.82,1,1,1,0.8983663
panchal dhara,d panchal,1,panchal dhara,d panchal,panchal dhara,d panchal,0.8244130883764894,0.7059199,0.772079772079772,0,0,8,0.3333333333333333,0.88,0,1,1,0.89895767
shah mrs gopi alpesh,alpesh g shah,1,shah gopi alpesh,alpesh g shah,shah gopi alpesh,alpesh g shah,0.8035063457770664,0.8296238,0.7536421911421911,0,0,13,0.5,0.92,0,1,1,0.89895767
ghoghari mayurbhai,m ghoghari,1,ghoghari mayurbhai,m ghoghari,ghoghari mayurbhai,m ghoghari,0.6707205337706584,0.7411367,0.6518518518518518,0,0,12,0.3333333333333333,0.89,1,1,1,0.89895767
zala mahesh kumar dilip singh,mahesh d zala,1,zala mahesh kumar dilip singh,mahesh d zala,zala mahesh kumar dilip singh,mahesh d zala,0.678075597063879,0.63359225,0.6622458001768347,0,0,20,0.3333333333333333,0.92,1,1,1,0.89895767
patil pankaj,pankaj patel,1,patil pankaj,pankaj patel,patil pankaj,pankaj patel,0.737584113930253,0.653376,0.6111111111111112,0,0,8,0.3333333333333333,0.92,0,0,1,0.68036157
pandya mrs nayana satish,satish m pandya,1,pandya nayana satish,satish m pandya,pandya nayana satish,satish m pandya,0.8163758175945349,0.7877233,0.5351851851851852,0,0,15,0.5,0.93,1,0,1,0.7413408
mirsa hussain b,m hussain,1,mirsa hussain b,m hussain,mirsa hussain b,m hussain,0.685602307604557,0.7369683,0.78,0,0,6,0.25,0.88,0,1,1,0.89895767
soni ketan trikam lal,ketan t soni,1,soni ketan trikam lal,ketan t soni,soni ketan trikam lal,ketan t soni,0.6874791858660193,0.7370668,0.6904761904761904,0,0,14,0.4,0.91,1,1,1,0.89895767
pandya ketan,ketan panda,1,pandya ketan,ketan panda,pandya ketan,ketan panda,0.7437155737873132,0.6190461,0.5707070707070706,0,0,10,0.3333333333333333,0.96,1,0,1,0.88654673
patil rakesh,rakesh patel,1,patil rakesh,rakesh patel,patil rakesh,rakesh patel,0.6896509061830287,0.56144106,0.5555555555555555,0,0,9,0.3333333333333333,0.92,0,0,1,0.56464946
thaker udgeeth,udgeeth thakar,1,thaker udgeeth,udgeeth thakar,thaker udgeeth,udgeeth thakar,0.8163237480350265,0.7514489,0.5714285714285715,0,0,13,0.3333333333333333,0.93,0,0,1,0.7413408
vijaliwala inusbhai kasambhai,i k vijaliwala,1,vijaliwala inusbhai kasambhai,i k vijaliwala,vijaliwala inusbhai kasambhai,i k vijaliwala,0.520881221842185,0.7614795,0.6180897646414888,0,0,23,0.2,0.83,1,1,1,0.8917696
goswami arvind shankarpuri,arvind s goswami,1,goswami arvind shankarpuri,arvind s goswami,goswami arvind shankarpuri,arvind s goswami,0.7292876631538722,0.5771607,0.7051282051282052,0,0,17,0.5,0.93,1,1,1,0.89895767
chandarana mitesh,mitesh chandrana,1,chandarana mitesh,mitesh chandrana,chandarana mitesh,mitesh chandrana,0.8222304955660664,0.7213483,0.5710784313725491,0,0,15,0.3333333333333333,0.97,1,0,1,0.88654673
patel krutika,krutika patil,1,patel krutika,krutika patil,patel krutika,krutika patil,0.7984799116012329,0.66855294,0.5494505494505494,0,0,11,0.3333333333333333,0.92,1,0,1,0.7301133
karkhanawala fidaali abdulhusein,a f karkhanawala,1,karkhanawala fidaali abdulhusein,a f karkhanawala,karkhanawala fidaali abdulhusein,a f karkhanawala,0.5659118946159467,0.7955823,0.6687500000000001,0,0,24,0.2,0.86,1,1,1,0.8983663
shrivastava arun kumar,a shrivastava,1,shrivastava arun kumar,a shrivastava,shrivastava arun kumar,a shrivastava,0.8135605895679847,0.6687265,0.7354312354312355,0,0,13,0.25,0.92,1,1,1,0.89895767
sindhal haresh,harish sindhal,1,sindhal haresh,harish sindhal,sindhal haresh,harish sindhal,0.7472951759830038,0.75227374,0.6137566137566138,0,0,14,0.3333333333333333,0.93,0,0,1,0.7413408
mehta prashant vasantray,prashant v mehta,1,mehta prashant vasantray,prashant v mehta,mehta prashant vasantray,prashant v mehta,0.7435284411112214,0.7878208,0.7222222222222222,0,0,12,0.5,0.93,1,1,1,0.89895767
sharm singh,s singh,1,sharm singh,s singh,sharm singh,s singh,0.624999063033904,0.7124574,0.8909090909090909,0,0,4,0.3333333333333333,0.83,0,1,1,0.89880055
mehta harsh,harish mehta,1,mehta harsh,harish mehta,mehta harsh,harish mehta,0.7525041083985781,0.64440745,0.6446608946608947,0,0,11,0.3333333333333333,0.96,1,0,1,0.88654673
mehta pawan kumar,p mehta,1,mehta pawan kumar,p mehta,mehta pawan kumar,p mehta,0.6761565973964285,0.70140094,0.6610644257703081,0,0,14,0.25,0.83,1,1,1,0.89895767
sharma miss prachi sanjay,prachi sanjay sharma,1,sharma prachi sanjay,prachi sanjay sharma,sharma prachi sanjay,prachi sanjay sharma,1.0,0.9771948,0.8263157894736842,0,0,14,1.0,1.0,1,1,1,0.89895767
nayak dhruvil vishvesh,vishvesh nayak,1,nayak dhruvil vishvesh,vishvesh nayak,nayak dhruvil vishvesh,vishvesh nayak,0.7480199295800605,0.7301694,0.6341991341991342,0,0,19,0.6666666666666666,1.0,0,1,1,0.89895767
patel aja,a patel,1,patel aja,a patel,patel aja,a patel,0.7904450178203951,0.77616686,0.6746031746031745,0,0,6,0.3333333333333333,0.88,0,1,1,0.89895767
deo ashish anil,ashish deo,1,deo ashish anil,ashish deo,deo ashish anil,ashish deo,0.8659560640382411,0.7401746,0.5793650793650793,0,0,8,0.6666666666666666,1.0,0,1,1,0.89895767
chauhan biren,b chauhan,1,chauhan biren,b chauhan,chauhan biren,b chauhan,0.6844569346060367,0.7231534,0.772079772079772,0,0,8,0.3333333333333333,0.88,0,1,1,0.89895767
patil ramesh,ramesh patel,1,patil ramesh,ramesh patel,patil ramesh,ramesh patel,0.6416199274122555,0.6206427,0.5555555555555555,0,0,9,0.3333333333333333,0.92,0,0,1,0.56464946
maniar pulkit,pulkit maniyar,1,maniar pulkit,pulkit maniyar,maniar pulkit,pulkit maniyar,0.7268711936240475,0.67570245,0.4478021978021978,0,0,13,0.3333333333333333,0.96,0,0,1,0.88654673
miss gupta ruchi,r gupta,1,gupta ruchi,r gupta,gupta ruchi,r gupta,0.6051785192695488,0.8096193,0.6341991341991342,0,0,8,0.3333333333333333,0.83,1,1,1,0.89895767
patil sandeep,sandeep patel,1,patil sandeep,sandeep patel,patil sandeep,sandeep patel,0.6921322307330612,0.5567931,0.5299145299145299,0,0,11,0.3333333333333333,0.92,0,0,1,0.5711926
gautam miss pallak vinod,vinod gautam,1,gautam pallak vinod,vinod gautam,gautam pallak vinod,vinod gautam,0.7927049604689941,0.73310333,0.5077276524644946,0,0,16,0.6666666666666666,1.0,0,1,1,0.89895767
prakash m,men prakash,1,prakash m,men prakash,prakash m,men prakash,0.7277085291469388,0.8153579,0.7053872053872053,0,0,6,0.3333333333333333,0.9,0,1,1,0.89895767
shah rikhav dhananjay,dhananjay r shah,1,shah rikhav dhananjay,dhananjay r shah,shah rikhav dhananjay,dhananjay r shah,0.7387193578923646,0.87472016,0.6337301587301588,0,0,16,0.5,0.93,0,1,1,0.89895767
bhatt kirit amritlal,kirit a bhatt,1,bhatt kirit amritlal,kirit a bhatt,bhatt kirit amritlal,kirit a bhatt,0.7007986339190831,0.78219485,0.7551282051282051,0,0,13,0.5,0.92,0,1,1,0.89895767
chaudhari ronak,ronak chaudhary,1,chaudhari ronak,ronak chaudhary,chaudhari ronak,ronak chaudhary,0.8880576519185039,0.88283527,0.611111111111111,0,0,13,0.3333333333333333,0.93,0,0,1,0.7413408
munshi deepak prabhakar,deepak p munshi,1,munshi deepak prabhakar,deepak p munshi,munshi deepak prabhakar,deepak p munshi,0.8165622731961177,0.82869554,0.7285024154589372,0,0,15,0.5,0.93,1,1,1,0.89895767
patwari himanshu indulal,himanshu i patwari,1,patwari himanshu indulal,himanshu i patwari,patwari himanshu indulal,himanshu i patwari,0.8046559375967426,0.84628767,0.7685185185185185,0,0,15,0.5,0.94,1,1,1,0.89895767
gandhi miss venu rajesh,rajesh gandhi,1,gandhi venu rajesh,rajesh gandhi,gandhi venu rajesh,rajesh gandhi,0.8181477707859465,0.7981154,0.6082621082621084,0,0,14,0.6666666666666666,1.0,1,1,1,0.89895767
khoja mrs shirin altaf,altaf khoja,1,khoja shirin altaf,altaf khoja,khoja shirin altaf,altaf khoja,0.858513092828981,0.80108243,0.5322270322270323,0,0,15,0.6666666666666666,1.0,1,1,1,0.89895767
gadi shabbir saifuddin,shabbir s gadi,1,gadi shabbir saifuddin,shabbir s gadi,gadi shabbir saifuddin,shabbir s gadi,0.6985620084515012,0.75040185,0.712121212121212,0,0,11,0.5,0.92,1,1,1,0.89895767
abichandani vinod kundan lal,v k abichandani,1,abichandani vinod kundan lal,v k abichandani,abichandani vinod kundan lal,v k abichandani,0.7204084685599665,0.63580185,0.6231379731379731,0,0,21,0.16666666666666666,0.85,1,1,1,0.89775467
mansuri zahid allarakha,zahid a mansuri,1,mansuri zahid allarakha,zahid a mansuri,mansuri zahid allarakha,zahid a mansuri,0.767974850318947,0.8071512,0.7507246376811594,0,0,15,0.5,0.93,1,1,1,0.89895767
patel nemi amit,amit n patel,1,patel nemi amit,amit n patel,patel nemi amit,amit n patel,0.718669791356007,0.89104456,0.65,0,0,11,0.5,0.91,0,1,1,0.89895767
shah miss parav dinesh,dinesh p shah,1,shah parav dinesh,dinesh p shah,shah parav dinesh,dinesh p shah,0.8046405627510448,0.86622596,0.6294620412267471,0,0,14,0.5,0.92,0,1,1,0.89895767
modi dilip ambalal,dilip a modi,1,modi dilip ambalal,dilip a modi,modi dilip ambalal,dilip a modi,0.7578981950357077,0.8288311,0.75,0,0,11,0.5,0.91,1,1,1,0.89895767
chaudhari dixit,dixit chaudhary,1,chaudhari dixit,dixit chaudhary,chaudhari dixit,dixit chaudhary,0.8944108066029683,0.86305285,0.6707070707070706,0,0,13,0.3333333333333333,0.93,0,0,1,0.7413408
miss modi nayati dilip kumar,dilip n modi,1,modi nayati dilip kumar,dilip n modi,modi nayati dilip kumar,dilip n modi,0.7592238229610981,0.766539,0.6227053140096618,0,0,17,0.4,0.91,1,1,1,0.89895767
parikh harish ratilal,harish r parikh,1,parikh harish ratilal,harish r parikh,parikh harish ratilal,harish r parikh,0.7801504209734511,0.8079214,0.7936507936507936,0,0,12,0.5,0.93,0,1,1,0.89895767
shah jignesh pravin,jignesh p shah,1,shah jignesh pravin,jignesh p shah,shah jignesh pravin,jignesh p shah,0.843106939649741,0.79938126,0.7456140350877193,0,0,10,0.5,0.92,0,1,1,0.89895767
oza mukul krishnakumar,mukul k oza,1,oza mukul krishnakumar,mukul k oza,oza mukul krishnakumar,mukul k oza,0.7614828196684554,0.8176333,0.6818181818181818,0,0,14,0.5,0.9,1,1,1,0.89895767
fadia mrs alpa ragesh,ragesh fadia,1,fadia alpa ragesh,ragesh fadia,fadia alpa ragesh,ragesh fadia,0.8521230712933444,0.79387856,0.5221755368814193,0,0,14,0.6666666666666666,1.0,1,1,1,0.89895767
doi mo shadab m,shadab doi,1,doi mo shadab m,shadab doi,doi mo shadab m,shadab doi,0.8838620824170854,0.7472089,0.4777777777777777,0,0,10,0.5,1.0,1,1,1,0.89895767
sushma s,sushma shah,1,sushma s,sushma shah,sushma s,sushma shah,0.8236717899643192,0.6710353,0.9454545454545455,0,1,3,0.3333333333333333,0.86,1,1,1,0.89880055
buch umesh dhimantrai,umesh d buch,1,buch umesh dhimantrai,umesh d buch,buch umesh dhimantrai,umesh d buch,0.6936324218121719,0.6758226,0.6904761904761904,0,0,14,0.5,0.91,0,1,1,0.89895767
shah chintan vikram,chintan v shah,1,shah chintan vikram,chintan v shah,shah chintan vikram,chintan v shah,0.7960533495147886,0.6863586,0.7170811644495855,0,0,9,0.5,0.92,0,1,1,0.89895767
bhatt raunaq dushyant kumar,dushyant bhatt,1,bhatt raunaq dushyant kumar,dushyant bhatt,bhatt raunaq dushyant kumar,dushyant bhatt,0.7361825642425424,0.72120476,0.6401314734648068,0,0,18,0.5,1.0,0,1,1,0.89895767
kachhy vishal harikrishna,vishal h kachhy,1,kachhy vishal harikrishna,vishal h kachhy,kachhy vishal harikrishna,vishal h kachhy,0.7774361617559712,0.67106473,0.7333333333333334,0,0,15,0.5,0.93,0,1,1,0.89895767
vyas dharmendra ranjikant,dharmendra r vyas,1,vyas dharmendra ranjikant,dharmendra r vyas,vyas dharmendra ranjikant,dharmendra r vyas,0.762675206520138,0.8341534,0.6516526610644258,0,0,12,0.5,0.94,1,1,1,0.89895767
parakh falguni,falgun parikh,1,parakh falguni,falgun parikh,parakh falguni,falgun parikh,0.6507373074714486,0.6783744,0.4478021978021978,0,0,11,0.0,0.89,0,0,1,0.83828473
patel jagdish magan lal,jagdish m patel,1,patel jagdish magan lal,jagdish m patel,patel jagdish magan lal,jagdish m patel,0.7845709830366477,0.8466599,0.7285024154589372,0,0,12,0.4,0.93,0,1,1,0.89895767
gami jigar indravadan,jigar i gami,1,gami jigar indravadan,jigar i gami,gami jigar indravadan,jigar i gami,0.7184522107402854,0.83641416,0.7182539682539683,0,0,13,0.5,0.91,1,1,1,0.89895767
fatania kamlesh liladhar,kamlesh l fatania,1,fatania kamlesh liladhar,kamlesh l fatania,fatania kamlesh liladhar,kamlesh l fatania,0.7881466318610079,0.80183905,0.7655228758169935,0,0,15,0.5,0.94,1,1,1,0.89895767
shah miss matri kirti kumar,kirti m shah,1,shah matri kirti kumar,kirti m shah,shah matri kirti kumar,kirti m shah,0.7219463784390723,0.786275,0.6843434343434343,0,0,16,0.4,0.91,1,1,1,0.89895767
manoj p b,manoj b patel,1,manoj p b,manoj b patel,manoj p b,manoj b patel,0.7123169210934593,0.6586052,0.9162393162393162,0,1,6,0.5,0.88,0,1,1,0.89880055
parikh rajesh kantilal,rajesh k parikh,1,parikh rajesh kantilal,rajesh k parikh,parikh rajesh kantilal,rajesh k parikh,0.7307536103030228,0.7897404,0.7606060606060606,0,0,14,0.5,0.93,0,1,1,0.89895767
modi mrs sejal tanish,sejal t modi,1,modi sejal tanish,sejal t modi,modi sejal tanish,sejal t modi,0.8345185623264709,0.86408705,0.6116557734204793,0,0,10,0.5,0.91,1,1,1,0.89895767
benani nirav anantray,nirav a benani,1,benani nirav anantray,nirav a benani,benani nirav anantray,nirav a benani,0.7811606789844884,0.73067224,0.746031746031746,0,0,14,0.5,0.92,1,1,1,0.89895767
bhatt nishchal vinayakant,nishchal v bhatt,1,bhatt nishchal vinayakant,nishchal v bhatt,bhatt nishchal vinayakant,nishchal v bhatt,0.7801405524344683,0.69153476,0.7133333333333334,0,0,13,0.5,0.93,0,1,1,0.89895767
jha rajiv anil kumar,rajiv a jha,1,jha rajiv anil kumar,rajiv a jha,jha rajiv anil kumar,rajiv a jha,0.7837392279617611,0.7658569,0.6984848484848486,0,0,11,0.4,0.9,1,1,1,0.89895767
deliwala jignesh atulbhai,jignesh a deliwala,1,deliwala jignesh atulbhai,jignesh a deliwala,deliwala jignesh atulbhai,jignesh a deliwala,0.7660015905960522,0.85730565,0.7585185185185185,0,0,16,0.5,0.94,1,1,1,0.89895767
patel hanee dinesh,dinesh h patel,1,patel hanee dinesh,dinesh h patel,patel hanee dinesh,dinesh h patel,0.7994141214247138,0.8640846,0.48677248677248675,0,0,14,0.5,0.92,0,1,1,0.89895767
marothi dhiraj kumar s o,dhiraj k marothi,1,marothi dhiraj kumar s o,dhiraj k marothi,marothi dhiraj kumar s o,dhiraj k marothi,0.8869743813393464,0.7849455,0.7430555555555555,0,0,13,0.3333333333333333,0.93,1,1,1,0.89895767
shah kamal jitendra,jitendra k shah,1,shah kamal jitendra,jitendra k shah,shah kamal jitendra,jitendra k shah,0.8454560826180498,0.90278727,0.4654970760233918,0,0,17,0.5,0.93,1,1,1,0.89895767
trivedi mrs neeta nitin,neeta n trivedi,1,trivedi neeta nitin,neeta n trivedi,trivedi neeta nitin,neeta n trivedi,0.8590755579474039,0.9298936,0.7742690058479532,0,0,14,0.5,0.93,1,1,1,0.89895767
vanza anil gandalal,anil g vanza,1,vanza anil gandalal,anil g vanza,vanza anil gandalal,anil g vanza,0.7770832151543291,0.7452067,0.7105263157894738,0,0,12,0.5,0.91,1,1,1,0.89895767
shah pranav ashok kumar,pranav a shah,1,shah pranav ashok kumar,pranav a shah,shah pranav ashok kumar,pranav a shah,0.7299356093980784,0.7604016,0.7268673355629877,0,0,13,0.4,0.92,0,1,1,0.89895767
shah hardik ashok kumar,ashok k shah,1,shah hardik ashok kumar,ashok k shah,shah hardik ashok kumar,ashok k shah,0.6491031482139732,0.81535685,0.6467940272288099,0,0,16,0.4,0.91,0,1,1,0.89895767
suthar manoj narayan das,manoj n suthar,1,suthar manoj narayan das,manoj n suthar,suthar manoj narayan das,manoj n suthar,0.7666755465331908,0.6873897,0.6944444444444445,0,0,16,0.4,0.92,0,1,1,0.89895767
brahmbhatt raxit kanubhai,raxit k brahmbhatt,1,brahmbhatt raxit kanubhai,raxit k brahmbhatt,brahmbhatt raxit kanubhai,raxit k brahmbhatt,0.8462026769250097,0.8387623,0.7399999999999999,0,0,18,0.5,0.94,0,1,1,0.89895767
patel mahesh ram bhai,mahesh r patel,1,patel mahesh ram bhai,mahesh r patel,patel mahesh ram bhai,mahesh r patel,0.7905179901520151,0.8294218,0.746031746031746,0,0,13,0.4,0.92,0,1,1,0.89895767
shah miss trupti narendra kumar,trupti n shah,1,shah trupti narendra kumar,trupti n shah,shah trupti narendra kumar,trupti n shah,0.7623428609412082,0.8016571,0.6794871794871794,0,0,16,0.4,0.92,1,1,1,0.89895767
shah viral dilip kumar,viral d shah,1,shah viral dilip kumar,viral d shah,shah viral dilip kumar,viral d shah,0.6990567311288078,0.70193946,0.6818181818181818,0,0,13,0.4,0.91,0,1,1,0.89895767
shah kiran kanilal,kiran k shah,1,shah kiran kanilal,kiran k shah,shah kiran kanilal,kiran k shah,0.6932174284128888,0.88223374,0.7222222222222222,0,0,10,0.5,0.91,0,1,1,0.89895767
shah lopa dilitkumar miss,lopa d shah,1,shah lopa dilitkumar,lopa d shah,shah lopa dilitkumar,lopa d shah,0.6417969663917439,0.7259426,0.6984848484848486,0,0,13,0.5,0.9,1,1,1,0.89895767
patel arvind ramanlal,arvind r patel,1,patel arvind ramanlal,arvind r patel,patel arvind ramanlal,arvind r patel,0.720851469291045,0.77266073,0.746031746031746,0,0,11,0.5,0.92,0,1,1,0.89895767
bhatt vinod magan lal,vinod m bhatt,1,bhatt vinod magan lal,vinod m bhatt,bhatt vinod magan lal,vinod m bhatt,0.7381491404198687,0.6784672,0.7191697191697192,0,0,14,0.4,0.92,0,1,1,0.89895767
talvelkar ajay ranganath,ajay r talvelkar,1,talvelkar ajay ranganath,ajay r talvelkar,talvelkar ajay ranganath,ajay r talvelkar,0.828435605604865,0.88375103,0.7430555555555555,0,0,19,0.5,0.93,0,1,1,0.89895767
chaudhari hardik,hardik chaudhary,1,chaudhari hardik,hardik chaudhary,chaudhari hardik,hardik chaudhary,0.8967944698997071,0.8639179,0.75,0,0,12,0.3333333333333333,0.94,0,0,1,0.88654673
patel miss roshani mayank kumar,mayank r patel,1,patel roshani mayank kumar,mayank r patel,patel roshani mayank kumar,mayank r patel,0.7418302987520434,0.8066168,0.6150516150516151,0,0,20,0.4,0.92,0,1,1,0.89895767
chaudhari dhaval,dhaval chaudhary,1,chaudhari dhaval,dhaval chaudhary,chaudhari dhaval,dhaval chaudhary,0.8836713756383707,0.9235027,0.7724358974358975,0,0,12,0.3333333333333333,0.94,0,0,1,0.88654673
dave dipen rajnikant,dipen r dave,1,dave dipen rajnikant,dipen r dave,dave dipen rajnikant,dipen r dave,0.7506851384724946,0.6606244,0.7550000000000001,0,0,12,0.5,0.91,0,1,1,0.89895767
chudasama naresh kanti lal,naresh k chudasama,1,chudasama naresh kanti lal,naresh k chudasama,chudasama naresh kanti lal,naresh k chudasama,0.8287800154164567,0.729548,0.7492877492877493,0,0,19,0.4,0.94,1,1,1,0.89895767
patel mehul sudam,mehul s patel,1,patel mehul sudam,mehul s patel,patel mehul sudam,mehul s patel,0.8194745906958475,0.8860849,0.6795557383792677,0,0,11,0.5,0.92,0,1,1,0.89895767
shah kaku ratilal,kaku r shah,1,shah kaku ratilal,kaku r shah,shah kaku ratilal,kaku r shah,0.7274766584680712,0.8056043,0.7308377896613191,0,0,10,0.5,0.9,0,1,1,0.89895767
singh kamljit,kamaljit singh,1,singh kamljit,kamaljit singh,singh kamljit,kamaljit singh,0.7591897815446167,0.69174457,0.6302401302401303,0,0,13,0.3333333333333333,0.96,0,0,1,0.88654673
chaudhari nilay,nilay chaudhary,1,chaudhari nilay,nilay chaudhary,chaudhari nilay,nilay chaudhary,0.8804477719667982,0.84756345,0.6707070707070706,0,0,12,0.3333333333333333,0.93,0,0,1,0.7413408
tiwari ravi shanker,ravi s tiwari,1,tiwari ravi shanker,ravi s tiwari,tiwari ravi shanker,ravi s tiwari,0.7531708221210985,0.8318014,0.7408906882591092,0,0,13,0.5,0.92,1,1,1,0.89895767
patel aashutosh,ashutosh patel,1,patel aashutosh,ashutosh patel,patel aashutosh,ashutosh patel,0.8686937937312073,0.7388113,0.5603174603174603,0,0,13,0.3333333333333333,0.97,0,0,1,0.88654673
triapathi jayesh r,jayesh r tripathi,1,triapathi jayesh r,jayesh r tripathi,triapathi jayesh r,jayesh r tripathi,0.7050402971299291,0.70301986,0.6012081600316894,0,0,16,0.5,0.97,1,0,1,0.8841986
choudhary rakesh,rajesh choudhary,1,choudhary rakesh,rajesh choudhary,choudhary rakesh,rajesh choudhary,0.7228753246545481,0.68040043,0.7211538461538461,0,0,14,0.3333333333333333,0.94,0,0,1,0.88654673
amroliwala rakesh chandrakant,rakesh c amroliwala,1,amroliwala rakesh chandrakant,rakesh c amroliwala,amroliwala rakesh chandrakant,rakesh c amroliwala,0.8469251118618301,0.8010012,0.7447065940713854,0,0,20,0.5,0.94,1,1,1,0.89895767
gupta vishal sushil,vishal s gupta,1,gupta vishal sushil,vishal s gupta,gupta vishal sushil,vishal s gupta,0.7695677318531827,0.86097443,0.6367053998632946,0,0,12,0.5,0.92,1,1,1,0.89895767
mehta avanish gunvant,avanish g mehta,1,mehta avanish gunvant,avanish g mehta,mehta avanish gunvant,avanish g mehta,0.7270906569275222,0.6927533,0.6747252747252747,0,0,12,0.5,0.93,1,1,1,0.89895767
patil priyanka,priyanka patel,1,patil priyanka,priyanka patel,patil priyanka,priyanka patel,0.7469037215777563,0.6323396,0.7896103896103897,0,0,12,0.3333333333333333,0.93,1,0,1,0.640549
marfatia yogesh shashikant,yogesh s marfatia,1,marfatia yogesh shashikant,yogesh s marfatia,marfatia yogesh shashikant,yogesh s marfatia,0.8371349405377873,0.7796758,0.7277526395173454,0,0,18,0.5,0.94,1,1,1,0.89895767
patel jitendra vinbhai,jitendra v patel,1,patel jitendra vinbhai,jitendra v patel,patel jitendra vinbhai,jitendra v patel,0.7438699933402667,0.8068653,0.6942640692640693,0,0,12,0.5,0.93,1,1,1,0.89895767
sheth lukman,lukman seth,1,sheth lukman,lukman seth,sheth lukman,lukman seth,0.8252556218241621,0.65904146,0.39141414141414144,0,0,11,0.3333333333333333,0.96,0,0,1,0.88654673
zaveri pradeep navin chandra,pradeep n zaveri,1,zaveri pradeep navin chandra,pradeep n zaveri,zaveri pradeep navin chandra,pradeep n zaveri,0.8098625342865204,0.69592965,0.6904761904761904,0,0,16,0.4,0.93,1,1,1,0.89895767
chaudhari priti,priti chaudhary,1,chaudhari priti,priti chaudhary,chaudhari priti,priti chaudhary,0.8634974175570207,0.9018629,0.6707070707070706,0,0,13,0.3333333333333333,0.93,1,0,1,0.7413408
patel deepak,deepak patil,1,patel deepak,deepak patil,patel deepak,deepak patil,0.7095475980775703,0.60814977,0.626984126984127,0,0,11,0.3333333333333333,0.92,0,0,1,0.7078203
shroff nishith hirlal,nishith h shroff,1,shroff nishith hirlal,nishith h shroff,shroff nishith hirlal,nishith h shroff,0.8076135606789272,0.89065236,0.6805555555555555,0,0,13,0.5,0.93,0,1,1,0.89895767
damania pradip raman lal,pradip r damania,1,damania pradip raman lal,pradip r damania,damania pradip raman lal,pradip r damania,0.8548305519807547,0.7429584,0.7430555555555555,0,0,13,0.4,0.93,1,1,1,0.89895767
gami samir prabhulal,samir p gami,1,gami samir prabhulal,samir p gami,gami samir prabhulal,samir p gami,0.7141905601866835,0.7914953,0.7555555555555555,0,0,13,0.5,0.91,1,1,1,0.89895767
shastri digant dhruvkumar,digant d shastri,1,shastri digant dhruvkumar,digant d shastri,shastri digant dhruvkumar,digant d shastri,0.7143332779285596,0.7504192,0.7341666666666667,0,0,17,0.5,0.93,1,1,1,0.89895767
wadia farida hoshang,farida h wadia,1,wadia farida hoshang,farida h wadia,wadia farida hoshang,farida h wadia,0.8116489356456223,0.8066118,0.7571428571428571,0,0,12,0.5,0.92,1,1,1,0.89895767
parikh madhukar vadilal,madhukar v parikh,1,parikh madhukar vadilal,madhukar v parikh,parikh madhukar vadilal,madhukar v parikh,0.7772994552483422,0.85449874,0.7539428815004262,0,0,13,0.5,0.94,0,1,1,0.89895767
bhagat ajit kumar makanbhai,ajit m bhagat,1,bhagat ajit kumar makanbhai,ajit m bhagat,bhagat ajit kumar makanbhai,ajit m bhagat,0.66026564245918,0.72054636,0.6733143399810065,0,0,18,0.4,0.92,0,1,1,0.89895767
patel ghanshyam virjibhai,ghanshyam v patel,1,patel ghanshyam virjibhai,ghanshyam v patel,patel ghanshyam virjibhai,ghanshyam v patel,0.6976872094090978,0.8118744,0.6077224736048265,0,0,14,0.5,0.94,0,1,1,0.89895767
vaghela ashwin babubhai,ashwin b vaghela,1,vaghela ashwin babubhai,ashwin b vaghela,vaghela ashwin babubhai,ashwin b vaghela,0.7694679375705429,0.8085029,0.7318840579710145,0,0,15,0.5,0.93,1,1,1,0.89895767
kathiria vinod kumar ravjibhai,vinod r kathiria,1,kathiria vinod kumar ravjibhai,vinod r kathiria,kathiria vinod kumar ravjibhai,vinod r kathiria,0.6759097291694265,0.7497138,0.6777777777777777,0,0,19,0.4,0.93,1,1,1,0.89895767
patel ashwin bavaji,ashwin b patel,1,patel ashwin bavaji,ashwin b patel,patel ashwin bavaji,ashwin b patel,0.7237358000092002,0.85797966,0.6135338345864662,0,0,11,0.5,0.92,0,1,1,0.89895767
thummar bhupendra kumar narshinbhai,bhupendra n thummar,1,thummar bhupendra kumar narshinbhai,bhupendra n thummar,thummar bhupendra kumar narshinbhai,bhupendra n thummar,0.7589501581599052,0.71733797,0.7072681704260652,0,0,22,0.4,0.94,1,1,1,0.89895767
patil ashish,ashish patel,1,patil ashish,ashish patel,patil ashish,ashish patel,0.6477634745437126,0.5463104,0.5555555555555555,0,0,11,0.3333333333333333,0.92,0,0,1,0.56464946
agrawal miss shruti b,b s agrawal,1,agrawal shruti b,b s agrawal,agrawal shruti b,b s agrawal,0.7181572089096627,0.8453865,0.6454124579124579,0,0,13,0.5,0.9,0,1,1,0.89895767
moses miss neena ashwinkumar,neena a moses,1,moses neena ashwinkumar,neena a moses,moses neena ashwinkumar,neena a moses,0.7305241619943335,0.7338032,0.701226309921962,0,0,16,0.5,0.92,1,1,1,0.89895767
bhavsar swapnil hareshkumar,swapnil h bhavsar,1,bhavsar swapnil hareshkumar,swapnil h bhavsar,bhavsar swapnil hareshkumar,swapnil h bhavsar,0.8082554721513561,0.6885898,0.739288307915759,0,0,15,0.5,0.94,0,1,1,0.89895767
vaishnani jignesh babulal,jignesh b vaishnani,1,vaishnani jignesh babulal,jignesh b vaishnani,vaishnani jignesh babulal,jignesh b vaishnani,0.7985504796355967,0.8315463,0.7621052631578947,0,0,18,0.5,0.94,1,1,1,0.89895767
singh ramesh prasad,ramesh p singh,1,singh ramesh prasad,ramesh p singh,singh ramesh prasad,ramesh p singh,0.7920871308853913,0.84637296,0.6367053998632946,0,0,12,0.5,0.92,0,1,1,0.89895767
patil hemant,hemant patel,1,patil hemant,hemant patel,patil hemant,hemant patel,0.7247796820797882,0.43916988,0.6111111111111112,0,0,12,0.3333333333333333,0.92,0,0,1,0.7301133
patel divyeshkumar,divyeshkumar v patel,1,patel divyeshkumar,divyeshkumar v patel,patel divyeshkumar,divyeshkumar v patel,0.9859245566845294,0.8831079,0.7055555555555556,0,0,14,0.6666666666666666,1.0,0,1,1,0.89895767
sunil p,sunil patki,1,sunil p,sunil patki,sunil p,sunil patki,0.5418019932870605,0.7345191,0.9272727272727272,0,1,4,0.3333333333333333,0.83,0,1,1,0.8939444
katara kiran,k kiran,1,katara kiran,k kiran,katara kiran,k kiran,0.6545889941680579,0.76085067,0.7892857142857144,0,0,5,0.3333333333333333,0.83,0,1,1,0.89895767
divya pal,p divya,1,divya pal,p divya,divya pal,p divya,0.8423424648022697,0.80081224,0.7566137566137566,0,0,6,0.3333333333333333,0.88,1,1,1,0.89895767
latha m s,m sri latha,1,latha m s,m sri latha,latha m s,m sri latha,0.792861297243159,0.7648778,0.42424242424242414,0,0,10,0.5,0.9,1,1,1,0.89895767
padma g,gvrao padma,1,padma g,gvrao padma,padma g,gvrao padma,0.5617407908620498,0.82952523,0.45598845598845594,0,0,8,0.3333333333333333,0.83,1,1,1,0.89895767
premanand raya,premanand r,1,premanand raya,premanand r,premanand raya,premanand r,0.8418694136793434,0.6848459,0.9571428571428571,0,1,3,0.3333333333333333,0.9,0,1,1,0.89880055
srinivas kumar p v,srinivas v k,1,srinivas kumar p v,srinivas v k,srinivas kumar p v,srinivas v k,0.8594358855032036,0.7803941,0.9166666666666666,0,1,8,0.4,0.91,0,1,1,0.89880055
bommi gowrisankar,gowrishankar b,1,bommi gowrisankar,gowrishankar b,bommi gowrisankar,gowrishankar b,0.5955778664686986,0.65827346,0.6876750700280111,0,0,9,0.0,0.84,0,0,1,0.83828473
kanthiteja g,gorripati kanthiteja,1,kanthiteja g,gorripati kanthiteja,kanthiteja g,gorripati kanthiteja,0.6678878995841907,0.788343,0.48888888888888893,0,0,12,0.3333333333333333,0.91,1,1,1,0.89895767
prasad n,nrv prasad,1,prasad n,nrv prasad,prasad n,nrv prasad,0.5635386262189004,0.82148707,0.7154761904761905,0,0,6,0.3333333333333333,0.89,0,1,1,0.89895767
rami naidu setti,rami naidu s,1,rami naidu setti,rami naidu s,rami naidu setti,rami naidu s,0.7610083859025792,0.8618098,0.95,0,1,4,0.5,0.91,1,1,1,0.89880055
srinivas b,srinivas bvv,1,srinivas b,srinivas bvv,srinivas b,srinivas bvv,0.6719783965930306,0.81270146,0.9666666666666667,0,1,2,0.3333333333333333,0.91,0,1,1,0.89880055
uma mahesh k r,reddy krr uma mahesh,1,uma mahesh k r,reddy krr uma mahesh,uma mahesh k r,reddy krr uma mahesh,0.6179069264988252,0.71793014,0.5494708994708996,0,0,14,0.3333333333333333,0.83,1,1,1,0.89895767
prasad a,asv prasad,1,prasad a,asv prasad,prasad a,asv prasad,0.6085808710159325,0.75008243,0.7666666666666666,0,0,6,0.3333333333333333,0.89,0,1,1,0.89895767
k prasad,prasad kls,1,k prasad,prasad kls,k prasad,prasad kls,0.5606828623041106,0.876108,0.7833333333333333,0,0,6,0.3333333333333333,0.89,0,1,1,0.89895767
prasad k,kvn prasad,1,prasad k,kvn prasad,prasad k,kvn prasad,0.5671584328027083,0.718609,0.7154761904761905,0,0,6,0.3333333333333333,0.89,0,1,1,0.89895767
sudharani m,menda sudharani,1,sudharani m,menda sudharani,sudharani m,menda sudharani,0.6971874324647049,0.79364645,0.6919191919191919,0,0,8,0.3333333333333333,0.9,1,1,1,0.89895767
r prasad,prasad rrg,1,r prasad,prasad rrg,r prasad,prasad rrg,0.5797385574305681,0.836541,0.7154761904761905,0,0,6,0.3333333333333333,0.89,0,1,1,0.89895767
surendra c,ch surendra kumar,1,surendra c,ch surendra kumar,surendra c,ch surendra kumar,0.7556460356035789,0.64391494,0.6616557734204793,0,0,8,0.25,0.89,1,1,1,0.89895767
gopal reddy k,g k reddy,1,gopal reddy k,g k reddy,gopal reddy k,g k reddy,0.6703811075476852,0.80997324,0.7948717948717947,0,0,6,0.5,0.88,0,1,1,0.89895767
manne koteswara rao,m koteswara rao,1,manne koteswara rao,m koteswara rao,manne koteswara rao,m koteswara rao,0.8271075441124722,0.8444694,0.8168421052631578,0,0,4,0.5,0.93,1,1,1,0.89895767
neeli uma jyothi,uma jyothi n,1,neeli uma jyothi,uma jyothi n,neeli uma jyothi,uma jyothi n,0.7688847943671997,0.84825057,0.716540404040404,0,0,8,0.5,0.91,1,1,1,0.89895767
rao prabhakara,prabhakarao r,1,rao prabhakara,prabhakarao r,rao prabhakara,prabhakarao r,0.8850541715470258,0.7658442,0.7560772560772561,0,0,7,0.0,0.89,0,0,1,0.84956944
subramanyam k,kvr subramanyam,1,subramanyam k,kvr subramanyam,subramanyam k,kvr subramanyam,0.747664919674956,0.6629145,0.7992229992229992,0,0,6,0.3333333333333333,0.93,0,1,1,0.89895767
sudhakar reddy n,naga sudhakar reddy,1,sudhakar reddy n,naga sudhakar reddy,sudhakar reddy n,naga sudhakar reddy,0.8442714155054295,0.82643384,0.75343567251462,0,0,7,0.5,0.93,0,1,1,0.89895767
uma rao,r uma,1,uma rao,r uma,uma rao,r uma,0.701111294414379,0.6519887,0.6238095238095238,0,0,6,0.3333333333333333,0.83,1,1,1,0.89895767
alluru giridhar,giridhar alluri,1,alluru giridhar,giridhar alluri,alluru giridhar,giridhar alluri,0.8337676230079074,0.8585072,0.5222222222222223,0,0,14,0.3333333333333333,0.93,0,0,1,0.7413408
ambernath g,gaddale ambernath,1,ambernath g,gaddale ambernath,ambernath g,gaddale ambernath,0.7349577468087458,0.7963668,0.4496434937611408,0,0,10,0.3333333333333333,0.9,0,1,1,0.89895767
sridhar rao b,b sridhar r,1,sridhar rao b,b sridhar r,sridhar rao b,b sridhar r,0.8423675618502627,0.8498255,0.8368298368298368,0,0,6,0.5,0.92,0,1,1,0.89895767
adasumalli nagaiah naidu,nagaiah naidu a,1,adasumalli nagaiah naidu,nagaiah naidu a,adasumalli nagaiah naidu,nagaiah naidu a,0.747804500812692,0.83251554,0.7194444444444444,0,0,13,0.5,0.93,0,1,1,0.89895767
a raju gadi,g a raju,1,a raju gadi,g a raju,a raju gadi,g a raju,0.6343112066851399,0.8494826,0.6942640692640693,0,0,7,0.5,0.86,0,1,1,0.89895767
mahesh g,gvg mahesh,1,mahesh g,gvg mahesh,mahesh g,gvg mahesh,0.575742783039771,0.85122263,0.7154761904761905,0,0,6,0.3333333333333333,0.89,0,1,1,0.89895767
ramanaiah kaki,k ramanaiah,1,ramanaiah kaki,k ramanaiah,ramanaiah kaki,k ramanaiah,0.758704786889253,0.893471,0.8203463203463204,0,0,7,0.3333333333333333,0.9,0,1,1,0.89895767
meram nagendra babu,nagendra babu m,1,meram nagendra babu,nagendra babu m,meram nagendra babu,nagendra babu m,0.8130559752853562,0.8938021,0.7472013366750208,0,0,8,0.5,0.93,1,1,1,0.89895767
raju p,psn raju,1,raju p,psn raju,raju p,psn raju,0.6578867690401188,0.7982902,0.4305555555555555,0,0,6,0.3333333333333333,0.86,0,1,1,0.89895767
rahul ch,c rahul,1,rahul ch,c rahul,rahul ch,c rahul,0.8022654413288937,0.90114784,0.7797619047619048,0,0,5,0.3333333333333333,0.93,0,1,1,0.89895767
ganji appa rao,g appa rao,1,ganji appa rao,g appa rao,ganji appa rao,g appa rao,0.7295324709689966,0.7787783,0.8242857142857144,0,0,4,0.5,0.89,1,1,1,0.89895767
hari das chimata,c hari das,1,hari das chimata,c hari das,hari das chimata,c hari das,0.5757763619104689,0.67386794,0.6726851851851853,0,0,10,0.5,0.89,1,1,1,0.89895767
jeevan kumar m,jeevan k,1,jeevan kumar m,jeevan k,jeevan kumar m,jeevan k,0.8434573577716588,0.61624205,0.9142857142857143,0,1,6,0.25,0.86,0,1,1,0.89880055
k suresh,k suresh kumar,1,k suresh,k suresh kumar,k suresh,k suresh kumar,0.8377130160425397,0.5772015,0.9142857142857143,0,1,6,0.6666666666666666,1.0,0,1,1,0.89880055
shyamala r,l v shyamala rao,1,shyamala r,l v shyamala rao,shyamala r,l v shyamala rao,0.8037584290215521,0.6846756,0.775,0,0,6,0.2,0.89,1,1,1,0.8983663
adi mohan rao,mohan rao a,1,adi mohan rao,mohan rao a,adi mohan rao,mohan rao a,0.7887311531541162,0.8856559,0.7972027972027972,0,0,6,0.5,0.92,0,1,1,0.89895767
nirmala r,rvm nirmala,1,nirmala r,rvm nirmala,nirmala r,rvm nirmala,0.6745996985971072,0.77812946,0.7912457912457912,0,0,6,0.3333333333333333,0.9,1,1,1,0.89895767
ramesh n,nv ramesh,1,ramesh n,nv ramesh,ramesh n,nv ramesh,0.6709049760345941,0.8336951,0.8055555555555555,0,0,5,0.3333333333333333,0.94,0,1,1,0.89895767
vidyasagar reddy c,chappidi vidyasagar reddy,1,vidyasagar reddy c,chappidi vidyasagar reddy,vidyasagar reddy c,chappidi vidyasagar reddy,0.7245388753570109,0.79743826,0.7375599128540306,0,0,11,0.5,0.94,0,1,1,0.89895767
srinivasarao gorle,g srinivasarao,1,srinivasarao gorle,g srinivasarao,srinivasarao gorle,g srinivasarao,0.7251614204712429,0.7998309,0.8412698412698413,0,0,8,0.3333333333333333,0.92,0,1,1,0.8989275
suresh t,suresh kumar t,1,suresh t,suresh kumar t,suresh t,suresh kumar t,0.8425316539265145,0.5645242,0.9142857142857143,0,0,6,0.6666666666666666,1.0,0,1,1,0.89880055
yenduru ramasubbaiah,ramasubbaiah y,1,yenduru ramasubbaiah,ramasubbaiah y,yenduru ramasubbaiah,ramasubbaiah y,0.7498009081766955,0.7388006,0.7313186813186814,0,0,10,0.3333333333333333,0.92,0,1,1,0.89895767
sharathchandra y,sarathchandra,1,sharathchandra y,sarathchandra,sharathchandra y,sarathchandra,0.85590646744488,0.5735514,0.8745192307692307,0,1,3,0.0,0.9,1,0,1,0.88025403
k santosh kumar,santosh,1,k santosh kumar,santosh,k santosh kumar,santosh,0.8455820417847346,0.62994415,0.8222222222222223,0,0,8,0.3333333333333333,1.0,0,0,1,0.86267793
satish srinivas pasam,p satish srinivas,1,satish srinivas pasam,p satish srinivas,satish srinivas pasam,p satish srinivas,0.8263138995985603,0.8849306,0.7343604108309991,0,0,8,0.5,0.94,0,1,1,0.89895767
satyanand kalla,k satyanand,1,satyanand kalla,k satyanand,satyanand kalla,k satyanand,0.7759593515413574,0.7918105,0.806060606060606,0,0,8,0.3333333333333333,0.9,0,1,1,0.89895767
sree ram s,sree ram sateesh,1,sree ram s,sree ram sateesh,sree ram s,sree ram sateesh,0.6519208501204594,0.8596237,0.925,0,1,6,0.5,0.89,0,1,1,0.89880055
sridhar a,sridhar avvsn,1,sridhar a,sridhar avvsn,sridhar a,sridhar avvsn,0.5431764996960332,0.79656935,0.9384615384615385,0,1,4,0.3333333333333333,0.88,0,1,1,0.8939444
geetha kumar p,geetha p,1,geetha kumar p,geetha p,geetha kumar p,geetha p,0.8755117497625173,0.55522346,0.9142857142857143,0,0,6,0.6666666666666666,1.0,1,1,1,0.89880055
v suresh,v suresh kumar,1,v suresh,v suresh kumar,v suresh,v suresh kumar,0.8379482740767279,0.6026082,0.9142857142857143,0,1,6,0.6666666666666666,1.0,0,1,1,0.89880055
a raju,avn raju,1,a raju,avn raju,a raju,avn raju,0.5801467676977143,0.79312634,0.9249999999999999,0,0,2,0.3333333333333333,0.86,0,1,1,0.89880055
gowri anil kumar,a gowri,1,gowri anil kumar,a gowri,gowri anil kumar,a gowri,0.7772309178072511,0.4980329,0.6696428571428571,0,0,13,0.25,0.83,1,1,1,0.89895767
satyanarayana b,bvv satyanarayana,1,satyanarayana b,bvv satyanarayana,satyanarayana b,bvv satyanarayana,0.7898739190191857,0.81843734,0.8771241830065359,0,0,6,0.3333333333333333,0.94,1,1,1,0.89880055
prasad b,brk prasad,1,prasad b,brk prasad,prasad b,brk prasad,0.5850210971664435,0.7951651,0.7154761904761905,0,0,6,0.3333333333333333,0.89,0,1,1,0.89895767
ramakrishna p,pv ramakrishna,1,ramakrishna p,pv ramakrishna,ramakrishna p,pv ramakrishna,0.7832307136308216,0.8868954,0.8772893772893773,0,0,5,0.3333333333333333,0.96,1,1,1,0.89880055
b prasad,bsrk prasad,1,b prasad,bsrk prasad,b prasad,bsrk prasad,0.6782012006821604,0.85697883,0.8431818181818183,0,0,3,0.3333333333333333,0.86,0,1,1,0.8989275
seshagiri rao doddi,d seshagiri rao,1,seshagiri rao doddi,d seshagiri rao,seshagiri rao doddi,d seshagiri rao,0.7628124431036658,0.8219064,0.723391812865497,0,0,8,0.5,0.93,1,1,1,0.89895767
pushpa r,pushpa raj,1,pushpa r,pushpa raj,pushpa r,pushpa raj,0.9024772362509648,0.696539,0.96,0,1,2,0.3333333333333333,0.89,1,1,1,0.89880055
r narayanan,rv narayana,1,r narayanan,rv narayana,r narayanan,rv narayana,0.6595412138208727,0.76141375,0.9454545454545455,0,0,2,0.0,0.91,0,0,1,0.8848276
pydi durga kumari,durga kumari p,1,pydi durga kumari,durga kumari p,pydi durga kumari,durga kumari p,0.7021848151449872,0.9064936,0.7439129497953028,0,0,7,0.5,0.92,1,1,1,0.89895767
venu  reddy m,v reddy,1,venu reddy m,v reddy,venu reddy m,v reddy,0.6597969707714144,0.6820823,0.8321428571428573,0,0,5,0.25,0.83,0,1,1,0.89895767
prasada raju k r s,krs prasada raju,1,prasada raju k r s,krs prasada raju,prasada raju k r s,krs prasada raju,0.7421724468561244,0.916461,0.7414021164021163,0,0,10,0.3333333333333333,0.94,1,0,1,0.88654673
kode satya sai prasad,satya sai prasad k,1,kode satya sai prasad,satya sai prasad k,kode satya sai prasad,satya sai prasad k,0.8005027031922994,0.88819754,0.7611266728913787,0,0,7,0.6,0.94,1,1,1,0.89895767
kumar naik d,naik,1,kumar naik d,naik,kumar naik d,naik,0.7708354038141227,0.6696599,0.38888888888888884,0,0,8,0.3333333333333333,1.0,0,0,1,0.8655645
d krishna,krishna das,1,d krishna,krishna das,d krishna,krishna das,0.8091345686272344,0.79707456,0.8047138047138048,0,0,6,0.3333333333333333,0.9,1,1,1,0.89895767
komaeri sambasivarao,sambasivarao k,1,komaeri sambasivarao,sambasivarao k,komaeri sambasivarao,sambasivarao k,0.6996870025778414,0.88666,0.7313186813186814,0,0,10,0.3333333333333333,0.92,0,1,1,0.89895767
babu s,sai babu,1,babu s,sai babu,babu s,sai babu,0.783239564249668,0.74235207,0.5138888888888888,0,0,6,0.3333333333333333,0.86,0,1,1,0.89895767
babu c,ch babu,1,babu c,ch babu,babu c,ch babu,0.791901347170269,0.86435944,0.373015873015873,0,0,5,0.3333333333333333,0.92,0,1,1,0.89895767
srinivasa raghuji r,raghuji r s,1,srinivasa raghuji r,raghuji r s,srinivasa raghuji r,raghuji r s,0.7378815765375836,0.7799889,0.5254044201412622,0,0,12,0.5,0.9,1,1,1,0.89895767
satyanarayana k,kv satyanarayana,1,satyanarayana k,kv satyanarayana,satyanarayana k,kv satyanarayana,0.8689199857125074,0.79510933,0.8930555555555556,0,0,5,0.3333333333333333,0.97,1,1,1,0.89880055
srinivas rao p v,p srinivas rao,1,srinivas rao p v,p srinivas rao,srinivas rao p v,p srinivas rao,0.9733755533165849,0.8976892,0.7598443223443224,0,0,6,0.75,1.0,0,1,1,0.89895767
badugu radha madhavi,radha madhavi b,1,badugu radha madhavi,radha madhavi b,badugu radha madhavi,radha madhavi b,0.7200011937874027,0.84384763,0.7587301587301587,0,0,9,0.5,0.93,1,1,1,0.89895767
badugu rao bahadur,rao bahadur b,1,badugu rao bahadur,rao bahadur b,badugu rao bahadur,rao bahadur b,0.7582965698728817,0.8351424,0.7535612535612536,0,0,9,0.5,0.92,0,1,1,0.89895767
lakshmana s,y lakshmana swamy,1,lakshmana s,y lakshmana swamy,lakshmana s,y lakshmana swamy,0.7305885539588692,0.6874094,0.8823529411764706,0,0,6,0.25,0.9,1,1,1,0.89880055
venkat kumar b,b venkat,1,venkat kumar b,b venkat,venkat kumar b,b venkat,0.8810146869946234,0.7684294,0.6488095238095238,0,0,10,0.6666666666666666,1.0,0,1,1,0.89895767
k srujana,kgs srujana,1,k srujana,kgs srujana,k srujana,kgs srujana,0.7220722236485702,0.8020655,0.9121212121212121,0,1,2,0.3333333333333333,0.9,1,1,1,0.89880055
a shashank,shasank,1,a shashank,shasank,a shashank,shasank,0.6230891405841013,0.7242793,0.8047619047619047,0,0,3,0.0,0.82,0,0,1,0.86603874
ganesh kumar g,g ganesh,1,ganesh kumar g,g ganesh,ganesh kumar g,g ganesh,0.8587286344799175,0.80837274,0.6488095238095238,0,0,10,0.6666666666666666,1.0,0,0,1,0.8850593
nekkanty ravi,ravi nekkanti,1,nekkanty ravi,ravi nekkanti,nekkanty ravi,ravi nekkanti,0.8131095836137766,0.90001583,0.7128205128205128,0,0,10,0.3333333333333333,0.92,1,0,1,0.7249791
sanjeevvaiah a,sanjeevaiah akula,1,sanjeevvaiah a,sanjeevaiah akula,sanjeevvaiah a,sanjeevaiah akula,0.5790060594680305,0.7969949,0.938655462184874,0,1,5,0.0,0.84,0,0,1,0.8659629
sree sailaja pindugu,p sree sailaja,1,sree sailaja pindugu,p sree sailaja,sree sailaja pindugu,p sree sailaja,0.7009820139502998,0.83472955,0.7056776556776557,0,0,10,0.5,0.92,1,1,1,0.89895767
koteswara rao naza,n koteswara rao,1,koteswara rao naza,n koteswara rao,koteswara rao naza,n koteswara rao,0.8173352338905546,0.86466706,0.737037037037037,0,0,7,0.5,0.93,1,1,1,0.89895767
bal reddy m,b reddy,1,bal reddy m,b reddy,bal reddy m,b reddy,0.7516941386576423,0.7817265,0.8909090909090909,0,0,4,0.25,0.83,0,1,1,0.89880055
yeluri seshagiri rao,seshagiri rao y,1,yeluri seshagiri rao,seshagiri rao y,yeluri seshagiri rao,seshagiri rao y,0.7474537767179482,0.83556134,0.734920634920635,0,0,9,0.5,0.93,1,1,1,0.89895767
subbarayudu k,subbarayedu,1,subbarayudu k,subbarayedu,subbarayudu k,subbarayedu,0.5356919280338696,0.71545815,0.9156643356643357,0,1,3,0.0,0.83,0,0,1,0.87318426
prasad v,vara prasad,1,prasad v,vara prasad,prasad v,vara prasad,0.7383400012463065,0.6886731,0.537878787878788,0,0,7,0.3333333333333333,0.86,0,1,1,0.89895767
subba rao n v,v s n rao,1,subba rao n v,v s n rao,subba rao n v,v s n rao,0.5644032313237737,0.742869,0.5982905982905983,0,0,9,0.6,0.88,0,1,1,0.89895767
s kapil,kapil singla,1,s kapil,kapil singla,s kapil,kapil singla,0.6955816822784151,0.7588849,0.6190476190476191,0,0,9,0.3333333333333333,0.83,0,1,1,0.89895767
d rekha,rekha dutt,1,d rekha,rekha dutt,d rekha,rekha dutt,0.6836009934315133,0.82398796,0.6523809523809524,0,0,7,0.3333333333333333,0.83,1,1,1,0.89895767
durga prasad k,durga prasad kyv,1,durga prasad k,durga prasad kyv,durga prasad k,durga prasad kyv,0.7438701719445759,0.87889713,0.975,0,1,2,0.5,0.93,1,1,1,0.89880055
kuruganti prasanna purna,prasanna purna k,1,kuruganti prasanna purna,prasanna purna k,kuruganti prasanna purna,prasanna purna k,0.7494303656345859,0.84634554,0.7208333333333333,0,0,12,0.5,0.93,1,1,1,0.89895767
suresh kumar m,suresh m,1,suresh kumar m,suresh m,suresh kumar m,suresh m,0.8344115507172966,0.5687038,0.9142857142857143,0,0,6,0.6666666666666666,1.0,0,1,1,0.89880055
revathi j,revathi jasti,1,revathi j,revathi jasti,revathi j,revathi jasti,0.7113123040124256,0.8670548,0.9384615384615385,0,1,4,0.3333333333333333,0.88,1,1,1,0.89880055
s parvathi,parvathi satti,1,s parvathi,parvathi satti,s parvathi,parvathi satti,0.7715391262663496,0.78952116,0.7904761904761904,0,0,8,0.3333333333333333,0.89,1,1,1,0.89895767
naveen k,naveen kumar,1,naveen k,naveen kumar,naveen k,naveen kumar,0.8365657311837197,0.6423593,0.9333333333333333,0,1,4,0.3333333333333333,0.86,0,1,1,0.89880055
g ashish,ashish gaur,1,g ashish,ashish gaur,g ashish,ashish gaur,0.6659418619505043,0.77472603,0.7651515151515151,0,0,7,0.3333333333333333,0.86,0,1,1,0.89895767
shashank p,shashank d patil,1,shashank p,shashank d patil,shashank p,shashank d patil,0.7547697775569654,0.8106586,0.925,0,1,6,0.25,0.89,0,1,1,0.89880055
r sangram,sangram rathod,1,r sangram,sangram rathod,r sangram,sangram rathod,0.7218085689502219,0.5729333,0.7328042328042329,0,0,9,0.3333333333333333,0.88,0,1,1,0.89895767
sidda naik b,s b naik,1,sidda naik b,s b naik,sidda naik b,s b naik,0.6236867686512981,0.6853112,0.6388888888888888,0,0,6,0.5,0.86,0,1,1,0.89895767
srinivas r,ravi srinivas,1,srinivas r,ravi srinivas,srinivas r,ravi srinivas,0.8412727551333877,0.80829096,0.7564102564102564,0,0,7,0.3333333333333333,0.89,0,1,1,0.89895767
subba rao b v,b v subba,1,subba rao b v,b v subba,subba rao b v,b v subba,0.8756285807961243,0.72674704,0.6292226292226292,0,0,10,0.75,1.0,1,1,1,0.89895767
b suresh,b suresh kumar,1,b suresh,b suresh kumar,b suresh,b suresh kumar,0.839568951125328,0.53598285,0.9142857142857143,0,1,6,0.6666666666666666,1.0,0,1,1,0.89880055
g praneeth kumar reddy,k praneeth reddy,1,g praneeth kumar reddy,k praneeth reddy,g praneeth kumar reddy,k praneeth reddy,0.8952278551357546,0.8608688,0.8731060606060606,0,0,7,0.4,0.93,0,1,1,0.89880055
syed rahmatullah,s rahamatullah,1,syed rahmatullah,s rahamatullah,syed rahmatullah,s rahamatullah,0.6491623013574146,0.5203537,0.8530906593406593,0,0,4,0.0,0.87,0,0,1,0.8609258
rajender k,rajender kumar,1,rajender k,rajender kumar,rajender k,rajender kumar,0.8697869516752915,0.80629396,0.9428571428571428,0,1,4,0.3333333333333333,0.89,0,1,1,0.89880055
nagi reddy bandi,b nagi reddy,1,nagi reddy bandi,b nagi reddy,nagi reddy bandi,b nagi reddy,0.7983233463073475,0.84824306,0.716540404040404,0,0,8,0.5,0.91,1,1,1,0.89895767
hareesh kumar g,g k hareesh,1,hareesh kumar g,g k hareesh,hareesh kumar g,g k hareesh,0.8655346141993991,0.8002679,0.6579124579124579,0,0,12,0.5,0.9,0,1,1,0.89895767
ramachandra kumar ch,k ramachandra,1,ramachandra kumar ch,k ramachandra,ramachandra kumar ch,k ramachandra,0.8167623335240387,0.75844216,0.7987179487179487,0,0,11,0.25,0.92,1,1,1,0.89895767
krishnakanth k,krishnakanth kanth,1,krishnakanth k,krishnakanth kanth,krishnakanth k,krishnakanth kanth,0.9168803123392391,0.77892494,0.9555555555555556,0,1,4,0.3333333333333333,0.92,0,1,1,0.89880055
malathi j,malathi jonna,1,malathi j,malathi jonna,malathi j,malathi jonna,0.6254591324506502,0.8353175,0.9384615384615385,0,1,4,0.3333333333333333,0.88,1,1,1,0.89880055
bukke ramanjaneya naik,ramanjaneya naik b,1,bukke ramanjaneya naik,ramanjaneya naik b,bukke ramanjaneya naik,ramanjaneya naik b,0.745263460820269,0.88417697,0.7488611606258665,0,0,8,0.5,0.94,1,1,1,0.89895767
rasheed j,javed rasheed,1,rasheed j,javed rasheed,rasheed j,javed rasheed,0.7253511220183784,0.85407776,0.58005698005698,0,0,8,0.3333333333333333,0.88,0,1,1,0.89895767
n satish,n satish kumar,1,n satish,n satish kumar,n satish,n satish kumar,0.8528658900525478,0.6190544,0.9142857142857143,0,1,6,0.6666666666666666,1.0,0,1,1,0.89880055
dasari ravi,r dasari,1,dasari ravi,r dasari,dasari ravi,r dasari,0.7990969281812387,0.7732916,0.6942640692640693,0,0,7,0.3333333333333333,0.86,1,1,1,0.89895767
syed jawad hussain,s jawad hussain,1,syed jawad hussain,s jawad hussain,syed jawad hussain,s jawad hussain,0.8372776258176756,0.86557865,0.8900000000000001,0,0,3,0.5,0.93,0,1,1,0.89880055
ustad mohammed umar,ustad m umar,1,ustad mohammed umar,ustad m umar,ustad mohammed umar,ustad m umar,0.7617734548184187,0.86082757,0.8929824561403509,0,1,7,0.5,0.91,0,1,1,0.89880055
ram mohan g,g r mohan,1,ram mohan g,g r mohan,ram mohan g,g r mohan,0.8275995441188411,0.8748311,0.757094757094757,0,0,5,0.5,0.9,0,1,1,0.89895767
abdul naveed h,h a naveed,1,abdul naveed h,h a naveed,abdul naveed h,h a naveed,0.7148271629203337,0.62378293,0.7488095238095238,0,0,7,0.5,0.89,0,1,1,0.89895767
karre krishnadevarayalu,k krishnadevarayalu,1,karre krishnadevarayalu,k krishnadevarayalu,karre krishnadevarayalu,k krishnadevarayalu,0.8416204739681997,0.88247216,0.8372997711670482,0,0,4,0.3333333333333333,0.94,0,1,1,0.89895767
gelivi sahadevudu,g sahadevudu,1,gelivi sahadevudu,g sahadevudu,gelivi sahadevudu,g sahadevudu,0.7503337068446957,0.712861,0.8367647058823531,0,0,5,0.3333333333333333,0.91,0,1,1,0.89895767
nagarjuna reddy palla,p nagarjuna reddy,1,nagarjuna reddy palla,p nagarjuna reddy,nagarjuna reddy palla,p nagarjuna reddy,0.8644200284148964,0.9212567,0.7551937441643325,0,0,8,0.5,0.94,1,1,1,0.89895767
anand raju b,b a raju,1,anand raju b,b a raju,anand raju b,b a raju,0.7189660185028757,0.87711823,0.6944444444444445,0,0,6,0.5,0.86,0,1,1,0.89895767
avala rudra nagendra rao,a rudra nagendra,1,avala rudra nagendra rao,a rudra nagendra,avala rudra nagendra rao,a rudra nagendra,0.8206149579659128,0.6458733,0.7687499999999999,0,0,8,0.4,0.93,1,1,1,0.89895767
jyothsna p,pinni jyothsna,1,jyothsna p,pinni jyothsna,jyothsna p,pinni jyothsna,0.7879797596385589,0.7662028,0.6994708994708995,0,0,8,0.3333333333333333,0.89,1,1,1,0.89895767
n a tejaswitha gudivada,g n a tejaswitha,1,n a tejaswitha gudivada,g n a tejaswitha,n a tejaswitha gudivada,g n a tejaswitha,0.7397421795478578,0.81463844,0.7076690821256039,0,0,11,0.6,0.93,1,1,1,0.89895767
gurunadha rao ponnana,p gurunadha rao,1,gurunadha rao ponnana,p gurunadha rao,gurunadha rao ponnana,p gurunadha rao,0.7662926191633893,0.8836415,0.7000000000000001,0,0,10,0.5,0.93,1,1,1,0.89895767
r samhita,raga samhitha,1,r samhita,raga samhitha,r samhita,raga samhitha,0.6847313446231166,0.46194094,0.7743589743589744,0,0,4,0.0,0.82,1,0,1,0.8527823
b revanth kumar,revanth b,1,b revanth kumar,revanth b,b revanth kumar,revanth b,0.9021632006490631,0.7143835,0.6407407407407407,0,0,7,0.6666666666666666,1.0,0,1,1,0.89895767
shivakumar,v sivakumar,1,s hivakumar,v sivakumar,s hivakumar,v sivakumar,0.6396384208818446,0.34648314,0.9060606060606061,0,0,2,0.0,0.82,0,0,1,0.8838407
srimukhi anumolu,a srimukhi,1,srimukhi anumolu,a srimukhi,srimukhi anumolu,a srimukhi,0.6831153408936079,0.8324903,0.6726851851851853,0,0,10,0.3333333333333333,0.89,1,1,1,0.89895767
moka appa rao,appa rao m,1,moka appa rao,appa rao m,moka appa rao,appa rao m,0.7184358986297791,0.7940053,0.7159544159544161,0,0,7,0.5,0.89,1,1,1,0.89895767
umasri a,anne umasri,1,umasri a,anne umasri,umasri a,anne umasri,0.7668090318733718,0.7103819,0.5492424242424242,0,0,7,0.3333333333333333,0.86,1,1,1,0.89895767
indu sree satti,indu sree s,1,indu sree satti,indu sree s,indu sree satti,indu sree s,0.7646018776108836,0.83713734,0.9466666666666667,0,1,4,0.5,0.9,0,1,1,0.89880055
dullapalli sudeena,sudeena dulapalli,1,dullapalli sudeena,sudeena dulapalli,dullapalli sudeena,sudeena dulapalli,0.8545578373942119,0.6898124,0.6751298810122339,0,0,16,0.3333333333333333,0.97,1,0,1,0.88654673
rajani kanth tenneru v,t v rajani kanth,1,rajani kanth tenneru v,t v rajani kanth,rajani kanth tenneru v,t v rajani kanth,0.603380684884934,0.8092655,0.717550505050505,0,0,14,0.6,0.93,1,1,1,0.89895767
monees hussain s,s m hussain,1,monees hussain s,s m hussain,monees hussain s,s m hussain,0.6912818419696175,0.7248136,0.8113636363636364,0,0,8,0.5,0.9,0,1,1,0.89895767
ramanjineyulu c,ch ramanjaneyulu,1,ramanjineyulu c,ch ramanjaneyulu,ramanjineyulu c,ch ramanjaneyulu,0.6678040685047133,0.80302286,0.85,0,0,6,0.0,0.9,0,0,1,0.85786104
nirupama v,nirupama vaddi,1,nirupama v,nirupama vaddi,nirupama v,nirupama vaddi,0.740835885722284,0.7471882,0.9428571428571428,0,1,4,0.3333333333333333,0.89,1,1,1,0.89880055
mandi seetarama rao,m seetarama rao,1,mandi seetarama rao,m seetarama rao,mandi seetarama rao,m seetarama rao,0.8594432380115805,0.8474952,0.8168421052631578,0,0,4,0.5,0.93,1,1,1,0.89895767
yasam vanaja,y vanaja,1,yasam vanaja,y vanaja,yasam vanaja,y vanaja,0.7248898806472824,0.75756884,0.7875,0,0,4,0.3333333333333333,0.86,1,1,1,0.89895767
s akhila,akhila sai,1,s akhila,akhila sai,s akhila,akhila sai,0.8482761839183749,0.77947366,0.7833333333333333,0,0,6,0.3333333333333333,0.89,1,1,1,0.89895767
tetali narasimharao,t narasimharao,1,tetali narasimharao,t narasimharao,tetali narasimharao,t narasimharao,0.7667188861075563,0.8431489,0.8139097744360902,0,0,5,0.3333333333333333,0.92,0,1,1,0.89895767
madhu bindu vani n,v madhu bindu,1,madhu bindu vani n,v madhu bindu,madhu bindu vani n,v madhu bindu,0.8487838759662407,0.86134446,0.6965811965811967,0,0,9,0.4,0.92,0,1,1,0.89895767
ratna olga thumati,ratna olga t,1,ratna olga thumati,ratna olga t,ratna olga thumati,ratna olga t,0.7875175559866022,0.8793488,0.9333333333333333,0,1,6,0.5,0.91,1,1,1,0.89880055
rajendra naik b,n b rajendra,1,rajendra naik b,n b rajendra,rajendra naik b,n b rajendra,0.7816861513023213,0.8291087,0.6666666666666666,0,0,11,0.5,0.91,1,1,1,0.89895767
hyndavi madala,m hyndavi,1,hyndavi madala,m hyndavi,hyndavi madala,m hyndavi,0.8252938851374891,0.8575187,0.6534391534391534,0,0,9,0.3333333333333333,0.88,1,1,1,0.89895767
remalli nanayya,r nanayya,1,remalli nanayya,r nanayya,remalli nanayya,r nanayya,0.7095662004087958,0.7838694,0.78,0,0,6,0.3333333333333333,0.88,1,1,1,0.89895767
a chaitanya,chaitanya adurty,1,a chaitanya,chaitanya adurty,a chaitanya,chaitanya adurty,0.7008017090274786,0.83129495,0.7113636363636364,0,0,9,0.3333333333333333,0.9,1,1,1,0.89895767
satyam babu tella,t satyam babu,1,satyam babu tella,t satyam babu,satyam babu tella,t satyam babu,0.7598862017415399,0.8198128,0.7096530920060332,0,0,8,0.5,0.92,0,1,1,0.89895767
krishna reddy s v,s krishna reddy,1,krishna reddy s v,s krishna reddy,krishna reddy s v,s krishna reddy,0.9727343170914,0.8832911,0.7760971055088701,0,0,6,0.75,1.0,1,1,1,0.89895767
konuku srinivasarao,srinivasarao k,1,konuku srinivasarao,srinivasarao k,konuku srinivasarao,srinivasarao k,0.6918169336949628,0.8642139,0.7170811644495855,0,0,9,0.3333333333333333,0.92,0,1,1,0.89895767
nazeer basha s,syed nazeer basha,1,nazeer basha s,syed nazeer basha,nazeer basha s,syed nazeer basha,0.8191782856639875,0.852281,0.7439129497953028,0,0,7,0.5,0.92,1,1,1,0.89895767
bonu krishna murthy,b krishna murthy,1,bonu krishna murthy,b krishna murthy,bonu krishna murthy,b krishna murthy,0.7737152149293607,0.891098,0.8588815789473684,0,0,3,0.5,0.93,1,1,1,0.89880055
eda kishore,e kishore,1,eda kishore,e kishore,eda kishore,e kishore,0.7734761660696704,0.76555914,0.9454545454545455,0,0,2,0.3333333333333333,0.9,0,1,1,0.89880055
malla reddy s,m s reddy,1,malla reddy s,m s reddy,malla reddy s,m s reddy,0.6957574777397211,0.7642368,0.7948717948717947,0,0,6,0.5,0.88,0,1,1,0.89895767
sudheer n,nv sudheer kumar,1,sudheer n,nv sudheer kumar,sudheer n,nv sudheer kumar,0.718490038761308,0.63358,0.6712962962962963,0,0,8,0.25,0.88,0,1,1,0.89895767
a chandra priya,p a chandra,1,a chandra priya,p a chandra,a chandra priya,p a chandra,0.7105368258412946,0.8081632,0.6919191919191919,0,0,8,0.5,0.9,1,1,1,0.89895767
g pavankumar,pavankumar ganga,1,g pavankumar,pavankumar ganga,g pavankumar,pavankumar ganga,0.7816496519056497,0.7093503,0.8194444444444445,0,0,8,0.3333333333333333,0.91,0,1,1,0.89895767
reddy abhinaya p,abhinaya reddy,1,reddy abhinaya p,abhinaya reddy,reddy abhinaya p,abhinaya reddy,0.9794037887249061,0.90367293,0.6464285714285715,0,0,11,0.6666666666666666,1.0,1,1,1,0.89895767
sai prasad tadi,sai prasad t,1,sai prasad tadi,sai prasad t,sai prasad tadi,sai prasad t,0.7046839660690519,0.83882034,0.96,0,1,3,0.5,0.91,1,1,1,0.89880055
p geetha,p geetha kumar,1,p geetha,p geetha kumar,p geetha,p geetha kumar,0.8755117497625173,0.6190773,0.9142857142857143,0,0,6,0.6666666666666666,1.0,1,1,1,0.89880055
ashok kumar b c,b k ashok,1,ashok kumar b c,b k ashok,ashok kumar b c,b k ashok,0.788420678167802,0.806929,0.6052910052910053,0,0,12,0.4,0.88,0,1,1,0.89895767
batchu sowdamini,b sowdamini,1,batchu sowdamini,b sowdamini,batchu sowdamini,b sowdamini,0.7206419084789284,0.70667005,0.8244318181818183,0,0,5,0.3333333333333333,0.9,1,1,1,0.89895767
sai sunil kishore m,m s sunil kishore,1,sai sunil kishore m,m s sunil kishore,sai sunil kishore m,m s sunil kishore,0.907991533301517,0.8513003,0.8444272445820434,0,0,5,0.6,0.94,0,1,1,0.8989275
reddi geeta vandana,r geeta vandana,1,reddi geeta vandana,r geeta vandana,reddi geeta vandana,r geeta vandana,0.8108717870885345,0.8533137,0.8368421052631579,0,0,4,0.5,0.93,1,1,1,0.89895767
kishore s,sabbu kishore,1,kishore s,sabbu kishore,kishore s,sabbu kishore,0.6614546689627213,0.73480177,0.5213675213675214,0,0,8,0.3333333333333333,0.88,0,1,1,0.89895767
v e rama naidu mopada,m v e rama naidu,1,v e rama naidu mopada,m v e rama naidu,v e rama naidu mopada,m v e rama naidu,0.7154895958363087,0.87704647,0.7956349206349206,0,0,9,0.6666666666666666,0.93,1,0,1,0.6352045
maddu satya rao,m satya rao,1,maddu satya rao,m satya rao,maddu satya rao,m satya rao,0.6892773008752191,0.88514537,0.8109090909090909,0,0,4,0.5,0.9,1,1,1,0.89895767
priyanka t,priyanka tanna,1,priyanka t,priyanka tanna,priyanka t,priyanka tanna,0.7383033417493541,0.85530853,0.9428571428571428,0,1,4,0.3333333333333333,0.89,1,1,1,0.89880055
badam rajani kumari,rajani kumari b,1,badam rajani kumari,rajani kumari b,badam rajani kumari,rajani kumari b,0.7256545510283072,0.8609993,0.7472013366750208,0,0,8,0.5,0.93,1,1,1,0.89895767
ramesh chandra paidi,p ramesh chandra,1,ramesh chandra paidi,p ramesh chandra,ramesh chandra paidi,p ramesh chandra,0.6915176786047034,0.85649556,0.7402777777777777,0,0,8,0.5,0.93,1,1,1,0.89895767
r somasekhar,rvs somasekher,1,r somasekhar,rvs somasekher,r somasekhar,rvs somasekher,0.5900748021908075,0.6492752,0.8288961038961039,0,0,3,0.0,0.85,0,0,1,0.86491543
seshagiri rao meka,m seshagiri rao,1,seshagiri rao meka,m seshagiri rao,seshagiri rao meka,m seshagiri rao,0.8380074242647517,0.87632465,0.737037037037037,0,0,7,0.5,0.93,1,1,1,0.89895767
avala ravi charan,ravi charan a,1,avala ravi charan,ravi charan a,avala ravi charan,ravi charan a,0.7286141968677415,0.76552784,0.7677224736048265,0,0,8,0.5,0.92,1,1,1,0.89895767
rohit kishore talluri,t rohit kishore,1,rohit kishore talluri,t rohit kishore,rohit kishore talluri,t rohit kishore,0.7366298514748724,0.731585,0.7492063492063492,0,0,10,0.5,0.93,0,1,1,0.89895767
vinod kumar reddy t,t v reddy,1,vinod kumar reddy t,t v reddy,vinod kumar reddy t,t v reddy,0.6238706536454734,0.7908955,0.6866471734892787,0,0,12,0.4,0.88,0,1,1,0.89895767
nived rao b,b n rao,1,nived rao b,b n rao,nived rao b,b n rao,0.5445949851400186,0.85308206,0.6562770562770562,0,0,7,0.5,0.83,0,1,1,0.8944135
vuba ramarao,v ramarao,1,vuba ramarao,v ramarao,vuba ramarao,v ramarao,0.6172432926026885,0.8650715,0.825,0,0,3,0.3333333333333333,0.88,0,1,1,0.89895767
ganji gurunadha rao,g gurunadha rao,1,ganji gurunadha rao,g gurunadha rao,ganji gurunadha rao,g gurunadha rao,0.8186378038792214,0.8755021,0.8168421052631578,0,0,4,0.5,0.93,1,1,1,0.89895767
b sravanthi,sravanthi bnl,1,b sravanthi,sravanthi bnl,b sravanthi,sravanthi bnl,0.6923240890914504,0.8801543,0.8368298368298368,0,0,6,0.3333333333333333,0.92,1,1,1,0.89895767
d s n murthy yellapu,y d s n murthy,1,d s n murthy yellapu,y d s n murthy,d s n murthy yellapu,y d s n murthy,0.5932984877935037,0.75290406,0.7056776556776557,0,0,10,0.6666666666666666,0.92,0,0,1,0.56464946
sreedevi v,sreedevi vanugu,1,sreedevi v,sreedevi vanugu,sreedevi v,sreedevi vanugu,0.6980375086518146,0.7837396,0.9333333333333333,0,1,5,0.3333333333333333,0.89,1,1,1,0.89880055
attili venkata ratnam,v ratnam attili,1,attili venkata ratnam,v ratnam attili,attili venkata ratnam,v ratnam attili,0.8375725417057723,0.78273785,0.6747252747252747,0,0,17,0.5,0.93,1,1,1,0.89895767
kedarnath baranasi,b kedarnath,1,kedarnath baranasi,b kedarnath,kedarnath baranasi,b kedarnath,0.7743923307042994,0.8365271,0.6548821548821548,0,0,11,0.3333333333333333,0.9,0,1,1,0.89895767
sandhya b,sandhya burle,1,sandhya b,sandhya burle,sandhya b,sandhya burle,0.5969779284653041,0.8071508,0.9384615384615385,0,1,4,0.3333333333333333,0.88,1,1,1,0.89880055
chaitanya a,chaitanya anem,1,chaitanya a,chaitanya anem,chaitanya a,chaitanya anem,0.7773391118520083,0.8977872,0.9571428571428571,0,0,3,0.3333333333333333,0.9,1,1,1,0.89880055
sathi veerreddy,s veerreddy,1,sathi veerreddy,s veerreddy,sathi veerreddy,s veerreddy,0.8774994567611191,0.5972309,0.9199999999999999,0,0,4,0.3333333333333333,0.9,0,1,1,0.89880055
athili veera raja,a veera raja,1,athili veera raja,a veera raja,athili veera raja,a veera raja,0.7179729560816235,0.81630623,0.9117647058823529,0,0,5,0.5,0.91,1,1,1,0.89880055
narendra kumar vadde,v narendra,1,narendra kumar vadde,v narendra,narendra kumar vadde,v narendra,0.6025943631255575,0.6594332,0.6351851851851852,0,0,14,0.25,0.89,1,1,1,0.89895767
durga prasad bayya,b durga prasad,1,durga prasad bayya,b durga prasad,durga prasad bayya,b durga prasad,0.7431509899281269,0.84851265,0.7297517297517296,0,0,8,0.5,0.92,1,1,1,0.89895767
satyanarayan v,k v satyanarayan,1,satyanarayan v,k v satyanarayan,satyanarayan v,k v satyanarayan,0.9846816851359425,0.87913054,0.8690476190476191,0,0,6,0.6666666666666666,1.0,0,1,1,0.89880055
karem raviteja,raviteja karam,1,karem raviteja,raviteja karam,karem raviteja,raviteja karam,0.7658497646459873,0.7975378,0.7056277056277057,0,0,12,0.3333333333333333,0.93,1,0,1,0.7413408
sambasiva rao gondi,g sambasiva rao,1,sambasiva rao gondi,g sambasiva rao,sambasiva rao gondi,g sambasiva rao,0.774242010272523,0.8634882,0.723391812865497,0,0,8,0.5,0.93,1,1,1,0.89895767
nageswari k,kotha nageswari,1,nageswari k,kotha nageswari,nageswari k,kotha nageswari,0.7898110232368096,0.8621123,0.6919191919191919,0,0,8,0.3333333333333333,0.9,1,1,1,0.89895767
praveen kumar n,n praveen,1,praveen kumar n,n praveen,praveen kumar n,n praveen,0.8715250024706191,0.6279099,0.7185185185185187,0,0,10,0.6666666666666666,1.0,0,1,1,0.89895767
rakesh v,v rakesh kumar,1,rakesh v,v rakesh kumar,rakesh v,v rakesh kumar,0.8633072294475177,0.7297306,0.6488095238095238,0,0,7,0.6666666666666666,1.0,0,1,1,0.89895767
sandeep v d,d sandeep varma,1,sandeep v d,d sandeep varma,sandeep v d,d sandeep varma,0.7485278262946352,0.6888433,0.7595959595959596,0,0,6,0.5,0.9,0,1,1,0.89895767
saraswathi m,metta saraswathi,1,saraswathi m,metta saraswathi,saraswathi m,metta saraswathi,0.7341524721594334,0.76830065,0.7468434343434343,0,0,8,0.3333333333333333,0.91,1,1,1,0.89895767
sindhu m,mude sindhu,1,sindhu m,mude sindhu,sindhu m,mude sindhu,0.6890746643052326,0.7720673,0.43813131313131315,0,0,7,0.3333333333333333,0.86,0,1,1,0.89895767
yugesh kumar dadi,d yugesh,1,yugesh kumar dadi,d yugesh,yugesh kumar dadi,d yugesh,0.7298996678357357,0.57306314,0.6193977591036414,0,0,13,0.25,0.86,0,1,1,0.89895767
venu madhav b,venu b m,1,venu madhav b,venu b m,venu madhav b,venu b m,0.6981071062116635,0.7455334,0.8541208791208791,0,0,7,0.5,0.86,0,1,1,0.8988725
lakshmi m,mani lakshmi,1,lakshmi m,mani lakshmi,lakshmi m,mani lakshmi,0.8650184474829875,0.7899735,0.8055555555555555,0,0,7,0.3333333333333333,0.88,1,1,1,0.89895767
ajay reddy k,ajay kumar reddy ch,1,ajay reddy k,ajay kumar reddy ch,ajay reddy k,ajay kumar reddy ch,0.807944497059297,0.8944141,0.8763157894736843,0,0,8,0.4,0.91,0,1,1,0.89880055
shiny tresha alex,alex shiny trisha,1,shiny tresha alex,alex shiny trisha,shiny tresha alex,alex shiny trisha,0.7872254217985823,0.7824269,0.6892911010558068,0,0,11,0.5,0.94,1,0,1,0.88654673
meenakshi b,meenakshi bhat,1,meenakshi b,meenakshi bhat,meenakshi b,meenakshi bhat,0.8451328980884539,0.8932014,0.9571428571428571,0,1,3,0.3333333333333333,0.9,1,1,1,0.89880055
ramesh kumar d,d ramesh,1,ramesh kumar d,d ramesh,ramesh kumar d,d ramesh,0.834773164391118,0.81020737,0.6488095238095238,0,0,10,0.6666666666666666,1.0,0,1,1,0.89895767
lavanya k,lavanya kiran,1,lavanya k,lavanya kiran,lavanya k,lavanya kiran,0.7981766316284845,0.7064448,0.9384615384615385,0,1,4,0.3333333333333333,0.88,1,1,1,0.89880055
manjunath v s,manjunath sharma v,1,manjunath v s,manjunath sharma v,manjunath v s,manjunath sharma v,0.843563974823032,0.7085372,0.9290598290598291,0,1,7,0.5,0.92,0,1,1,0.89880055
kumari monika yadav,monika k yadav,1,kumari monika yadav,monika k yadav,kumari monika yadav,monika k yadav,0.8753749884313428,0.8631315,0.793233082706767,0,0,9,0.5,0.92,1,1,1,0.89895767
marie shalini chico,shalini m chico,1,marie shalini chico,shalini m chico,marie shalini chico,shalini m chico,0.8203293077894711,0.73141646,0.7964912280701754,0,0,8,0.5,0.93,1,1,1,0.89895767
g shilpa,shilpa gb,1,g shilpa,shilpa gb,g shilpa,shilpa gb,0.7318833452557683,0.74609613,0.8055555555555555,0,0,5,0.3333333333333333,0.94,1,1,1,0.89895767
pawar s d,sontash d pawar,1,pawar s d,sontash d pawar,pawar s d,sontash d pawar,0.561933417450628,0.7257355,0.4962962962962963,0,0,12,0.5,0.88,0,1,1,0.89895767
chandrakantha m,chandrakanth mahale,1,chandrakantha m,chandrakanth mahale,chandrakantha m,chandrakanth mahale,0.6876694709403358,0.6955596,0.9445614035087719,0,1,6,0.0,0.82,0,0,1,0.864839
prabhakar k,kripa prabhakar,1,prabhakar k,kripa prabhakar,prabhakar k,kripa prabhakar,0.7126780286774802,0.8815564,0.7898989898989899,0,0,8,0.3333333333333333,0.9,0,1,1,0.89895767
nagaraja upadhya k,nagaraj upadhaya,1,nagaraja upadhya k,nagaraj upadhaya,nagaraja upadhya k,nagaraj upadhaya,0.6829207072245607,0.80058974,0.9402777777777778,0,1,4,0.0,0.88,1,0,1,0.8712664
ravindra m,ravindra mehta,1,ravindra m,ravindra mehta,ravindra m,ravindra mehta,0.6721258949127149,0.8411106,0.9428571428571428,0,1,4,0.3333333333333333,0.89,1,1,1,0.89880055
karl daraius mehta,karl d mehta,1,karl daraius mehta,karl d mehta,karl daraius mehta,karl d mehta,0.700354606404985,0.8241874,0.8833333333333333,0,1,6,0.5,0.91,1,1,1,0.89880055
sathish p,sathish pethe,1,sathish p,sathish pethe,sathish p,sathish pethe,0.607696530420443,0.77359563,0.9384615384615385,0,1,4,0.3333333333333333,0.88,0,1,1,0.89880055
sudeep kumar,sudeep,1,sudeep kumar,sudeep,sudeep kumar,sudeep,0.8655468123724479,0.5630832,0.9,0,0,6,0.5,1.0,0,0,1,0.7534594
wadhwa rajkumar prannath,rajkumar p wadhwa,1,wadhwa rajkumar prannath,rajkumar p wadhwa,wadhwa rajkumar prannath,rajkumar p wadhwa,0.8216553418469916,0.88473225,0.7655228758169935,0,0,14,0.5,0.94,1,1,1,0.89895767
chaitanya h balakrishnan,chaitnya balakrishna,1,chaitanya h balakrishnan,chaitnya balakrishna,chaitanya h balakrishnan,chaitnya balakrishna,0.6728158821738133,0.89835596,0.8966666666666667,0,1,4,0.0,0.91,1,0,1,0.8712619
dayananda g,dayanandh gc,1,dayananda g,dayanandh gc,dayananda g,dayanandh gc,0.5722126936811954,0.7439979,0.9484848484848484,0,1,2,0.0,0.87,0,0,1,0.88564974
jnanamurthy h p,jynanamurthy,1,jnanamurthy h p,jynanamurthy,jnanamurthy h p,jynanamurthy,0.5955426403004601,0.7412241,0.895,0,1,5,0.0,0.81,0,0,1,0.8659583
srinivas n,naga srinivas,1,srinivas n,naga srinivas,srinivas n,naga srinivas,0.7953059705580957,0.7300651,0.7564102564102564,0,0,7,0.3333333333333333,0.89,0,1,1,0.89895767
chandra g,gopi chandra,1,chandra g,gopi chandra,chandra g,gopi chandra,0.6069794580058958,0.7880739,0.6851851851851851,0,0,7,0.3333333333333333,0.88,1,1,1,0.89895767
harish n g,harish g naidu,1,harish n g,harish g naidu,harish n g,harish g naidu,0.6289027950528931,0.8144825,0.9228571428571428,0,0,6,0.5,0.89,0,1,1,0.89880055
mahesha k,mahesh kb,1,mahesha k,mahesh kb,mahesha k,mahesh kb,0.559244176715569,0.68502575,0.9555555555555556,0,0,2,0.0,0.89,0,0,1,0.8873722
soumya u,soumya umesh,1,soumya u,soumya umesh,soumya u,soumya umesh,0.7648111760211436,0.74715817,0.9333333333333333,0,0,4,0.3333333333333333,0.86,1,1,1,0.89880055
chandrashekar s,sunil chandrashekar,1,chandrashekar s,sunil chandrashekar,chandrashekar s,sunil chandrashekar,0.8212835667533249,0.804605,0.7742690058479532,0,0,8,0.3333333333333333,0.93,0,1,1,0.89895767
sumayya khurshid,sumaya kurshid,1,sumayya khurshid,sumaya kurshid,sumayya khurshid,sumaya kurshid,0.6301165102854646,0.5917302,0.9464285714285714,0,1,2,0.0,0.93,1,0,1,0.88466895
ishna g bhat,i g bhat,1,ishna g bhat,i g bhat,ishna g bhat,i g bhat,0.6615896682190856,0.64292324,0.825,0,0,4,0.5,0.86,0,1,1,0.89895767
janardhana aithala p,janardhan aithal,1,janardhana aithala p,janardhan aithal,janardhana aithala p,janardhan aithal,0.8588400182958377,0.8286418,0.9225,0,1,4,0.0,0.89,0,0,1,0.8712664
santhosh c m,madhavi c santhosh,1,santhosh c m,madhavi c santhosh,santhosh c m,madhavi c santhosh,0.7430411645745079,0.83230555,0.5621693121693122,0,0,14,0.5,0.91,0,1,1,0.89895767
swami mallikarjun,mallikarjun swamy,1,swami mallikarjun,mallikarjun swamy,swami mallikarjun,mallikarjun swamy,0.8750818177115973,0.70112646,0.6892911010558068,0,0,12,0.3333333333333333,0.94,0,0,1,0.88654673
mounesh,mounish,1,mounesh,mounish,mounesh,mounish,0.5186316170771057,0.6816027,0.9428571428571428,1,1,1,0.0,0.86,0,0,1,0.73223525
rajeshwari m,rajeshwari madappa,1,rajeshwari m,rajeshwari madappa,rajeshwari m,rajeshwari madappa,0.671696278699356,0.7717687,0.9333333333333333,0,1,6,0.3333333333333333,0.91,1,1,1,0.89880055
gundapalli suresh irappa,suresh i gundapalli,1,gundapalli suresh irappa,suresh i gundapalli,gundapalli suresh irappa,suresh i gundapalli,0.8114975919061068,0.67250466,0.790204678362573,0,0,19,0.5,0.94,1,1,1,0.89895767
g tejaswini,tejaswini gutti,1,g tejaswini,tejaswini gutti,g tejaswini,tejaswini gutti,0.7851908513883973,0.772588,0.806060606060606,0,0,8,0.3333333333333333,0.9,1,1,1,0.89895767
vittal rao p,priti vittal rao,1,vittal rao p,priti vittal rao,vittal rao p,priti vittal rao,0.8103914588581704,0.8595356,0.7468434343434343,0,0,8,0.5,0.91,0,1,1,0.89895767
pramod v s,pramod v satya,1,pramod v s,pramod v satya,pramod v s,pramod v satya,0.7386240401265731,0.7180623,0.9428571428571428,0,1,4,0.5,0.89,0,1,1,0.89880055
s ashwathy,ashwathy sriyan,1,s ashwathy,ashwathy sriyan,s ashwathy,ashwathy sriyan,0.7573190109865274,0.6570054,0.6851851851851851,0,0,9,0.3333333333333333,0.89,0,1,1,0.89895767
balakrishna n,balakrishna naiak,1,balakrishna n,balakrishna naiak,balakrishna n,balakrishna naiak,0.7419319612976832,0.8247024,0.9529411764705882,0,1,4,0.3333333333333333,0.92,1,1,1,0.89880055
raghu b,raghu bc,1,raghu b,raghu bc,raghu b,raghu bc,0.6788414445855159,0.87465906,0.975,0,0,1,0.3333333333333333,0.93,0,1,1,0.89880055
bahar kapoor,b kapoor,1,bahar kapoor,b kapoor,bahar kapoor,b kapoor,0.762842201429635,0.80232286,0.7875,0,0,4,0.3333333333333333,0.86,0,1,1,0.89895767
prasad b,bv prasad,1,prasad b,bv prasad,prasad b,bv prasad,0.6426897738716134,0.84227943,0.8055555555555555,0,0,5,0.3333333333333333,0.94,0,1,1,0.89895767
shoib ahamed m,ahamed m s,1,shoib ahamed m,ahamed m s,shoib ahamed m,ahamed m s,0.6367235471207999,0.6591608,0.6994708994708995,0,0,8,0.5,0.89,0,1,1,0.89895767
asif husssain,ashif hussain,1,asif husssain,ashif hussain,asif husssain,ashif hussain,0.6120735698559748,0.4055094,0.9145299145299146,0,1,2,0.0,0.92,0,0,1,0.88466895
gururaj n a,gururaj a null,1,gururaj n a,gururaj a null,gururaj n a,gururaj a null,0.7231246983065284,0.7335308,0.9389610389610389,0,1,5,0.5,0.9,0,1,1,0.89880055
bijapur b jagannath,jagannath bijapure,1,bijapur b jagannath,jagannath bijapure,bijapur b jagannath,jagannath bijapure,0.8703119120341327,0.9418984,0.5384990253411306,0,0,16,0.25,0.92,0,0,1,0.7225426
ramappa s mudhol,r s mudhol,1,ramappa s mudhol,r s mudhol,ramappa s mudhol,r s mudhol,0.7378467235404926,0.70250076,0.8274999999999999,0,0,6,0.5,0.89,0,1,1,0.89895767
nataraja k,nataraj ks,1,nataraja k,nataraj ks,nataraja k,nataraj ks,0.6354295011861822,0.86605453,0.96,0,1,2,0.0,0.9,0,0,1,0.88564974
saleha inamdar,s inamdar,1,saleha inamdar,s inamdar,saleha inamdar,s inamdar,0.7201190120054674,0.67635506,0.7928571428571428,0,0,5,0.3333333333333333,0.88,0,1,1,0.89895767
vasundhara r,vasundara rahul,1,vasundhara r,vasundara rahul,vasundhara r,vasundara rahul,0.563889582677208,0.73864716,0.91,0,1,5,0.0,0.81,1,0,1,0.8659629
kartik r,kartik rao,1,kartik r,kartik rao,kartik r,kartik rao,0.8394178869087066,0.70493364,0.96,1,1,2,0.3333333333333333,0.89,0,1,1,0.89880055
pramod n k,kunal pramod n,1,pramod n k,kunal pramod n,pramod n k,kunal pramod n,0.723729032059408,0.68842876,0.6994708994708995,0,0,8,0.5,0.89,0,1,1,0.89895767
laxman kumar,laxman k,1,laxman kumar,laxman k,laxman kumar,laxman k,0.8764091317054074,0.7480068,0.9333333333333333,0,1,4,0.3333333333333333,0.86,0,1,1,0.89880055
nagaraja l m,l m nagaraju,1,nagaraja l m,l m nagaraju,nagaraja l m,l m nagaraju,0.7449157911499712,0.82901835,0.611111111111111,0,0,9,0.5,0.92,0,0,1,0.7301133
srikanth e n,srikanth e neruganti,1,srikanth e n,srikanth e neruganti,srikanth e n,srikanth e neruganti,0.6372500278514488,0.80607283,0.92,0,1,8,0.5,0.91,0,1,1,0.89880055
praveen n,praveen kumar n,1,praveen n,praveen kumar n,praveen n,praveen kumar n,0.8715250024706191,0.6336969,0.92,0,1,6,0.6666666666666666,1.0,0,1,1,0.89880055
satish kumar a,a satish,1,satish kumar a,a satish,satish kumar a,a satish,0.8501051650069392,0.54261255,0.6488095238095238,0,0,10,0.6666666666666666,1.0,0,1,1,0.89895767
smitha d,smitha doc,1,smitha d,smitha doc,smitha d,smitha doc,0.6602862020541158,0.7447915,0.96,0,1,2,0.3333333333333333,0.89,1,1,1,0.89880055
suja k,sujay kt,1,suja k,sujay kt,suja k,sujay kt,0.6269298135094176,0.7728263,0.95,0,0,2,0.0,0.86,0,0,1,0.8848276
kamala unnikrishnan,kamla unikrishnan,1,kamala unnikrishnan,kamla unikrishnan,kamala unnikrishnan,kamla unikrishnan,0.6000272940521314,0.61724913,0.906811145510836,1,1,2,0.0,0.94,1,0,1,0.85994685
vasudeva g,vasudeva guddattu,1,vasudeva g,vasudeva guddattu,vasudeva g,vasudeva guddattu,0.6360392663459965,0.7957544,0.9176470588235295,0,1,7,0.3333333333333333,0.89,1,1,1,0.89880055
sanjay k s,sanjaya ks,1,sanjay k s,sanjaya ks,sanjay k s,sanjaya ks,0.5772461336145338,0.8713455,0.96,0,1,2,0.0,0.9,0,0,1,0.88564974
ashwini a,ashwin am,1,ashwini a,ashwin am,ashwini a,ashwin am,0.6844518750820872,0.76055723,0.9555555555555556,0,0,2,0.0,0.89,0,0,1,0.8848276
chandrika s,chandrika saha,1,chandrika s,chandrika saha,chandrika s,chandrika saha,0.8440555879916262,0.86243093,0.9571428571428571,0,1,3,0.3333333333333333,0.9,1,1,1,0.89880055
farhan m,farhan moosa,1,farhan m,farhan moosa,farhan m,farhan moosa,0.6837839676698698,0.77393913,0.9333333333333333,0,1,4,0.3333333333333333,0.86,0,1,1,0.89880055
sara farooquie,s farooqui,1,sara farooquie,s farooqui,sara farooquie,s farooqui,0.7550989460917514,0.6210587,0.8542857142857143,0,0,4,0.0,0.83,1,0,1,0.8609258
k poornima,poornima kant,1,k poornima,poornima kant,k poornima,poornima kant,0.8856376867188094,0.6405175,0.8051282051282053,0,0,7,0.3333333333333333,0.89,1,1,1,0.89895767
rajendran s,selvi rajendran,1,rajendran s,selvi rajendran,rajendran s,selvi rajendran,0.6888711636518613,0.74924016,0.6919191919191919,0,0,8,0.3333333333333333,0.9,0,1,1,0.89895767
shiva shankar r,shiva shankar reddy,1,shiva shankar r,shiva shankar reddy,shiva shankar r,shiva shankar reddy,0.8086658384521199,0.85009515,0.9578947368421054,0,1,4,0.5,0.93,1,1,1,0.89880055
desai a,arun desai,1,desai a,arun desai,desai a,arun desai,0.7611556155694141,0.6421596,0.5761904761904763,0,0,7,0.3333333333333333,0.83,1,1,1,0.89895767
maroof ahmed c,ahmed c m,1,maroof ahmed c,ahmed c m,maroof ahmed c,ahmed c m,0.5828010348889757,0.78906894,0.5042328042328043,0,0,9,0.5,0.88,0,1,1,0.89895767
ranganath n,ranganath nayak,1,ranganath n,ranganath nayak,ranganath n,ranganath nayak,0.7732565560814324,0.7781428,0.9466666666666667,0,1,4,0.3333333333333333,0.9,0,1,1,0.89880055
palaksha g v,palakshya gs,1,palaksha g v,palakshya gs,palaksha g v,palakshya gs,0.5515930851676878,0.7065128,0.9333333333333333,0,1,3,0.0,0.83,1,0,1,0.873696
saihil c bantwal,c s bantwal,1,saihil c bantwal,c s bantwal,saihil c bantwal,c s bantwal,0.7261921418862333,0.82096505,0.7443181818181818,0,0,7,0.5,0.9,0,1,1,0.89895767
ajay v shenoy,a v shenoy,1,ajay v shenoy,a v shenoy,ajay v shenoy,a v shenoy,0.8489139563048964,0.7384244,0.9307692307692307,0,0,3,0.5,0.89,0,1,1,0.89880055
gautam b,gautam kumar bunkar,1,gautam b,gautam kumar bunkar,gautam b,gautam kumar bunkar,0.6060299264281527,0.59967864,0.8842105263157894,0,0,11,0.25,0.86,0,1,1,0.89880055
nasreen begum v,n begum v,1,nasreen begum v,n begum v,nasreen begum v,n begum v,0.7337230342182849,0.64779925,0.8466666666666667,0,0,6,0.5,0.88,0,1,1,0.8989275
vivek a padegal,vivek anand padegal,1,vivek a padegal,vivek anand padegal,vivek a padegal,vivek anand padegal,0.909060905437098,0.7457273,0.9178947368421053,0,0,4,0.5,0.93,0,1,1,0.89880055
roopa bhandary k,r k bhandary,1,roopa bhandary k,r k bhandary,roopa bhandary k,r k bhandary,0.6925212319687087,0.7275188,0.7475,0,0,6,0.5,0.91,0,1,1,0.89895767
sushmitha r,sushmita roy,1,sushmitha r,sushmita roy,sushmitha r,sushmita roy,0.6462069911639268,0.5961736,0.9484848484848484,0,1,3,0.0,0.87,1,0,1,0.881361
saurav mondal,s mondal,1,saurav mondal,s mondal,saurav mondal,s mondal,0.6584118697982361,0.7553835,0.7721153846153846,0,0,5,0.3333333333333333,0.86,0,1,1,0.89895767
tejasvi s,tejasvi sheshai,1,tejasvi s,tejasvi sheshai,tejasvi s,tejasvi sheshai,0.8142483359873401,0.74043363,0.92,0,1,6,0.3333333333333333,0.88,1,1,1,0.89880055
shikre uday gopalrao,uday g shikre,1,shikre uday gopalrao,uday g shikre,shikre uday gopalrao,uday g shikre,0.7134231258359828,0.7097588,0.7294871794871794,0,0,14,0.5,0.92,0,1,1,0.89895767
viswanath b,viswanath ballad,1,viswanath b,viswanath ballad,viswanath b,viswanath ballad,0.7048359538979447,0.65809053,0.9375,0,1,5,0.3333333333333333,0.9,0,1,1,0.89880055
byra reddy m,reddy b m,1,byra reddy m,reddy b m,byra reddy m,reddy b m,0.560027181252706,0.7813966,0.7268518518518517,0,0,7,0.5,0.88,0,1,1,0.89855313
bingi ramamurthy,ramamurthi bingi,1,bingi ramamurthy,ramamurthi bingi,bingi ramamurthy,ramamurthi bingi,0.8957074208965562,0.91510284,0.6704545454545454,0,0,13,0.3333333333333333,0.94,1,0,1,0.88654673
archana s r,archana r shinde,1,archana s r,archana r shinde,archana s r,archana r shinde,0.7369898198995278,0.80243695,0.9193181818181818,0,1,7,0.5,0.9,1,1,1,0.89880055
krishnamurthy d,deepak krishnamurthy,1,krishnamurthy d,deepak krishnamurthy,krishnamurthy d,deepak krishnamurthy,0.8336492918360101,0.75651443,0.7111111111111111,0,0,9,0.3333333333333333,0.93,0,1,1,0.89895767
pratap upadhya,upadhya p,1,pratap upadhya,upadhya p,pratap upadhya,upadhya p,0.764597088961794,0.87750256,0.5708994708994709,0,0,9,0.3333333333333333,0.88,1,1,1,0.89895767
subba reddy k v,k v s reddy,1,subba reddy k v,k v s reddy,subba reddy k v,k v s reddy,0.6489276890899324,0.81113386,0.6285353535353536,0,0,9,0.6,0.9,0,1,1,0.89895767
ritu gupta,r gupta,1,ritu gupta,r gupta,ritu gupta,r gupta,0.6536150582764089,0.864478,0.8242857142857142,0,0,3,0.3333333333333333,0.83,1,1,1,0.89895767
shobha d,shobha dev,1,shobha d,shobha dev,shobha d,shobha dev,0.8180178843580314,0.8608334,0.96,0,0,2,0.3333333333333333,0.89,1,1,1,0.89880055
sunil gowda k,sunil ks gowda dr,1,sunil gowda k,sunil ks gowda,sunil gowda k,sunil ks gowda,0.8686761532228244,0.8888283,0.9395604395604396,0,1,5,0.5,0.96,1,1,1,0.89880055
ramachandra p,priya ramachandra,1,ramachandra p,priya ramachandra,ramachandra p,priya ramachandra,0.8087704569839415,0.77024555,0.7652086475615887,0,0,8,0.3333333333333333,0.92,1,1,1,0.89895767
chethan s,chethan spa,1,chethan s,chethan spa,chethan s,chethan spa,0.7217295663702369,0.7910788,0.9636363636363636,0,1,2,0.3333333333333333,0.9,0,1,1,0.89880055
mallina,malline,1,mallina,malline,mallina,malline,0.663635181055793,0.737883,0.9428571428571428,1,1,1,0.0,0.86,0,0,1,0.88564974
ravi d r,d ravi raju,1,ravi d r,d ravi raju,ravi d r,d ravi raju,0.7141489149371344,0.75773895,0.7418831168831169,0,0,6,0.5,0.86,1,1,1,0.89895767
raj kumar yadav,r yadav,1,raj kumar yadav,r yadav,raj kumar yadav,r yadav,0.7596613228688269,0.69410074,0.5293650793650794,0,0,8,0.25,0.83,0,1,1,0.89895767
mamatha n,mamatha neeli,1,mamatha n,mamatha neeli,mamatha n,mamatha neeli,0.6825879853247908,0.7496065,0.9384615384615385,0,1,4,0.3333333333333333,0.88,1,1,1,0.89880055
naveen d,naveen kumar ds,1,naveen d,naveen kumar ds,naveen d,naveen kumar ds,0.6529657121842264,0.57267135,0.9066666666666666,0,0,7,0.25,0.86,0,1,1,0.89880055
touseef ahmed,tauseef ahmad,1,touseef ahmed,tauseef ahmad,touseef ahmed,tauseef ahmad,0.5160807838577531,0.5527998,0.9076923076923077,1,1,2,0.0,0.85,0,0,1,0.7918092
chethan e,chethan erappa,1,chethan e,chethan erappa,chethan e,chethan erappa,0.6223831235335945,0.7709049,0.9285714285714286,0,0,5,0.3333333333333333,0.88,0,1,1,0.89880055
d cruz kenneth,kenneth d curz,1,d cruz kenneth,kenneth d curz,d cruz kenneth,kenneth d curz,0.7843006910571788,0.52535295,0.35714285714285715,0,0,14,0.5,0.93,0,0,1,0.7413408
muthu kumar s,s muthu,1,muthu kumar s,s muthu,muthu kumar s,s muthu,0.8661938605883713,0.7214478,0.6062271062271062,0,0,10,0.6666666666666666,1.0,0,1,1,0.89895767
ashok reddy v,venka ashok reddy,1,ashok reddy v,venka ashok reddy,ashok reddy v,venka ashok reddy,0.7891961699974595,0.7788499,0.737430869783811,0,0,8,0.5,0.92,0,1,1,0.89895767
mahesh b h,hanbal b mahesh,1,mahesh b h,hanbal b mahesh,mahesh b h,hanbal b mahesh,0.6202997347135173,0.7674426,0.626984126984127,0,0,10,0.5,0.89,0,1,1,0.89895767
masood s yusuf,s m yusuf,1,masood s yusuf,s m yusuf,masood s yusuf,s m yusuf,0.7291147681299652,0.85669017,0.7698412698412698,0,0,6,0.5,0.88,0,1,1,0.89895767
satish d,satish kumar d,1,satish d,satish kumar d,satish d,satish kumar d,0.8546564350473156,0.6385261,0.9142857142857143,0,0,6,0.6666666666666666,1.0,0,1,1,0.89880055
dwivedi sunil,s dwivedi,1,dwivedi sunil,s dwivedi,dwivedi sunil,s dwivedi,0.8343929031440489,0.7262155,0.772079772079772,0,0,8,0.3333333333333333,0.88,1,1,1,0.89895767
ramesh kumar gupta d,r d gupta,1,ramesh kumar gupta d,r d gupta,ramesh kumar gupta d,r d gupta,0.6644057084277113,0.8655884,0.637962962962963,0,0,12,0.4,0.88,1,1,1,0.89895767
ali mehdi,a mehdi,1,ali mehdi,a mehdi,ali mehdi,a mehdi,0.8837653702079142,0.7446542,0.9333333333333333,0,0,2,0.3333333333333333,0.88,1,1,1,0.89880055
sunita s k,sunita s kamdar,1,sunita s k,sunita s kamdar,sunita s k,sunita s kamdar,0.6549480273163695,0.8043653,0.9333333333333333,0,1,5,0.5,0.89,1,1,1,0.89880055
g bharati,gauri bharati,1,g bharati,gauri bharati,g bharati,gauri bharati,0.6725805163167096,0.8260877,0.7743589743589744,0,0,4,0.3333333333333333,0.88,1,1,1,0.89895767
satish d a,satish d ashtekar,1,satish d a,satish d ashtekar,satish d a,satish d ashtekar,0.5631952505010884,0.71758604,0.9176470588235295,0,1,7,0.5,0.89,0,1,1,0.89880055
sushma a m,sushma m athani,1,sushma a m,sushma m athani,sushma a m,sushma m athani,0.749714950151464,0.73766726,0.9133333333333333,0,1,7,0.5,0.89,1,1,1,0.89880055
shankar k,shankar khade,1,shankar k,shankar khade,shankar k,shankar khade,0.6540486037140314,0.87312466,0.9384615384615385,0,1,4,0.3333333333333333,0.88,0,1,1,0.89880055
satish p m,satish p mendhe,1,satish p m,satish p mendhe,satish p m,satish p mendhe,0.6027830852853023,0.6631981,0.9333333333333333,0,1,5,0.5,0.89,0,1,1,0.89880055
girish b v,girish v bobade,1,girish b v,girish v bobade,girish b v,girish v bobade,0.5856693693639585,0.64756024,0.9133333333333333,0,1,7,0.5,0.89,0,1,1,0.89880055
p spandana,spandana patha,1,p spandana,spandana patha,p spandana,spandana patha,0.8539876647026065,0.81702256,0.6994708994708995,0,0,8,0.3333333333333333,0.89,1,1,1,0.89895767
bharath s,sai bharath,1,bharath s,sai bharath,bharath s,sai bharath,0.7946598611422122,0.76835287,0.747053872053872,0,0,6,0.3333333333333333,0.9,0,1,1,0.89895767
someshwar marla,someshwar m,1,someshwar marla,someshwar m,someshwar marla,someshwar m,0.7713046949276239,0.5250639,0.9466666666666667,0,1,4,0.3333333333333333,0.9,0,1,1,0.89880055
nahla latheef,latheef,1,nahla latheef,latheef,nahla latheef,latheef,0.7495444474466055,0.6399557,0.543040293040293,0,0,6,0.5,1.0,0,0,1,0.82542205
sridhar m n,m sridhar naidu,1,sridhar m n,m sridhar naidu,sridhar m n,m sridhar naidu,0.7089803229562375,0.86566067,0.7252525252525253,0,0,7,0.5,0.9,0,1,1,0.89895767
r aravind,aravind ram,1,r aravind,aravind ram,r aravind,aravind ram,0.8745736995184257,0.7074199,0.757094757094757,0,0,6,0.3333333333333333,0.9,0,1,1,0.89895767
fairuza abdu nazir,fairuza a nazir,1,fairuza abdu nazir,fairuza a nazir,fairuza abdu nazir,fairuza a nazir,0.8844968172845256,0.84222627,0.9666666666666667,0,0,3,0.5,0.93,1,1,1,0.89880055
laxmipathi,laxmipathy,1,laxmipathi,laxmipathy,laxmipathi,laxmipathy,0.8738711141926904,0.693936,0.96,1,1,1,0.0,0.9,0,0,1,0.88466895
satish babu v k,babu k s v,1,satish babu v k,babu k s v,satish babu v k,babu k s v,0.7045542480312936,0.8316287,0.626984126984127,0,0,11,0.6,0.89,0,1,1,0.89895767
salman,salma,1,salman,salma,salman,salma,0.7862147216498814,0.3680271,0.9666666666666667,0,0,1,0.0,0.91,0,0,1,0.8838407
vishal kumar h n,vishal k h,1,vishal kumar h n,vishal k h,vishal kumar h n,vishal k h,0.8051688635719534,0.75537455,0.925,0,1,6,0.4,0.89,0,1,1,0.89880055
ambika v,ambika vijay,1,ambika v,ambika vijay,ambika v,ambika vijay,0.8016268038067159,0.5993689,0.9333333333333333,0,1,4,0.3333333333333333,0.86,1,1,1,0.89880055
ganesh j,jai ganesh,1,ganesh j,jai ganesh,ganesh j,jai ganesh,0.7626881491733298,0.8063702,0.7154761904761905,0,0,6,0.3333333333333333,0.89,0,1,1,0.89895767
anand l,lata anand,1,anand l,lata anand,anand l,lata anand,0.6384375683863525,0.8127356,0.5738095238095239,0,0,7,0.3333333333333333,0.83,0,1,1,0.89895767
ramesh s k,s ramesh kumar,1,ramesh s k,s ramesh kumar,ramesh s k,s ramesh kumar,0.8067347506269947,0.7764477,0.7714285714285715,0,0,7,0.5,0.89,0,1,1,0.89895767
thimmaiah s,sachin thimmaiah,1,thimmaiah s,sachin thimmaiah,thimmaiah s,sachin thimmaiah,0.8340803528873556,0.69282234,0.7446969696969697,0,0,9,0.3333333333333333,0.9,0,1,1,0.89895767
sandeep b rai,b r sandeep,1,sandeep b rai,b r sandeep,sandeep b rai,b r sandeep,0.8226073879533717,0.8314655,0.6558857808857809,0,0,10,0.5,0.92,0,1,1,0.89895767
hymavathy,hymavathi,1,hymavathy,hymavathi,hymavathy,hymavathi,0.8848425988480414,0.8325688,0.9555555555555556,1,1,1,0.0,0.89,0,0,1,0.88564974
sunil h,kumar h sunil,1,sunil h,kumar h sunil,sunil h,kumar h sunil,0.8441047733302642,0.7115645,0.553113553113553,0,0,10,0.6666666666666666,1.0,0,1,1,0.89895767
ramesh kumar r n,r n ramesh,1,ramesh kumar r n,r n ramesh,ramesh kumar r n,r n ramesh,0.8506563628341376,0.78059435,0.6416666666666667,0,0,13,0.75,1.0,0,0,1,0.8850593
rafeeq a k,rafeeq a khan,1,rafeeq a k,rafeeq a khan,rafeeq a k,rafeeq a khan,0.9112822816729327,0.809397,0.9538461538461538,0,1,3,0.5,0.89,0,1,1,0.89880055
vinayak p s,vinayak s pattar,1,vinayak p s,vinayak s pattar,vinayak p s,vinayak s pattar,0.7223702684137651,0.8647891,0.9193181818181818,0,0,7,0.5,0.9,0,1,1,0.89880055
nagendra a,anil nagendra,1,nagendra a,anil nagendra,nagendra a,anil nagendra,0.8427033020178009,0.81539285,0.7897435897435897,0,0,7,0.3333333333333333,0.89,1,1,1,0.89895767
guruprasad b,guruprasad bhat,1,guruprasad b,guruprasad bhat,guruprasad b,guruprasad bhat,0.8676826581144731,0.8992071,0.96,0,1,3,0.3333333333333333,0.91,0,1,1,0.89880055
annapoorneshwari r,annaporneshwari,1,annapoorneshwari r,annaporneshwari,annapoorneshwari r,annaporneshwari,0.8219404903097294,0.78413016,0.9666666666666667,0,1,3,0.0,0.91,1,0,1,0.88236624
sweta gupta,swetha guptha,1,sweta gupta,swetha guptha,sweta gupta,swetha guptha,0.5414505152315455,0.59215385,0.9692307692307692,0,1,2,0.0,0.92,1,0,1,0.86172086
alok shetty k,k a shetty,1,alok shetty k,k a shetty,alok shetty k,k a shetty,0.7462066679030963,0.81932604,0.827065527065527,0,0,6,0.5,0.89,0,1,1,0.89895767
sulochana v,sulochana velu,1,sulochana v,sulochana velu,sulochana v,sulochana velu,0.820666634659192,0.78702337,0.9571428571428571,0,1,3,0.3333333333333333,0.9,1,1,1,0.89880055
sabanna,sabana,1,sabanna,sabana,sabanna,sabana,0.672845558463794,0.53271806,0.9714285714285714,1,1,1,0.0,0.92,1,0,1,0.88466895
swaroop s,swroop swaroop,1,swaroop s,swroop swaroop,swaroop s,swroop swaroop,0.8271182982279763,0.86429024,0.8560846560846561,0,1,7,0.3333333333333333,0.88,0,1,1,0.8988362
sharada n k,sharada n kamath,1,sharada n k,sharada n kamath,sharada n k,sharada n kamath,0.7158007210133115,0.85166466,0.9375,0,1,5,0.5,0.9,1,1,1,0.89880055
smitha g a,a g smita,1,smitha g a,a g smita,smitha g a,a g smita,0.732589825694047,0.4802886,0.5888888888888889,0,0,9,0.5,0.95,1,0,1,0.88408244
praveen g,g praveen kumar,1,praveen g,g praveen kumar,praveen g,g praveen kumar,0.8714752347533378,0.5960383,0.6824074074074074,0,0,7,0.6666666666666666,1.0,0,1,1,0.89895767
kusuma v,kusuma vijay,1,kusuma v,kusuma vijay,kusuma v,kusuma vijay,0.7862816353932398,0.56018966,0.9333333333333333,0,1,4,0.3333333333333333,0.86,1,1,1,0.89880055
chetan ballal,balal chethan,1,chetan ballal,balal chethan,chetan ballal,balal chethan,0.535247906675318,0.7091414,0.5230769230769231,0,0,11,0.0,0.92,0,0,1,0.83761185
lavanya b,lavanya bonny,1,lavanya b,lavanya bonny,lavanya b,lavanya bonny,0.6602053287492795,0.77387136,0.9384615384615385,0,1,4,0.3333333333333333,0.88,1,1,1,0.89880055
seema k tiwari,s k tiwari,1,seema k tiwari,s k tiwari,seema k tiwari,s k tiwari,0.730299047953857,0.80674106,0.8242857142857144,0,0,4,0.5,0.89,1,1,1,0.89895767
bhavya c,bhavya chipre,1,bhavya c,bhavya chipre,bhavya c,bhavya chipre,0.6186911508356175,0.7135408,0.9230769230769231,0,0,5,0.3333333333333333,0.86,1,1,1,0.89880055
devi s,sri devi,1,devi s,sri devi,devi s,sri devi,0.777817383842666,0.74142087,0.5277777777777778,0,0,6,0.3333333333333333,0.86,1,1,1,0.89895767
haritha r,haritha rao,1,haritha r,haritha rao,haritha r,haritha rao,0.8213545667831756,0.7470482,0.9636363636363636,1,1,2,0.3333333333333333,0.9,1,1,1,0.89880055
purushotham r,ramya purushotham,1,purushotham r,ramya purushotham,purushotham r,ramya purushotham,0.8561034186910068,0.68020576,0.7677224736048265,0,0,8,0.3333333333333333,0.92,0,1,1,0.89895767
yogeesh h r,h r yogesh,1,yogeesh h r,h r yogesh,yogeesh h r,h r yogesh,0.7361225923795355,0.7170887,0.6359307359307359,0,0,9,0.5,0.95,0,0,1,0.88654673
sai dinesh k,k s dinesh,1,sai dinesh k,k s dinesh,sai dinesh k,k s dinesh,0.8341411513393678,0.8050958,0.7388888888888889,0,0,5,0.5,0.91,0,1,1,0.89895767
girish n m,kumar m n girish,1,girish n m,kumar m n girish,girish n m,kumar m n girish,0.8724391436103712,0.7301178,0.4708333333333334,0,0,13,0.75,1.0,0,1,1,0.89895767
chandrashekar m,manjula chandrashekar,1,chandrashekar m,manjula chandrashekar,chandrashekar m,manjula chandrashekar,0.7413441801318489,0.78613114,0.7238095238095239,0,0,10,0.3333333333333333,0.93,0,1,1,0.89895767
pavan k v,vinay pavan kumar k,1,pavan k v,vinay pavan kumar k,pavan k v,vinay pavan kumar k,0.6492942467129997,0.6610519,0.6764132553606238,0,0,11,0.4,0.88,0,1,1,0.89895767
purushotham l,puroshotham,1,purushotham l,puroshotham,purushotham l,puroshotham,0.5741198854833265,0.84720016,0.9016083916083916,0,1,3,0.0,0.83,0,0,1,0.88236624
parvathi v s,v s parvathy,1,parvathi v s,v s parvathy,parvathi v s,v s parvathy,0.8233176307413702,0.86882573,0.6851851851851851,0,0,9,0.5,0.92,0,0,1,0.7301133
suresh v s,v s suresh kumar,1,suresh v s,v s suresh kumar,suresh v s,v s suresh kumar,0.8488574420067357,0.6468744,0.7416666666666667,0,0,9,0.75,1.0,0,1,1,0.89895767
zainab a,aliya zainab,1,zainab a,aliya zainab,zainab a,aliya zainab,0.7852588382040563,0.7253587,0.6805555555555557,0,0,8,0.3333333333333333,0.86,0,1,1,0.89895767
anil h shetty,a h shetty,1,anil h shetty,a h shetty,anil h shetty,a h shetty,0.8286176743504005,0.73770726,0.9307692307692307,0,0,3,0.5,0.89,0,1,1,0.89880055
latha b,bn latha,1,latha b,bn latha,latha b,bn latha,0.651490945049884,0.8023846,0.7023809523809524,0,0,5,0.3333333333333333,0.93,1,1,1,0.89895767
nagaendra hebbar m,hebbar m nagendra,1,nagaendra hebbar m,hebbar m nagendra,nagaendra hebbar m,hebbar m nagendra,0.7117635516544848,0.7656326,0.6315111903347197,0,0,16,0.5,0.97,1,0,1,0.8841986
c mahesh,mahesh cm,1,c mahesh,mahesh cm,c mahesh,mahesh cm,0.6452858450412389,0.76677155,0.8055555555555555,0,0,5,0.3333333333333333,0.94,0,1,1,0.89895767
sahan kumar shetty k,s k shetty,1,sahan kumar shetty k,s k shetty,sahan kumar shetty k,s k shetty,0.7333798561634356,0.68257165,0.7899999999999999,0,0,10,0.4,0.89,0,1,1,0.89895767
vidyadhara s,vidyadhar,1,vidyadhara s,vidyadhar,vidyadhara s,vidyadhar,0.8960054520112016,0.91166586,0.95,0,1,3,0.0,0.86,0,0,1,0.88212043
harshith r,harshith rao,1,harshith r,harshith rao,harshith r,harshith rao,0.8587463787063399,0.6763617,0.9666666666666667,1,1,2,0.3333333333333333,0.91,0,1,1,0.89880055
rashmi r shetty,rashmi rani shetty,1,rashmi r shetty,rashmi rani shetty,rashmi r shetty,rashmi rani shetty,0.9065378656451917,0.80272204,0.9666666666666667,0,1,3,0.5,0.93,1,1,1,0.89880055
sandeep r sharma,sandeep sharma reddy,1,sandeep r sharma,sandeep sharma reddy,sandeep r sharma,sandeep sharma reddy,0.8078500385104465,0.8143496,0.91,0,1,8,0.5,0.93,1,1,1,0.89880055
vijayalakshmi s,vijayalakshmi sujay,1,vijayalakshmi s,vijayalakshmi sujay,vijayalakshmi s,vijayalakshmi sujay,0.8381790563385223,0.87297416,0.9578947368421054,0,1,4,0.3333333333333333,0.93,1,1,1,0.89880055
shrinidhi p,shrinidhi prasad,1,shrinidhi p,shrinidhi prasad,shrinidhi p,shrinidhi prasad,0.8398873001825661,0.7933856,0.9375,0,1,5,0.3333333333333333,0.9,1,1,1,0.89880055
naveen kumar m,m naveen,1,naveen kumar m,m naveen,naveen kumar m,m naveen,0.8633650386486614,0.7102665,0.6488095238095238,0,0,10,0.6666666666666666,1.0,0,1,1,0.89895767
vinod kumar b m,m vinod,1,vinod kumar b m,m vinod,vinod kumar b m,m vinod,0.8295342355407213,0.6686786,0.5857142857142857,0,0,12,0.5,1.0,0,1,1,0.89895767
akriti,aakriti,1,akriti,aakriti,akriti,aakriti,0.6819994915139385,0.578796,0.9571428571428572,0,1,1,0.0,0.92,1,0,1,0.88466895
balachandra kumar v c,k v balachandra,1,balachandra kumar v c,k v balachandra,balachandra kumar v c,k v balachandra,0.8681407439263958,0.7888524,0.6238095238095238,0,0,14,0.4,0.93,1,1,1,0.89895767
rajavardhan r,rajavardhan raj,1,rajavardhan r,rajavardhan raj,rajavardhan r,rajavardhan raj,0.9338395574866237,0.8677714,0.9733333333333334,0,1,2,0.3333333333333333,0.93,0,1,1,0.89880055
rajesh m a,rajesh m appaji,1,rajesh m a,rajesh m appaji,rajesh m a,rajesh m appaji,0.5497252713018784,0.7776613,0.9333333333333333,0,1,5,0.5,0.89,0,1,1,0.89438206
vishwanath n,vishwanath naik,1,vishwanath n,vishwanath naik,vishwanath n,vishwanath naik,0.8276391123878116,0.8894659,0.96,0,1,3,0.3333333333333333,0.91,0,1,1,0.89880055
anila harilal,harilal a,1,anila harilal,harilal a,anila harilal,harilal a,0.8172287305294209,0.8414754,0.7244607244607244,0,0,8,0.3333333333333333,0.88,0,1,1,0.89895767
mahesh s biradar,s m biradar,1,mahesh s biradar,s m biradar,mahesh s biradar,s m biradar,0.798110556044015,0.7757897,0.774621212121212,0,0,6,0.5,0.9,0,1,1,0.89895767
lakshmi k swamy,kumara swamy lakshmi,1,lakshmi k swamy,kumara swamy lakshmi,lakshmi k swamy,kumara swamy lakshmi,0.8861403296779241,0.8762959,0.6611111111111111,0,0,15,0.5,0.93,1,1,1,0.89895767
sasi kumar reddy k,reddy s k,1,sasi kumar reddy k,reddy s k,sasi kumar reddy k,reddy s k,0.6469480309825437,0.7766809,0.38888888888888884,0,0,13,0.4,0.88,0,1,1,0.89895767
chauhan sunil kumar k,s k chauhan,1,chauhan sunil kumar k,s k chauhan,chauhan sunil kumar k,s k chauhan,0.7093038494883341,0.6991288,0.6007696007696007,0,0,18,0.4,0.9,0,1,1,0.89895767
seema mushtaq,s mushtaq,1,seema mushtaq,s mushtaq,seema mushtaq,s mushtaq,0.8299938697687723,0.7631726,0.8076923076923077,0,0,4,0.3333333333333333,0.88,0,1,1,0.89895767
kumar s vashist,sunil kumar vashist,1,kumar s vashist,sunil kumar vashist,kumar s vashist,sunil kumar vashist,0.8333569921201011,0.85127085,0.8631578947368421,0,0,8,0.5,0.93,0,1,1,0.89880055
pai vidya narasimha,vidhya narasimhan,1,pai vidya narasimha,vidhya narasimhan,pai vidya narasimha,vidhya narasimhan,0.623173885699824,0.7116691,0.7572755417956656,0,0,6,0.0,0.83,1,0,1,0.84956944
prasanna b k,b prasanna kashyap,1,prasanna b k,b prasanna kashyap,prasanna b k,b prasanna kashyap,0.6642253997575025,0.8412364,0.7213804713804713,0,0,9,0.5,0.91,1,1,1,0.89895767
govind mittal s,govind suresh mittal,1,govind mittal s,govind suresh mittal,govind mittal s,govind suresh mittal,0.8655673460837939,0.81354916,0.8966666666666667,0,1,9,0.5,0.93,0,1,1,0.89880055
revathi m,revathi madan,1,revathi m,revathi madan,revathi m,revathi madan,0.7945002033528203,0.69536215,0.9384615384615385,0,1,4,0.3333333333333333,0.88,1,1,1,0.89880055
b sujay,sujay belugod,1,b sujay,sujay belugod,b sujay,sujay belugod,0.5646194395053871,0.6356373,0.6062271062271062,0,0,10,0.3333333333333333,0.83,0,1,1,0.89895767
nagesh s a,nagesh s adiga,1,nagesh s a,nagesh s adiga,nagesh s a,nagesh s adiga,0.6634724285659314,0.6513209,0.9428571428571428,0,1,4,0.5,0.89,0,1,1,0.89880055
girija r,girija rao,1,girija r,girija rao,girija r,girija rao,0.858912241742202,0.65663886,0.96,1,1,2,0.3333333333333333,0.89,1,1,1,0.89880055
lokanatha d,lokanath,1,lokanatha d,lokanath,lokanatha d,lokanath,0.8777966177587014,0.7894341,0.9454545454545455,0,1,3,0.0,0.84,0,0,1,0.88236624
pramod k,pramod kumaar,1,pramod k,pramod kumaar,pramod k,pramod kumaar,0.6702446360190935,0.77181256,0.9230769230769231,0,1,5,0.3333333333333333,0.86,0,1,1,0.89880055
yamuna,yammuna,1,yamuna,yammuna,yamuna,yammuna,0.6009572891772824,0.6262079,0.9666666666666667,1,1,1,0.0,0.92,1,0,1,0.88466895
sri nithya,nithya s,1,sri nithya,nithya s,sri nithya,nithya s,0.831767554122644,0.79526186,0.7154761904761905,0,0,6,0.3333333333333333,0.89,1,1,1,0.89895767
sreenath m s,sreenath s manikanti,1,sreenath m s,sreenath s manikanti,sreenath m s,sreenath s manikanti,0.7050456382422946,0.65356386,0.9033333333333333,0,1,10,0.5,0.91,0,1,1,0.89880055
prathiba r,prathiba rani,1,prathiba r,prathiba rani,prathiba r,prathiba rani,0.8764092266221609,0.7150421,0.9538461538461538,0,1,3,0.3333333333333333,0.89,1,1,1,0.89880055
anurada s,anuradha sr,1,anurada s,anuradha sr,anurada s,anuradha sr,0.6000207110977482,0.7400667,0.9636363636363636,0,1,2,0.0,0.9,1,0,1,0.88564974
suresh h b,hegde b suresh,1,suresh h b,hegde b suresh,suresh h b,hegde b suresh,0.5834562404525202,0.6060893,0.5904761904761905,0,0,12,0.5,0.89,0,1,1,0.89895767
jayashankara b,jayashankar bv,1,jayashankara b,jayashankar bv,jayashankara b,jayashankar bv,0.7053729616757779,0.8599149,0.9714285714285714,0,1,2,0.0,0.93,0,0,1,0.88564974
shanbhag pramod govind,pramod g shanbhag,1,shanbhag pramod govind,pramod g shanbhag,shanbhag pramod govind,pramod g shanbhag,0.829901442165883,0.76739156,0.8065953654188949,0,0,17,0.5,0.94,0,1,1,0.89895767
d trupti,trupti dixit,1,d trupti,trupti dixit,d trupti,trupti dixit,0.7158144935803993,0.84030795,0.6765873015873017,0,0,8,0.3333333333333333,0.86,1,1,1,0.89895767
girish r,girish rao,1,girish r,girish rao,girish r,girish rao,0.8148283219175776,0.6135087,0.96,1,1,2,0.3333333333333333,0.89,0,1,1,0.89880055
k nagaraj,nagaraju kr,1,k nagaraj,nagaraju kr,k nagaraj,nagaraju kr,0.6375488666383387,0.84010243,0.8047138047138048,0,0,6,0.0,0.9,0,0,1,0.84956944
dinakar v,vijaya dinakar,1,dinakar v,vijaya dinakar,dinakar v,vijaya dinakar,0.7644098591444122,0.7171066,0.5767195767195767,0,0,9,0.3333333333333333,0.88,0,1,1,0.89895767
indiresh h a,indiresha hn,1,indiresh h a,indiresha hn,indiresh h a,indiresha hn,0.7604466387508866,0.6675296,0.9484848484848484,0,1,3,0.0,0.83,0,0,1,0.881361
girish c,chetna girish,1,girish c,chetna girish,girish c,chetna girish,0.5907762283848433,0.59101737,0.42414529914529914,0,0,9,0.3333333333333333,0.86,0,1,1,0.89895767
tharun kumar s,tharun s k,1,tharun kumar s,tharun s k,tharun kumar s,tharun s k,0.8508332814522787,0.70124406,0.9228571428571428,0,1,6,0.5,0.89,0,1,1,0.89880055
keerthi g r,ravi keerthi g,1,keerthi g r,ravi keerthi g,keerthi g r,ravi keerthi g,0.8694350474267452,0.81521773,0.777056277056277,0,0,7,0.5,0.9,1,1,1,0.89895767
sowmya j,j sowmya kumar,1,sowmya j,j sowmya kumar,sowmya j,j sowmya kumar,0.9110830973279181,0.6535028,0.6488095238095238,0,0,7,0.6666666666666666,1.0,1,1,1,0.89895767
srikanth u,uma shrikanth,1,srikanth u,uma shrikanth,srikanth u,uma shrikanth,0.5817083717416692,0.6462593,0.7159544159544161,0,0,7,0.0,0.87,0,0,1,0.84685117
hemalatha s,hemalatha seshan,1,hemalatha s,hemalatha seshan,hemalatha s,hemalatha seshan,0.7896197104953835,0.72571635,0.9375,0,1,5,0.3333333333333333,0.9,1,1,1,0.89880055
satish kumar n,satish n,1,satish kumar n,satish n,satish kumar n,satish n,0.8528658900525478,0.6023085,0.9142857142857143,0,0,6,0.6666666666666666,1.0,0,1,1,0.89880055
pradeep b,b pradeep kumar,1,pradeep b,b pradeep kumar,pradeep b,b pradeep kumar,0.8715718092213857,0.6506913,0.6824074074074074,0,0,7,0.6666666666666666,1.0,0,1,1,0.89895767
lingaraju m,lingaraju mulage,1,lingaraju m,lingaraju mulage,lingaraju m,lingaraju mulage,0.7099122810608651,0.7864604,0.9375,0,1,5,0.3333333333333333,0.9,0,1,1,0.89880055
subramanya a h,subramaniya achar,1,subramanya a h,subramaniya achar,subramanya a h,subramaniya achar,0.5173547697003646,0.6493777,0.938655462184874,0,1,4,0.0,0.84,1,0,1,0.7764408
awassthy umakant,umakanth awasthy,1,awassthy umakant,umakanth awasthy,awassthy umakant,umakanth awasthy,0.7263818905478016,0.83329535,0.6666666666666666,0,0,12,0.0,0.94,0,0,1,0.8921022
geeta k,geeta kale,1,geeta k,geeta kale,geeta k,geeta kale,0.7537724845544158,0.62457585,0.9400000000000001,0,0,3,0.3333333333333333,0.83,1,1,1,0.89880055
gupta preeti,preeti guptha,1,gupta preeti,preeti guptha,gupta preeti,preeti guptha,0.784148835170843,0.58254045,0.5427350427350427,0,0,11,0.3333333333333333,0.96,1,0,1,0.88408244
prasad g bhat,g p bhat,1,prasad g bhat,g p bhat,prasad g bhat,g p bhat,0.6757959692014734,0.67556477,0.7092490842490843,0,0,7,0.5,0.86,0,1,1,0.89895767
latha pai k,k p latha,1,latha pai k,k p latha,latha pai k,k p latha,0.7278670126997463,0.8472835,0.6618566618566618,0,0,9,0.5,0.9,1,1,1,0.89895767
satish kumar km,k satish,1,satish kumar km,k satish,satish kumar km,k satish,0.7155958646275042,0.6520746,0.6376984126984128,0,0,11,0.25,0.86,0,1,1,0.89895767
jayshree ranaganath,jayashree ranganath,1,jayshree ranaganath,jayashree ranganath,jayshree ranaganath,jayashree ranganath,0.5765117755728678,0.4180754,0.9508771929824562,0,1,2,0.0,0.95,0,0,1,0.85876656
thrushuli p b,p b thrishuli,1,thrushuli p b,p b thrishuli,thrushuli p b,p b thrishuli,0.6798193863115043,0.5689784,0.6602564102564102,0,0,9,0.5,0.92,1,0,1,0.56464946
arpita guha mojumder,guha majumder arpitha,1,arpita guha mojumder,guha majumder arpitha,arpita guha mojumder,guha majumder arpitha,0.7617342580913865,0.7675527,0.6658730158730158,0,0,16,0.2,0.93,1,0,1,0.7276384
uthamanand c,uttamanand,1,uthamanand c,uttamanand,uthamanand c,uttamanand,0.5199803312506628,0.532249,0.9066666666666666,0,1,3,0.0,0.82,0,0,1,0.8709337
charan s,sri charan,1,charan s,sri charan,charan s,sri charan,0.7320255118965909,0.71421134,0.7154761904761905,0,0,6,0.3333333333333333,0.89,0,1,1,0.89895767
s naveen,naveen sb,1,s naveen,naveen sb,s naveen,naveen sb,0.7036814116005745,0.7970588,0.8055555555555555,0,0,5,0.3333333333333333,0.94,0,1,1,0.89895767
jnanamani m n,nanaiah m jnanamani,1,jnanamani m n,nanaiah m jnanamani,jnanamani m n,nanaiah m jnanamani,0.8024315615880148,0.8230573,0.7682186234817814,0,0,12,0.5,0.92,1,1,1,0.89895767
rajshekar s,rajshekar swamy,1,rajshekar s,rajshekar swamy,rajshekar s,rajshekar swamy,0.8057755568354629,0.7213644,0.9466666666666667,0,1,4,0.3333333333333333,0.9,0,1,1,0.89880055
s d kempe gowda,gowda s d kempa,1,s d kempe gowda,gowda s d kempa,s d kempe gowda,gowda s d kempa,0.7725871715315146,0.92757344,0.701010101010101,0,0,12,0.6,0.93,1,0,1,0.7413408
kumar swamy b,swamy,1,kumar swamy b,swamy,kumar swamy b,swamy,0.8204709973110075,0.64379585,0.3512820512820513,0,0,8,0.3333333333333333,1.0,0,0,1,0.8655645
praveen kumar k s,k s praveen,1,praveen kumar k s,k s praveen,praveen kumar k s,k s praveen,0.8754835884619658,0.72973096,0.6076203208556149,0,0,14,0.75,1.0,0,1,1,0.89895767
chinnaiah,chennaiah,1,chinnaiah,chennaiah,chinnaiah,chennaiah,0.5706158614821429,0.51887417,0.9407407407407408,1,1,1,0.0,0.89,0,0,1,0.88466895
suresh kumar s m,s m suresh,1,suresh kumar s m,s m suresh,suresh kumar s m,s m suresh,0.8457889449675294,0.5452503,0.6726851851851853,0,0,11,0.75,1.0,0,0,1,0.8792234
lavanya b c,bindu lavanya c g,1,lavanya b c,bindu lavanya c g,lavanya b c,bindu lavanya c g,0.742599690549433,0.72583544,0.7324420677361854,0,0,8,0.4,0.9,1,1,1,0.89895767
shrirang d,shrirang dange,1,shrirang d,shrirang dange,shrirang d,shrirang dange,0.7692653359093586,0.8104133,0.9428571428571428,0,1,4,0.3333333333333333,0.89,0,1,1,0.89880055
kumar mrinal,mrinal,1,kumar mrinal,mrinal,kumar mrinal,mrinal,0.8917087901307551,0.6203121,0.47222222222222215,0,0,6,0.5,1.0,0,0,1,0.8251623
sridevi v,sridevi vikram,1,sridevi v,sridevi vikram,sridevi v,sridevi vikram,0.7685892064916683,0.6973569,0.9285714285714286,0,1,5,0.3333333333333333,0.88,1,1,1,0.89880055
yathish k,k yathish kumar,1,yathish k,k yathish kumar,yathish k,k yathish kumar,0.8871660676044626,0.6393875,0.7185185185185187,0,0,6,0.6666666666666666,1.0,0,1,1,0.89895767
deepthi d s,deepthi d souza,1,deepthi d s,deepthi d souza,deepthi d s,deepthi d souza,0.6981973667939427,0.62487507,0.9466666666666667,0,1,4,0.5,0.9,1,1,1,0.89880055
madhav h hande,h m hande,1,madhav h hande,h m hande,madhav h hande,h m hande,0.6945085301583783,0.681667,0.7328042328042329,0,0,6,0.5,0.88,0,1,1,0.89895767
madhura s,madhura sen,1,madhura s,madhura sen,madhura s,madhura sen,0.8094320602904396,0.82020724,0.9636363636363636,0,1,2,0.3333333333333333,0.9,1,1,1,0.89880055
erel anil isidore diaz,erel a i diaz,1,erel anil isidore diaz,erel a i diaz,erel anil isidore diaz,erel a i diaz,0.6782808181369069,0.758495,0.8874125874125874,0,0,9,0.3333333333333333,0.82,0,1,1,0.8947294
abith b shetty,b a shetty,1,abith b shetty,b a shetty,abith b shetty,b a shetty,0.6994167235749938,0.8316749,0.7714285714285715,0,0,5,0.5,0.89,0,1,1,0.89895767
r manjunatha,manjunath rai,1,r manjunatha,manjunath rai,r manjunatha,manjunath rai,0.7752209649216005,0.68672514,0.8675213675213675,0,0,5,0.0,0.88,1,0,1,0.8636018
rahul s nayak,s r nayak,1,rahul s nayak,s r nayak,rahul s nayak,s r nayak,0.7164453015067518,0.7063484,0.7097578347578347,0,0,6,0.5,0.88,0,1,1,0.89895767
prashanth r,prashanth kumar rai,1,prashanth r,prashanth kumar rai,prashanth r,prashanth kumar rai,0.7507879032630218,0.60180706,0.9157894736842105,0,1,8,0.25,0.9,0,1,1,0.89880055
s chandrashekar,chandrashekar sorake,1,s chandrashekar,chandrashekar sorake,s chandrashekar,chandrashekar sorake,0.6925499495540098,0.80011284,0.7111111111111111,0,0,9,0.3333333333333333,0.93,0,1,1,0.89895767
sharat balemane,sharath balamane,1,sharat balemane,sharath balamane,sharat balemane,sharath balamane,0.5269437377836874,0.52321815,0.9473809523809523,0,1,2,0.0,0.9,0,0,1,0.8426527
pooja rao g,p g rao,1,pooja rao g,p g rao,pooja rao g,p g rao,0.528317042530826,0.77788913,0.5896103896103896,0,0,6,0.5,0.83,0,1,1,0.8939444
pallavi h,pallavi hegde,1,pallavi h,pallavi hegde,pallavi h,pallavi hegde,0.6761642604022238,0.81380737,0.9384615384615385,0,0,4,0.3333333333333333,0.88,1,1,1,0.89880055
adheep b amberker,adeep amberkar,1,adheep b amberker,adeep amberkar,adheep b amberker,adeep amberkar,0.594637787602604,0.7875903,0.8976944624003448,0,0,4,0.0,0.84,0,0,1,0.8712619
shakunthala r,shakunthala v rao,1,shakunthala r,shakunthala v rao,shakunthala r,shakunthala v rao,0.8846477544515993,0.75950646,0.9529411764705882,0,1,4,0.25,0.92,1,1,1,0.89880055
nelivigi anil shivaraj,anil s nelivigi,1,nelivigi anil shivaraj,anil s nelivigi,nelivigi anil shivaraj,anil s nelivigi,0.863408912822641,0.83926904,0.7383838383838383,0,0,16,0.5,0.93,1,1,1,0.89895767
k s mamatha,mamatha s kusagur,1,k s mamatha,mamatha s kusagur,k s mamatha,mamatha s kusagur,0.5923193048242773,0.7690259,0.699108734402852,0,0,13,0.5,0.9,1,1,1,0.89895767
prasannakumar s,prasannakumar shetty,1,prasannakumar s,prasannakumar shetty,prasannakumar s,prasannakumar shetty,0.7801488565164357,0.80837876,0.95,0,1,5,0.3333333333333333,0.93,0,1,1,0.89880055
chandrakanth k s,s chandrakanth,1,chandrakanth k s,s chandrakanth,chandrakanth k s,s chandrakanth,0.9793796695718548,0.91392523,0.8690476190476191,0,0,6,0.6666666666666666,1.0,0,1,1,0.89880055
vijay mahantesh sunkad,s vijay mahantesh,1,vijay mahantesh sunkad,s vijay mahantesh,vijay mahantesh sunkad,s vijay mahantesh,0.7689663654743076,0.84917986,0.7228163992869875,0,0,9,0.5,0.94,0,1,1,0.89895767
anil kumar u r,u r anil,1,anil kumar u r,u r anil,anil kumar u r,u r anil,0.834390965315284,0.7407197,0.5595238095238095,0,0,12,0.75,1.0,0,1,1,0.89895767
rekha b patil,r b patil,1,rekha b patil,r b patil,rekha b patil,r b patil,0.6618200782248869,0.5713471,0.841025641025641,0,0,4,0.5,0.88,0,1,1,0.89895767
udayakumar s,udayakumar shetty,1,udayakumar s,udayakumar shetty,udayakumar s,udayakumar shetty,0.7569546619562907,0.76656115,0.9411764705882353,0,1,5,0.3333333333333333,0.91,0,1,1,0.89880055
shivayogi m,shivayogi mandakki,1,shivayogi m,shivayogi mandakki,shivayogi m,shivayogi mandakki,0.7417239561580948,0.7543572,0.9222222222222222,0,1,7,0.3333333333333333,0.9,1,1,1,0.89880055
harish t,harish tholar,1,harish t,harish tholar,harish t,harish tholar,0.5392442355673709,0.7992405,0.9230769230769231,0,1,5,0.3333333333333333,0.86,0,1,1,0.8939444
suresh kumar shetty b,suresh shetty,1,suresh kumar shetty b,suresh shetty,suresh kumar shetty b,suresh shetty,0.8955410707861455,0.62240636,0.9238095238095239,0,1,8,0.5,1.0,0,1,1,0.89880055
sneha b patil,b s patil,1,sneha b patil,b s patil,sneha b patil,b s patil,0.6247446077749,0.7437772,0.7514245014245015,0,0,6,0.5,0.88,0,1,1,0.89895767
vishal g nayak,g v nayak,1,vishal g nayak,g v nayak,vishal g nayak,g v nayak,0.7217581245178529,0.7406938,0.6951058201058201,0,0,7,0.5,0.88,0,1,1,0.89895767
laxman m,laxman mamardi,1,laxman m,laxman mamardi,laxman m,laxman mamardi,0.6566901706530863,0.77228856,0.9142857142857143,0,1,6,0.3333333333333333,0.86,0,1,1,0.89880055
manjunath k,manjunath kaddi,1,manjunath k,manjunath kaddi,manjunath k,manjunath kaddi,0.7224267035247302,0.84702337,0.9466666666666667,0,1,4,0.3333333333333333,0.9,0,1,1,0.89880055
sumangala v,sumangala vaidya,1,sumangala v,sumangala vaidya,sumangala v,sumangala vaidya,0.7159180030497918,0.8007958,0.9375,0,1,5,0.3333333333333333,0.9,1,1,1,0.89880055
jannu ulhas vinoyak,ulhas v jannu,1,jannu ulhas vinoyak,ulhas v jannu,jannu ulhas vinoyak,ulhas v jannu,0.7705644923080734,0.7499718,0.766531713900135,0,0,12,0.5,0.92,0,1,1,0.89895767
hari dattatreya maganti,m hari dattatreya,1,hari dattatreya maganti,m hari dattatreya,hari dattatreya maganti,m hari dattatreya,0.8125630572735394,0.8310096,0.7331095481670928,0,0,10,0.5,0.94,1,1,1,0.89895767
mukkanna kudapali,m kudapali,1,mukkanna kudapali,m kudapali,mukkanna kudapali,m kudapali,0.7115006378926718,0.7510303,0.786470588235294,0,0,7,0.3333333333333333,0.89,1,1,1,0.89895767
ananth p s,p ananth setty,1,ananth p s,p ananth setty,ananth p s,p ananth setty,0.649123516564168,0.74713415,0.7365079365079366,0,0,7,0.5,0.89,0,1,1,0.89895767
bharathi s k,kalpana s bharathi,1,bharathi s k,kalpana s bharathi,bharathi s k,kalpana s bharathi,0.6363185012238313,0.81429374,0.5,0,0,14,0.5,0.91,1,1,1,0.89895767
mahendra v k,mahendra v kendra,1,mahendra v k,mahendra v kendra,mahendra v k,mahendra v kendra,0.8187724568348198,0.75595355,0.9411764705882353,0,1,5,0.5,0.91,1,1,1,0.89880055
udagatti vithal dundappa,vithal d udagatti,1,udagatti vithal dundappa,vithal d udagatti,udagatti vithal dundappa,vithal d udagatti,0.7682432932342835,0.8501388,0.7655228758169935,0,0,16,0.5,0.94,1,1,1,0.89895767
sudha c patil,c s patil,1,sudha c patil,c s patil,sudha c patil,c s patil,0.7251598647322082,0.73287475,0.7514245014245015,0,0,6,0.5,0.88,0,1,1,0.89895767
r girish,girish ronad,1,r girish,girish ronad,r girish,girish ronad,0.6233621512235029,0.6497293,0.7638888888888888,0,0,8,0.3333333333333333,0.86,0,1,1,0.89895767
suchitra u,suchitra uppe,1,suchitra u,suchitra uppe,suchitra u,suchitra uppe,0.6979342793077967,0.7430279,0.9538461538461538,0,1,3,0.3333333333333333,0.89,1,1,1,0.89880055
sanjeev m,sanjeev mulgi,1,sanjeev m,sanjeev mulgi,sanjeev m,sanjeev mulgi,0.6316914583866406,0.74838954,0.9384615384615385,0,1,4,0.3333333333333333,0.88,0,1,1,0.89880055
satish d n,satish d nmali,1,satish d n,satish d nmali,satish d n,satish d nmali,0.6304102714513674,0.753883,0.9428571428571428,0,1,4,0.5,0.89,0,1,1,0.89880055
desai suresh p,p s desai,1,desai suresh p,p s desai,desai suresh p,p s desai,0.7518066321299677,0.7821721,0.6164021164021164,0,0,10,0.5,0.88,1,1,1,0.89895767
sujay g patil,g s patil,1,sujay g patil,g s patil,sujay g patil,g s patil,0.652800947807201,0.7893429,0.7514245014245015,0,0,6,0.5,0.88,0,1,1,0.89895767
malagi gururaj dhirendra,gururaj d malagi,1,malagi gururaj dhirendra,gururaj d malagi,malagi gururaj dhirendra,gururaj d malagi,0.7986173236528931,0.86467123,0.7222222222222222,0,0,15,0.5,0.93,1,1,1,0.89895767
talwar maruti basappa,maruti b talwar,1,talwar maruti basappa,maruti b talwar,talwar maruti basappa,maruti b talwar,0.7759293647710767,0.8339566,0.7714285714285715,0,0,12,0.5,0.93,1,1,1,0.89895767
patil iragouda malgouda,iragouda m patil,1,patil iragouda malgouda,iragouda m patil,patil iragouda malgouda,iragouda m patil,0.8436603779329901,0.8916431,0.6850414078674948,0,0,13,0.5,0.93,1,1,1,0.89895767
pooja m,pooja modi,1,pooja m,pooja modi,pooja m,pooja modi,0.7601649705542516,0.7231262,0.9400000000000001,0,0,3,0.3333333333333333,0.83,1,1,1,0.89880055
k pramod,pramod kattie,1,k pramod,pramod kattie,k pramod,pramod kattie,0.5921646889162049,0.7080632,0.6616300366300366,0,0,9,0.3333333333333333,0.86,0,1,1,0.89895767
n sachin,sachin nikam,1,n sachin,sachin nikam,n sachin,sachin nikam,0.7021159538000885,0.739797,0.7638888888888888,0,0,8,0.3333333333333333,0.86,0,1,1,0.89895767
ravi kumar a s,s a ravi,1,ravi kumar a s,s a ravi,ravi kumar a s,s a ravi,0.7980437174552197,0.7380804,0.6150793650793651,0,0,11,0.75,1.0,1,1,1,0.89895767
ram mohan,r mohan,1,ram mohan,r mohan,ram mohan,r mohan,0.8016701556030197,0.8486228,0.8904761904761904,0,0,2,0.3333333333333333,0.88,0,1,1,0.89880055
narmadha j,narmada,1,narmadha j,narmada,narmadha j,narmada,0.6633553957614424,0.7490056,0.9400000000000001,0,1,3,0.0,0.82,1,0,1,0.88236624
subhashree r,subhashree rout,1,subhashree r,subhashree rout,subhashree r,subhashree rout,0.7518000809724416,0.79122126,0.96,0,1,3,0.3333333333333333,0.91,0,1,1,0.89880055
raja n,raja nag,1,raja n,raja nag,raja n,raja nag,0.6319581816126933,0.7636045,0.95,0,0,2,0.3333333333333333,0.86,1,1,1,0.89880055
gayathri b r,gayathri babu k r,1,gayathri b r,gayathri babu k r,gayathri b r,gayathri babu k r,0.8182806944092558,0.7627884,0.9411764705882353,0,1,5,0.4,0.91,1,1,1,0.89880055
pal akhiles,akhilesh paul,1,pal akhiles,akhilesh paul,pal akhiles,akhilesh paul,0.6586085709913146,0.58128,0.6886816886816888,0,0,10,0.0,0.92,0,0,1,0.8649133
bhattacharjee soham,s bhattacharjee,1,bhattacharjee soham,s bhattacharjee,bhattacharjee soham,s bhattacharjee,0.8312506373902514,0.8554137,0.8502923976608187,0,0,8,0.3333333333333333,0.93,0,1,1,0.8988725
sharma vijay kumar,v sharma,1,sharma vijay kumar,v sharma,sharma vijay kumar,v sharma,0.5924915475813328,0.70464087,0.6481481481481481,0,0,14,0.25,0.86,1,1,1,0.89895767
paul joydip,joydip pal,1,paul joydip,joydip pal,paul joydip,joydip pal,0.8218491542679466,0.5969087,0.46060606060606063,0,0,9,0.3333333333333333,0.95,0,0,1,0.88408244
sarkar shatanik,satanik sarkar,1,sarkar shatanik,satanik sarkar,sarkar shatanik,satanik sarkar,0.82286349109749,0.7526805,0.6603174603174603,0,0,11,0.3333333333333333,0.97,0,0,1,0.88654673
chowdhury soma,s chowdhury,1,chowdhury soma,s chowdhury,chowdhury soma,s chowdhury,0.8271193864861339,0.8009149,0.8203463203463204,0,0,7,0.3333333333333333,0.9,0,1,1,0.89895767
pandit alak,a pandit,1,pandit alak,a pandit,pandit alak,a pandit,0.7547183331081588,0.741807,0.6942640692640693,0,0,7,0.3333333333333333,0.86,0,1,1,0.89895767
bera shyamal,shamal bera,1,bera shyamal,shamal bera,bera shyamal,shamal bera,0.7090036078189345,0.6594213,0.5707070707070706,0,0,11,0.3333333333333333,0.96,1,0,1,0.8841986
maity chhabi,chabi maity,1,maity chhabi,chabi maity,maity chhabi,chabi maity,0.7884645774618559,0.6647555,0.6237373737373737,0,0,11,0.3333333333333333,0.96,1,0,1,0.88654673
mondal asish,asish kumar mondal,1,mondal asish,asish kumar mondal,mondal asish,asish kumar mondal,0.9140330252894888,0.7171628,0.5370370370370371,0,0,16,0.6666666666666666,1.0,0,1,1,0.89895767
barman riddhideb,riddhideb burman,1,barman riddhideb,riddhideb burman,barman riddhideb,riddhideb burman,0.8066372923933552,0.6138629,0.6401515151515151,0,0,14,0.3333333333333333,0.94,0,0,1,0.8844992
nag choudhury,n choudhury,1,nag choudhury,n choudhury,nag choudhury,n choudhury,0.851769257580573,0.805587,0.9538461538461539,0,0,2,0.3333333333333333,0.92,0,1,1,0.89880055
mandal kalyanbrata,kalyanbrata mondal,1,mandal kalyanbrata,kalyanbrata mondal,mandal kalyanbrata,kalyanbrata mondal,0.8880480247652505,0.62149,0.7333333333333334,0,0,14,0.3333333333333333,0.94,1,0,1,0.88654673
chakraborty keya,k chakraborty,1,chakraborty keya,k chakraborty,chakraborty keya,k chakraborty,0.82197971706703,0.8271984,0.7243589743589745,0,0,7,0.3333333333333333,0.92,0,1,1,0.89895767
saha satyajit,satyajit sahu,1,saha satyajit,satyajit sahu,saha satyajit,satyajit sahu,0.8447226488146806,0.9341943,0.820979020979021,0,0,10,0.3333333333333333,0.92,0,0,1,0.6206514
haldar rina,r haldar,1,haldar rina,r haldar,haldar rina,r haldar,0.7857066933942151,0.784808,0.7651515151515151,0,0,7,0.3333333333333333,0.86,0,1,1,0.89895767
kar rana,k rana,1,kar rana,k rana,kar rana,k rana,0.7441282497891545,0.83523244,0.825,0,0,2,0.3333333333333333,0.86,1,1,1,0.89895767
poddar sujay,s poddar,1,poddar sujay,s poddar,poddar sujay,s poddar,0.7595103196690515,0.76981115,0.6765873015873017,0,0,8,0.3333333333333333,0.86,0,1,1,0.89895767
dhara sumit,s dhara,1,dhara sumit,s dhara,dhara sumit,s dhara,0.5997431427661132,0.7594665,0.6341991341991342,0,0,8,0.3333333333333333,0.83,1,1,1,0.89895767
maity suman,s maity,1,maity suman,s maity,maity suman,s maity,0.7808342606190373,0.6773474,0.6341991341991342,0,0,8,0.3333333333333333,0.83,0,1,1,0.89895767
banerjee soma,s banerjee,1,banerjee soma,s banerjee,banerjee soma,s banerjee,0.7964951984307025,0.8263429,0.8051282051282053,0,0,7,0.3333333333333333,0.89,0,1,1,0.89895767
aboo ahmed,a ahmed,1,aboo ahmed,a ahmed,aboo ahmed,a ahmed,0.6488209122129172,0.8006543,0.91,0,0,3,0.3333333333333333,0.83,0,1,1,0.89880055
chatterjee seba,s chatterjee,1,chatterjee seba,s chatterjee,chatterjee seba,s chatterjee,0.7825500657680647,0.8509154,0.8333333333333334,0,0,7,0.3333333333333333,0.91,0,1,1,0.89895767
pramanik soma,s pramanik,1,pramanik soma,s pramanik,pramanik soma,s pramanik,0.7461422438511237,0.8245956,0.8051282051282053,0,0,7,0.3333333333333333,0.89,0,1,1,0.89895767
mukherjee disha,d mukherjee,1,mukherjee disha,d mukherjee,mukherjee disha,d mukherjee,0.8229267697137148,0.73602223,0.806060606060606,0,0,8,0.3333333333333333,0.9,0,1,1,0.89895767
ghoshal bhaswati,bhaswati ghosal,1,ghoshal bhaswati,bhaswati ghosal,ghoshal bhaswati,bhaswati ghosal,0.7704616572369212,0.7411121,0.6361111111111111,0,0,10,0.3333333333333333,0.97,1,0,1,0.88654673
choudhury sayak,s choudhury,1,choudhury sayak,s choudhury,choudhury sayak,s choudhury,0.7902643036718361,0.69297516,0.806060606060606,0,0,8,0.3333333333333333,0.9,0,1,1,0.89895767
ray dhrubajyoti,dhrubajyoti roy,1,ray dhrubajyoti,dhrubajyoti roy,ray dhrubajyoti,dhrubajyoti roy,0.8687827199739871,0.752656,0.7572649572649572,0,0,8,0.3333333333333333,0.93,1,0,1,0.6593503
gupta arun,a gupta,1,gupta arun,a gupta,gupta arun,a gupta,0.7296921362581176,0.7471515,0.7571428571428571,0,0,7,0.3333333333333333,0.83,1,1,1,0.89895767
mondal soma,s mondal,1,mondal soma,s mondal,mondal soma,s mondal,0.7136030367783461,0.7417098,0.7651515151515151,0,0,7,0.3333333333333333,0.86,0,1,1,0.89895767
bagchi nips,n bagchi,1,bagchi nips,n bagchi,bagchi nips,n bagchi,0.7156541351435698,0.8011671,0.7651515151515151,0,0,7,0.3333333333333333,0.86,1,1,1,0.89895767
pandey hemendra,hemandra pandey,1,pandey hemendra,hemandra pandey,pandey hemendra,hemandra pandey,0.6930789169607665,0.6493665,0.6222222222222222,0,0,11,0.3333333333333333,0.93,1,0,1,0.58527595
loharuka shankar,shankar laharuka,1,loharuka shankar,shankar laharuka,loharuka shankar,shankar laharuka,0.7143586800095926,0.8636106,0.6704545454545454,0,0,10,0.3333333333333333,0.94,1,0,1,0.8841986
mandal saroj,saroj mondal,1,mandal saroj,saroj mondal,mandal saroj,saroj mondal,0.7791921044098147,0.57101834,0.47222222222222215,0,0,11,0.3333333333333333,0.92,0,0,1,0.7301133
murmu rila,r murmu,1,murmu rila,r murmu,murmu rila,r murmu,0.7510121894518221,0.7859451,0.7571428571428571,0,0,7,0.3333333333333333,0.83,0,1,1,0.89895767
chakraborty rama,r chakraborty,1,chakraborty rama,r chakraborty,chakraborty rama,r chakraborty,0.9082628012594338,0.77855873,0.7243589743589745,0,0,7,0.3333333333333333,0.92,0,1,1,0.89895767
de sumeet kumar,sumeet de,1,de sumeet kumar,sumeet de,de sumeet kumar,sumeet de,0.9085466757576188,0.7072172,0.6407407407407407,0,0,8,0.6666666666666666,1.0,0,1,1,0.89895767
ghatak souvik,sauvik ghatak,1,ghatak souvik,sauvik ghatak,ghatak souvik,sauvik ghatak,0.7944331380960934,0.9033961,0.5230769230769231,0,0,10,0.3333333333333333,0.92,0,0,1,0.7301133
mukherjee subhashis,subhashis mukharjee,1,mukherjee subhashis,subhashis mukharjee,mukherjee subhashis,subhashis mukharjee,0.7791451367618937,0.67531466,0.5380116959064327,0,0,13,0.3333333333333333,0.95,0,0,1,0.88654673
dutta soma,s dutta,1,dutta soma,s dutta,dutta soma,s dutta,0.7184298395015412,0.8024769,0.707936507936508,0,0,7,0.3333333333333333,0.83,1,1,1,0.89895767
shaw sunil,sunil saw,1,shaw sunil,sunil saw,shaw sunil,sunil saw,0.6964501037264349,0.6018397,0.5444444444444444,0,0,8,0.3333333333333333,0.95,0,0,1,0.8169531
choudhury swagata,swagata chowdhury,1,choudhury swagata,swagata chowdhury,choudhury swagata,swagata chowdhury,0.7660948170531171,0.70544446,0.40686274509803927,0,0,16,0.3333333333333333,0.94,1,0,1,0.88654673
chakraborti swati,swati chakraborty,1,chakraborti swati,swati chakraborty,chakraborti swati,swati chakraborty,0.8466984894209847,0.9259432,0.7394957983193278,0,0,13,0.3333333333333333,0.94,1,0,1,0.88654673
senapati tuhin,t senapati,1,senapati tuhin,t senapati,senapati tuhin,t senapati,0.7144077770882046,0.789096,0.6994708994708995,0,0,8,0.3333333333333333,0.89,1,1,1,0.89895767
de utpal,utpal dey,1,de utpal,utpal dey,de utpal,utpal dey,0.8016862870414395,0.83158517,0.6388888888888888,0,0,7,0.3333333333333333,0.94,0,0,1,0.77938443
ghosh atri,a ghosh,1,ghosh atri,a ghosh,ghosh atri,a ghosh,0.6971522147389079,0.79483545,0.6523809523809524,0,0,7,0.3333333333333333,0.83,0,1,1,0.89895767
neogi arpita,a neogi,1,neogi arpita,a neogi,neogi arpita,a neogi,0.7132240037909816,0.7249967,0.6190476190476191,0,0,9,0.3333333333333333,0.83,1,1,1,0.89895767
mondal ayan,a mondal,1,mondal ayan,a mondal,mondal ayan,a mondal,0.7530317892800713,0.7200861,0.6942640692640693,0,0,7,0.3333333333333333,0.86,0,1,1,0.89895767
datta bibekananda,bibekananda dutta,1,datta bibekananda,bibekananda dutta,datta bibekananda,bibekananda dutta,0.8280812639701552,0.8003145,0.6892911010558068,0,0,12,0.3333333333333333,0.94,1,0,1,0.88654673
dasgupta udayam,udayan dasgupta,1,dasgupta udayam,udayan dasgupta,dasgupta udayam,udayan dasgupta,0.893628119424429,0.8521181,0.6222222222222222,0,0,12,0.3333333333333333,0.93,1,0,1,0.7413408
roychowdhury debanjan,d roychowdhury,1,roychowdhury debanjan,d roychowdhury,roychowdhury debanjan,d roychowdhury,0.8140484901578454,0.7453878,0.6953601953601954,0,0,11,0.3333333333333333,0.92,0,1,1,0.89895767
banerjee dipankar,dipanker banerjee,1,banerjee dipankar,dipanker banerjee,banerjee dipankar,dipanker banerjee,0.8297567330740122,0.9338639,0.6122004357298475,0,0,15,0.3333333333333333,0.94,0,0,1,0.88654673
pal chowdhury suman,s pal chowdhury,1,pal chowdhury suman,s pal chowdhury,pal chowdhury suman,s pal chowdhury,0.8762173860944806,0.83662987,0.723391812865497,0,0,8,0.5,0.93,0,1,1,0.89895767
karmakar sanjib,sanjib karmokar,1,karmakar sanjib,sanjib karmokar,karmakar sanjib,sanjib karmokar,0.6605708160384632,0.68913865,0.5444444444444444,0,0,13,0.3333333333333333,0.93,0,0,1,0.56894106
das mahapatra pritha,d p mahapatra,1,das mahapatra pritha,d p mahapatra,das mahapatra pritha,d p mahapatra,0.7280700380102191,0.67727154,0.8319230769230768,0,0,9,0.2,0.82,1,1,1,0.8983663
mukherjee monoj,monoj mukherje,1,mukherjee monoj,monoj mukherje,mukherjee monoj,monoj mukherje,0.8967941574189546,0.64522564,0.7466233766233765,0,0,13,0.3333333333333333,0.97,0,0,1,0.88654673
chakravarty ujjal kumar,ujjal k chakravarty,1,chakravarty ujjal kumar,ujjal k chakravarty,chakravarty ujjal kumar,ujjal k chakravarty,0.9506914506378981,0.8662623,0.6583269768624459,0,0,20,0.5,0.94,0,1,1,0.89895767
ghosh aniruddha,anirudhha ghosh,1,ghosh aniruddha,anirudhha ghosh,ghosh aniruddha,anirudhha ghosh,0.7653992553711507,0.8630816,0.6707070707070706,0,0,13,0.3333333333333333,0.93,1,0,1,0.7413408
mondal arup kr,a k mondal,1,mondal arup kr,a k mondal,mondal arup kr,a k mondal,0.6303841646624936,0.69416267,0.6238095238095238,0,0,12,0.2,0.83,0,1,1,0.8983663
bhawal saikat,s bhawal,1,bhawal saikat,s bhawal,bhawal saikat,s bhawal,0.6625872995576281,0.6023317,0.6616300366300366,0,0,9,0.3333333333333333,0.86,0,1,1,0.89895767
biswas soma,s biswas,1,biswas soma,s biswas,biswas soma,s biswas,0.7406602731630617,0.75929046,0.6942640692640693,0,0,7,0.3333333333333333,0.86,0,1,1,0.89895767
konar debasis,d konar,1,konar debasis,d konar,konar debasis,d konar,0.6438848470686103,0.74853456,0.6062271062271062,0,0,10,0.3333333333333333,0.83,0,1,1,0.89895767
pradhan doyel,d pradhan,1,pradhan doyel,d pradhan,pradhan doyel,d pradhan,0.6646861694121121,0.79559016,0.6680911680911681,0,0,8,0.3333333333333333,0.88,0,1,1,0.89895767
jaiswal sneha,s jaiswal,1,jaiswal sneha,s jaiswal,jaiswal sneha,s jaiswal,0.7029889353811283,0.88963306,0.6680911680911681,0,0,8,0.3333333333333333,0.88,0,1,1,0.89895767
mitra joy,j mitra,1,mitra joy,j mitra,mitra joy,j mitra,0.7095408320991894,0.7003074,0.7566137566137566,0,0,6,0.3333333333333333,0.88,1,1,1,0.89895767
mandal piyasi,piyasi mondal,1,mandal piyasi,piyasi mondal,mandal piyasi,piyasi mondal,0.8314693684684805,0.608982,0.4551282051282051,0,0,12,0.3333333333333333,0.92,1,0,1,0.7301133
banerjee samir,samar banerjee,1,banerjee samir,samar banerjee,banerjee samir,samar banerjee,0.7763004706430884,0.8790138,0.7056277056277057,0,0,12,0.3333333333333333,0.93,0,0,1,0.7413408
mondal suvra,s mondal,1,mondal suvra,s mondal,mondal suvra,s mondal,0.5759120625225799,0.6820652,0.6765873015873017,0,0,8,0.3333333333333333,0.86,0,1,1,0.89895767
bhattacharya tunisha,tanisha bhattacharya,1,bhattacharya tunisha,tanisha bhattacharya,bhattacharya tunisha,tanisha bhattacharya,0.7652204780633348,0.56861365,0.7000000000000001,0,0,16,0.3333333333333333,0.95,1,0,1,0.88408244
datta amitabha,amitabha dutta,1,datta amitabha,amitabha dutta,datta amitabha,amitabha dutta,0.7546800525444733,0.8125081,0.735930735930736,0,0,11,0.3333333333333333,0.93,1,0,1,0.7363431
chakraborty jayanta,jayanti chakroborty,1,chakraborty jayanta,jayanti chakroborty,chakraborty jayanta,jayanti chakroborty,0.600768579580916,0.8332132,0.704093567251462,0,0,17,0.0,0.89,1,0,1,0.83958846
bagchi jayadip,jaydip bagchi,1,bagchi jayadip,jaydip bagchi,bagchi jayadip,jaydip bagchi,0.7216700422870566,0.6081786,0.5805860805860806,0,0,10,0.3333333333333333,0.96,1,0,1,0.8844992
ray jitabrata,jitabrata roy,1,ray jitabrata,jitabrata roy,ray jitabrata,jitabrata roy,0.8190708453526099,0.6885951,0.7128205128205128,0,0,8,0.3333333333333333,0.92,1,0,1,0.6747026
ray jagaddhatri,jagadhatri roy,1,ray jagaddhatri,jagadhatri roy,ray jagaddhatri,jagadhatri roy,0.651560134281987,0.60021776,0.6936507936507935,0,0,9,0.0,0.9,1,0,1,0.83672446
kapoor manish,m kapoor,1,kapoor manish,m kapoor,kapoor manish,m kapoor,0.818853967604585,0.72092235,0.6616300366300366,0,0,9,0.3333333333333333,0.86,0,1,1,0.89895767
chatterjee partha,partho chatterjee,1,chatterjee partha,partho chatterjee,chatterjee partha,partho chatterjee,0.8382975435939848,0.92214537,0.7660130718954248,0,0,14,0.3333333333333333,0.94,0,0,1,0.88654673
kundu prithwish,prithwis kundu,1,kundu prithwish,prithwis kundu,kundu prithwish,prithwis kundu,0.8950366199872125,0.8815745,0.626984126984127,0,0,12,0.3333333333333333,0.97,0,0,1,0.88654673
chowdhary ranbir,ranabir chowdhury,1,chowdhary ranbir,ranabir chowdhury,chowdhary ranbir,ranabir chowdhury,0.5311339381929591,0.77268356,0.5204248366013072,0,0,16,0.0,0.91,0,0,1,0.8316525
biswas sumi,s biswas,1,biswas sumi,s biswas,biswas sumi,s biswas,0.7505796505030443,0.71120894,0.6942640692640693,0,0,7,0.3333333333333333,0.86,0,1,1,0.89895767
roy subhadip,shubhadip roy,1,roy subhadip,shubhadip roy,roy subhadip,shubhadip roy,0.8123232950329354,0.6706232,0.7606837606837606,0,0,9,0.3333333333333333,0.96,0,0,1,0.88654673
mazumdar soumi,s mazumdar,1,mazumdar soumi,s mazumdar,mazumdar soumi,s mazumdar,0.8072392111774475,0.79120255,0.7904761904761904,0,0,8,0.3333333333333333,0.89,0,1,1,0.89895767
mallick suman,s mallick,1,mallick suman,s mallick,mallick suman,s mallick,0.8397379194202043,0.719429,0.772079772079772,0,0,8,0.3333333333333333,0.88,0,1,1,0.89895767
das suchandro,suchandra das,1,das suchandro,suchandra das,das suchandro,suchandra das,0.7563592210104665,0.7293979,0.6467236467236467,0,0,9,0.3333333333333333,0.92,0,0,1,0.7301133
chakrabarti sujit,sujita chakrabarty,1,chakrabarti sujit,sujita chakrabarty,chakrabarti sujit,sujita chakrabarty,0.7816528567189495,0.91889215,0.7007709066532596,0,0,14,0.0,0.91,1,0,1,0.83794796
paul sushil,sushil pal,1,paul sushil,sushil pal,paul sushil,sushil pal,0.7200492194537588,0.6321142,0.5848484848484848,0,0,9,0.3333333333333333,0.95,0,0,1,0.88654673
chowdhury arka,a chowdhury,1,chowdhury arka,a chowdhury,chowdhury arka,a chowdhury,0.820543109941873,0.7785911,0.8203463203463204,0,0,7,0.3333333333333333,0.9,0,1,1,0.89895767
goswami anup kumar,a goswami,1,goswami anup kumar,a goswami,goswami anup kumar,a goswami,0.7453349785437955,0.60869706,0.6851851851851851,0,0,13,0.25,0.88,1,1,1,0.89895767
mukherjee ajoy kumar,a mukherjee,1,mukherjee ajoy kumar,a mukherjee,mukherjee ajoy kumar,a mukherjee,0.7364458834659899,0.8205559,0.6696969696969698,0,0,13,0.25,0.9,0,1,1,0.89895767
chakraborty alok kumar,a chakraborty,1,chakraborty alok kumar,a chakraborty,chakraborty alok kumar,a chakraborty,0.7831351111626026,0.67504025,0.7097902097902097,0,0,13,0.25,0.92,0,1,1,0.89895767
chowdhury amal,a chowdhury,1,chowdhury amal,a chowdhury,chowdhury amal,a chowdhury,0.8702065064973841,0.78521234,0.8203463203463204,0,0,7,0.3333333333333333,0.9,0,1,1,0.89895767
chowdhury amit,a chowdhury,1,chowdhury amit,a chowdhury,chowdhury amit,a chowdhury,0.8618341698501925,0.80500305,0.8203463203463204,0,0,7,0.3333333333333333,0.9,0,1,1,0.89895767
das amal,amal kumar das,1,das amal,amal kumar das,das amal,amal kumar das,0.8606254167775127,0.72035134,0.6150793650793651,0,0,10,0.6666666666666666,1.0,0,1,1,0.89895767
chowdhury ajoy,a chowdhury,1,chowdhury ajoy,a chowdhury,chowdhury ajoy,a chowdhury,0.783824617926907,0.7612277,0.8203463203463204,0,0,7,0.3333333333333333,0.9,0,1,1,0.89895767
hazra amit,a hazra,1,hazra amit,a hazra,hazra amit,a hazra,0.8310179251760412,0.63764316,0.7571428571428571,0,0,7,0.3333333333333333,0.83,1,1,1,0.89895767
chatterjee ayan,a chatterjee,1,chatterjee ayan,a chatterjee,chatterjee ayan,a chatterjee,0.8572681239673545,0.7960769,0.7999999999999999,0,0,7,0.3333333333333333,0.91,0,1,1,0.89895767
malhotra anil,a malhotra,1,malhotra anil,a malhotra,malhotra anil,a malhotra,0.8778491016343185,0.7290646,0.7159544159544161,0,0,7,0.3333333333333333,0.89,1,1,1,0.89895767
chatterjee arka,a chatterjee,1,chatterjee arka,a chatterjee,chatterjee arka,a chatterjee,0.8229675426060852,0.78339064,0.7999999999999999,0,0,7,0.3333333333333333,0.91,0,1,1,0.89895767
paul avijit,avijit pal,1,paul avijit,avijit pal,paul avijit,avijit pal,0.7572573862070973,0.69450325,0.5045454545454545,0,0,9,0.3333333333333333,0.95,0,0,1,0.88654673
barh soumen,soumen bar,1,barh soumen,soumen bar,barh soumen,soumen bar,0.7690444483026866,0.7526452,0.396969696969697,0,0,9,0.3333333333333333,0.95,0,0,1,0.88654673
barua sujoy,s barua,1,barua sujoy,s barua,barua sujoy,s barua,0.6789083409472043,0.75426614,0.6341991341991342,0,0,8,0.3333333333333333,0.83,1,1,1,0.89895767
datta basudeb,basudeb dutta,1,datta basudeb,basudeb dutta,datta basudeb,basudeb dutta,0.7665189961498441,0.74088705,0.5494505494505494,0,0,10,0.3333333333333333,0.92,1,0,1,0.7301133
bhattacharya deep,d bhattacharya,1,bhattacharya deep,d bhattacharya,bhattacharya deep,d bhattacharya,0.8663705950230383,0.7832964,0.8543417366946778,0,0,7,0.3333333333333333,0.92,1,1,1,0.8988725
bhattacharjee suren,s bhattacharjee,1,bhattacharjee suren,s bhattacharjee,bhattacharjee suren,s bhattacharjee,0.8524092439970262,0.85431904,0.8502923976608187,0,0,8,0.3333333333333333,0.93,0,1,1,0.8988725
tiwari sneha,s tiwari,1,tiwari sneha,s tiwari,tiwari sneha,s tiwari,0.6947912199819285,0.90398175,0.6765873015873017,0,0,8,0.3333333333333333,0.86,1,1,1,0.89895767
mitra biman,biman moitra,1,mitra biman,biman moitra,mitra biman,biman moitra,0.6874155816179095,0.706618,0.6446608946608947,0,0,9,0.3333333333333333,0.96,1,0,1,0.8468458
mandal biswanath,biswanath mondal,1,mandal biswanath,biswanath mondal,mandal biswanath,biswanath mondal,0.8184806252875712,0.5890405,0.6666666666666666,0,0,14,0.3333333333333333,0.94,0,0,1,0.88408244
ghosh bani,b ghosh,1,ghosh bani,b ghosh,ghosh bani,b ghosh,0.7583546947951545,0.7933098,0.6523809523809524,0,0,7,0.3333333333333333,0.83,0,1,1,0.89895767
chakraborty sudarshan,sudharshan chakraborty,1,chakraborty sudarshan,sudharshan chakraborty,chakraborty sudarshan,sudharshan chakraborty,0.8540448729764668,0.85881203,0.613997113997114,0,0,19,0.3333333333333333,0.98,0,0,1,0.88654673
ghosh chhaya,c ghosh,1,ghosh chhaya,c ghosh,ghosh chhaya,c ghosh,0.6019312205228837,0.8250287,0.6190476190476191,0,0,9,0.3333333333333333,0.83,0,1,1,0.89895767
chhetri ajit,a chhetri,1,chhetri ajit,a chhetri,chhetri ajit,a chhetri,0.8572445602466024,0.6546881,0.7870370370370371,0,0,7,0.3333333333333333,0.88,1,1,1,0.89895767
chowdhuri arghya,arghya chowdhury,1,chowdhuri arghya,arghya chowdhury,chowdhuri arghya,arghya chowdhury,0.8907069983527921,0.9059938,0.7467948717948718,0,0,14,0.3333333333333333,0.94,1,0,1,0.88654673
goswami deep,d goswami,1,goswami deep,d goswami,goswami deep,d goswami,0.8397342902823829,0.7816943,0.7870370370370371,0,0,7,0.3333333333333333,0.88,1,1,1,0.89895767
kundu dipa,d kundu,1,kundu dipa,d kundu,kundu dipa,d kundu,0.7119852792426402,0.6994257,0.7571428571428571,0,0,7,0.3333333333333333,0.83,0,1,1,0.89895767
dasgupta bina,b dasgupta,1,dasgupta bina,b dasgupta,dasgupta bina,b dasgupta,0.8383805861160281,0.8149137,0.8051282051282053,0,0,7,0.3333333333333333,0.89,1,1,1,0.89895767
choudhury amlan,amlan chowdhury,1,choudhury amlan,amlan chowdhury,choudhury amlan,amlan chowdhury,0.7473221374440591,0.6218587,0.5851851851851851,0,0,13,0.3333333333333333,0.93,0,0,1,0.7413408
banerjee dola,d banerjee,1,banerjee dola,d banerjee,banerjee dola,d banerjee,0.7492883014562897,0.7876287,0.8051282051282053,0,0,7,0.3333333333333333,0.89,0,1,1,0.89895767
banerje dipankar,dipankar banerjee,1,banerje dipankar,dipankar banerjee,banerje dipankar,dipankar banerjee,0.8885538500673301,0.76038086,0.6602668845315903,0,0,15,0.3333333333333333,0.97,0,0,1,0.88654673
harlalka shanwer,shanwar haralalka,1,harlalka shanwer,shanwar haralalka,harlalka shanwer,shanwar haralalka,0.545957522790871,0.73770034,0.6377450980392158,0,0,13,0.0,0.91,1,0,1,0.83188784
chakraborty soumi,soumi chakroborty,1,chakraborty soumi,soumi chakroborty,chakraborty soumi,soumi chakroborty,0.7108069435547312,0.75996304,0.6372549019607844,0,0,13,0.3333333333333333,0.94,1,0,1,0.8841986
dessa dorothy,dorothi dessa,1,dessa dorothy,dorothi dessa,dessa dorothy,dorothi dessa,0.8857690345770581,0.42874065,0.4551282051282051,0,0,12,0.3333333333333333,0.92,1,0,1,0.7301133
bhattacharya arka,a bhattacharya,1,bhattacharya arka,a bhattacharya,bhattacharya arka,a bhattacharya,0.829398845675031,0.79938775,0.7695539754363283,0,0,7,0.3333333333333333,0.92,1,1,1,0.89895767
dutta anuj,a dutta,1,dutta anuj,a dutta,dutta anuj,a dutta,0.6876587401539531,0.7031235,0.7571428571428571,0,0,7,0.3333333333333333,0.83,1,1,1,0.89895767
ghosh ayan,a ghosh,1,ghosh ayan,a ghosh,ghosh ayan,a ghosh,0.7493023992646495,0.7698242,0.6523809523809524,0,0,7,0.3333333333333333,0.83,0,1,1,0.89895767
ghosh basu s k,b k ghosh,1,ghosh basu s k,b k ghosh,ghosh basu s k,b k ghosh,0.6953511595521373,0.82951915,0.6164021164021164,0,0,12,0.4,0.88,0,1,1,0.89895767
das mitra,d mitra,1,das mitra,d mitra,das mitra,d mitra,0.7918644637937444,0.8075774,0.9333333333333333,0,0,2,0.3333333333333333,0.88,1,1,1,0.89880055
dutta arun,a dutta,1,dutta arun,a dutta,dutta arun,a dutta,0.7658028637340428,0.65265214,0.7571428571428571,0,0,7,0.3333333333333333,0.83,1,1,1,0.89895767
mondal sohom,s mondal,1,mondal sohom,s mondal,mondal sohom,s mondal,0.5726645472035937,0.6550242,0.6765873015873017,0,0,8,0.3333333333333333,0.86,0,1,1,0.89895767
gupta pawan kumar,p gupta,1,gupta pawan kumar,p gupta,gupta pawan kumar,p gupta,0.5908115001520476,0.78263086,0.6610644257703081,0,0,14,0.25,0.83,1,1,1,0.89895767
murmu susil,s murmu,1,murmu susil,s murmu,murmu susil,s murmu,0.6945734425442623,0.78473794,0.6341991341991342,0,0,8,0.3333333333333333,0.83,0,1,1,0.89895767
masani soumitra,saumitra mashani,1,masani soumitra,saumitra mashani,masani soumitra,saumitra mashani,0.5386782697714603,0.7851145,0.7648504273504274,0,0,13,0.0,0.9,1,0,1,0.83513767
bhattacharya shuva,shuvo bhattacharya,1,bhattacharya shuva,shuvo bhattacharya,bhattacharya shuva,shuvo bhattacharya,0.7632945487098227,0.8899071,0.6851851851851851,0,0,12,0.3333333333333333,0.94,1,0,1,0.88654673
patil sneha,s patil,1,patil sneha,s patil,patil sneha,s patil,0.5936718935586907,0.7970562,0.6341991341991342,0,0,8,0.3333333333333333,0.83,0,1,1,0.89895767
thakur samir kumar,s thakur,1,thakur samir kumar,s thakur,thakur samir kumar,s thakur,0.679905212024521,0.7185314,0.6481481481481481,0,0,14,0.25,0.86,0,1,1,0.89895767
banerjee rima,r banerjee,1,banerjee rima,r banerjee,banerjee rima,r banerjee,0.7856631265397479,0.8190485,0.7159544159544161,0,0,7,0.3333333333333333,0.89,0,1,1,0.89895767
biswas arunava,arunavo biswas,1,biswas arunava,arunavo biswas,biswas arunava,arunavo biswas,0.7392828137839489,0.9054941,0.5047619047619047,0,0,12,0.3333333333333333,0.93,0,0,1,0.7413408
roy amita,amit roy,1,roy amita,amit roy,roy amita,amit roy,0.8162868528109106,0.7904686,0.41203703703703703,0,0,8,0.3333333333333333,0.94,0,0,1,0.860107
bhattacharya dipro,d bhattacharya,1,bhattacharya dipro,d bhattacharya,bhattacharya dipro,d bhattacharya,0.7263571590481513,0.7242118,0.8412698412698413,0,0,8,0.3333333333333333,0.92,1,1,1,0.8989275
bhowmick sohan,s bhowmick,1,bhowmick sohan,s bhowmick,bhowmick sohan,s bhowmick,0.8474277794057201,0.73220855,0.7904761904761904,0,0,8,0.3333333333333333,0.89,0,1,1,0.89895767
chowdhury priya,p chowdhury,1,chowdhury priya,p chowdhury,chowdhury priya,p chowdhury,0.8443383552520648,0.84235644,0.806060606060606,0,0,8,0.3333333333333333,0.9,0,1,1,0.89895767
ghosh anil kumar,a ghosh,1,ghosh anil kumar,a ghosh,ghosh anil kumar,a ghosh,0.6989014181545681,0.64331084,0.6696428571428571,0,0,13,0.25,0.83,0,1,1,0.89895767
rahaman jiaur,j rahaman,1,rahaman jiaur,j rahaman,rahaman jiaur,j rahaman,0.5884049049101182,0.70740765,0.772079772079772,0,0,8,0.3333333333333333,0.88,0,1,1,0.89895767
pal jyitishka,jyotishka paul,1,pal jyitishka,jyotishka paul,pal jyitishka,jyotishka paul,0.5534934779852072,0.6949129,0.6302401302401303,0,0,10,0.0,0.89,1,0,1,0.8316447
hossain mainul,moinul hossain,1,hossain mainul,moinul hossain,hossain mainul,moinul hossain,0.764593694581074,0.740867,0.6309523809523809,0,0,12,0.3333333333333333,0.93,0,0,1,0.7413408
hussain md malid,m hussain,1,hussain md malid,m hussain,hussain md malid,m hussain,0.6970886589646021,0.70247406,0.6712962962962963,0,0,11,0.25,0.88,0,1,1,0.89895767
niyogi mrityunjay,mrityunjoy niogi,1,niyogi mrityunjay,mrityunjoy niogi,niyogi mrityunjay,mrityunjoy niogi,0.5864339714555955,0.6826315,0.7328431372549019,0,0,14,0.0,0.91,1,0,1,0.83828473
mukherjee tapas kumar,t k mukherjee,1,mukherjee tapas kumar,t k mukherjee,mukherjee tapas kumar,t k mukherjee,0.7157925539640656,0.7937784,0.6151404151404152,0,0,16,0.2,0.82,0,1,1,0.8983663
md nur islam,n islam,1,md nur islam,n islam,md nur islam,n islam,0.680391162505934,0.6981763,0.8134920634920636,0,0,5,0.25,0.83,0,1,1,0.89895767
mukherjee rik,r mukkherjee,1,mukherjee rik,r mukkherjee,mukherjee rik,r mukkherjee,0.5939830998686996,0.6141341,0.7341880341880342,0,0,7,0.0,0.88,0,0,1,0.84685117
acharya suchi,s acharya,1,acharya suchi,s acharya,acharya suchi,s acharya,0.714042053448818,0.7691666,0.772079772079772,0,0,8,0.3333333333333333,0.88,1,1,1,0.89895767
sinha sharmistha,sarmistha sinha,1,sinha sharmistha,sarmistha sinha,sinha sharmistha,sarmistha sinha,0.9008343910897693,0.7620985,0.8353571428571429,0,0,10,0.3333333333333333,0.97,1,0,1,0.87434196
jha sankar nath,shankar nath jha,1,jha sankar nath,shankar nath jha,jha sankar nath,shankar nath jha,0.8560073847536414,0.67856455,0.7694444444444445,0,0,8,0.5,0.97,1,0,1,0.860107
adhikari soma,soma adhikary,1,adhikari soma,soma adhikary,adhikari soma,soma adhikary,0.830003188339025,0.8305306,0.6467236467236467,0,0,11,0.3333333333333333,0.92,1,0,1,0.7301133
nandy sumit,s nandy,1,nandy sumit,s nandy,nandy sumit,s nandy,0.6973617050122324,0.76379085,0.6341991341991342,0,0,8,0.3333333333333333,0.83,0,1,1,0.89895767
chakraborty tuhin,t chakraborty,1,chakraborty tuhin,t chakraborty,chakraborty tuhin,t chakraborty,0.7562570447407295,0.7807922,0.8310708898944194,0,0,8,0.3333333333333333,0.92,0,1,1,0.89895767
das sengupta,d sengupta,1,das sengupta,d sengupta,das sengupta,d sengupta,0.8751477539541576,0.79320383,0.9199999999999999,0,0,2,0.3333333333333333,0.91,1,1,1,0.89880055
de dibyajyoti,divyajyoti dey,1,de dibyajyoti,divyajyoti dey,de dibyajyoti,divyajyoti dey,0.5457660096495346,0.85965693,0.8005494505494506,0,0,8,0.0,0.89,1,0,1,0.83814466
datta indranil,indranil dutta,1,datta indranil,indranil dutta,datta indranil,indranil dutta,0.7144938083392223,0.67019403,0.7056277056277057,0,0,12,0.3333333333333333,0.93,1,0,1,0.7368794
nayak gautam kumar,g nayak,1,nayak gautam kumar,g nayak,nayak gautam kumar,g nayak,0.570949804353405,0.6298609,0.6534391534391534,0,0,14,0.25,0.83,0,1,1,0.89895767
ghosh pala,p ghosh,1,ghosh pala,p ghosh,ghosh pala,p ghosh,0.7702940871666238,0.8133639,0.6523809523809524,0,0,7,0.3333333333333333,0.83,0,1,1,0.89895767
gupta sumit kumar,s gupta,1,gupta sumit kumar,s gupta,gupta sumit kumar,s gupta,0.5900259486637285,0.80602944,0.6610644257703081,0,0,13,0.25,0.83,1,1,1,0.89895767
hazra anup kumar,a hazra,1,hazra anup kumar,a hazra,hazra anup kumar,a hazra,0.73208569563017,0.5455049,0.6696428571428571,0,0,13,0.25,0.83,1,1,1,0.89895767
manna jitsen,j manna,1,manna jitsen,j manna,manna jitsen,j manna,0.6097212257735078,0.6415419,0.6746031746031745,0,0,9,0.3333333333333333,0.83,1,1,1,0.89895767
ganguly dipti,d ganguly,1,ganguly dipti,d ganguly,ganguly dipti,d ganguly,0.7614289904700757,0.72366047,0.772079772079772,0,0,8,0.3333333333333333,0.88,0,1,1,0.89895767
karmakar uma,u karmakar,1,karmakar uma,u karmakar,karmakar uma,u karmakar,0.8369669526203515,0.6930542,0.8222222222222223,0,0,6,0.3333333333333333,0.91,0,1,1,0.89895767
maity subha,s maity,1,maity subha,s maity,maity subha,s maity,0.7542347342333401,0.642613,0.6341991341991342,0,0,8,0.3333333333333333,0.83,0,1,1,0.89895767
maiti subrata,subrata maity,1,maiti subrata,subrata maity,maiti subrata,subrata maity,0.7831019443042876,0.8755391,0.5299145299145299,0,0,12,0.3333333333333333,0.92,1,0,1,0.7301133
majumdar seba,s majumdar,1,majumdar seba,s majumdar,majumdar seba,s majumdar,0.7674603763121831,0.69574165,0.8051282051282053,0,0,7,0.3333333333333333,0.89,0,1,1,0.89895767
mallick sohag,sohag malick,1,mallick sohag,sohag malick,mallick sohag,sohag malick,0.8350934974245103,0.38363943,0.5644078144078144,0,0,13,0.3333333333333333,0.96,0,0,1,0.88408244
mishra punam,p mishra,1,mishra punam,p mishra,mishra punam,p mishra,0.6181673595258346,0.7582939,0.6765873015873017,0,0,8,0.3333333333333333,0.86,1,1,1,0.89895767
mukhopadhyay,m k mukhopadhay,1,mukhopadhyay,m k mukhopadhay,mukhopadhyay,m k mukhopadhay,0.7468790965505815,0.8157579,0.8404545454545455,0,0,5,0.0,0.81,0,0,1,0.84956944
mondal ayon,a mondal,1,mondal ayon,a mondal,mondal ayon,a mondal,0.6197856216946951,0.70966405,0.6942640692640693,0,0,7,0.3333333333333333,0.86,0,1,1,0.89895767
mandal himangshu,himangsu mondal,1,mandal himangshu,himangsu mondal,mandal himangshu,himangsu mondal,0.6119221817719129,0.55579334,0.655429292929293,0,0,12,0.0,0.9,0,0,1,0.83672446
mukherjee sagar,s mukherjee,1,mukherjee sagar,s mukherjee,mukherjee sagar,s mukherjee,0.834857267148435,0.753242,0.806060606060606,0,0,8,0.3333333333333333,0.9,0,1,1,0.89895767
nandi soma,s nandi,1,nandi soma,s nandi,nandi soma,s nandi,0.6749063081791682,0.7800988,0.6523809523809524,0,0,7,0.3333333333333333,0.83,1,1,1,0.89895767
nandy arindam,arindam nandi,1,nandy arindam,arindam nandi,nandy arindam,arindam nandi,0.7714500303186642,0.88872284,0.6837606837606837,0,0,10,0.3333333333333333,0.92,0,0,1,0.7301133
neogi monalisa,m neogi,1,neogi monalisa,m neogi,neogi monalisa,m neogi,0.6692453445878245,0.6711877,0.6904761904761904,0,0,11,0.3333333333333333,0.83,1,1,1,0.89895767
sikdar priya,p sikdar,1,sikdar priya,p sikdar,sikdar priya,p sikdar,0.8284233574424186,0.77210975,0.6765873015873017,0,0,8,0.3333333333333333,0.86,0,1,1,0.89895767
de pampa,pampa dey,1,de pampa,pampa dey,de pampa,pampa dey,0.8022552745740428,0.86503565,0.6388888888888888,0,0,7,0.3333333333333333,0.94,1,0,1,0.77938443
roy chowdhury pratik,p roy chowdhury,1,roy chowdhury pratik,p roy chowdhury,roy chowdhury pratik,p roy chowdhury,0.8333508624050816,0.8579364,0.7111111111111111,0,0,9,0.5,0.93,0,1,1,0.89895767
thakur pulak,p thakur,1,thakur pulak,p thakur,thakur pulak,p thakur,0.6619419814514395,0.7772591,0.6765873015873017,0,0,8,0.3333333333333333,0.86,0,1,1,0.89895767
debbarma puspita,pushpita debbarma,1,debbarma puspita,pushpita debbarma,debbarma puspita,pushpita debbarma,0.7273955494348651,0.76125586,0.4688725490196079,0,0,14,0.3333333333333333,0.97,1,0,1,0.88654673
hembrom rabi,r hembrom,1,hembrom rabi,r hembrom,hembrom rabi,r hembrom,0.8503543092248713,0.77644277,0.6851851851851851,0,0,7,0.3333333333333333,0.88,0,1,1,0.89895767
mondal suraj,s mondal,1,mondal suraj,s mondal,mondal suraj,s mondal,0.7262850110547708,0.6501256,0.6765873015873017,0,0,8,0.3333333333333333,0.86,0,1,1,0.89895767
chatterjee sreya,s chatterjee,1,chatterjee sreya,s chatterjee,chatterjee sreya,s chatterjee,0.7776612538997629,0.8141219,0.8194444444444445,0,0,8,0.3333333333333333,0.91,0,1,1,0.89895767
parua samit,s parua,1,parua samit,s parua,parua samit,s parua,0.7730814518648432,0.7214303,0.6341991341991342,0,0,8,0.3333333333333333,0.83,1,1,1,0.89895767
pandit souvik,s pandit,1,pandit souvik,s pandit,pandit souvik,s pandit,0.5864114123085851,0.69075835,0.6616300366300366,0,0,9,0.3333333333333333,0.86,0,1,1,0.89895767
dutta suman,s dutta,1,dutta suman,s dutta,dutta suman,s dutta,0.7564738334938742,0.78126484,0.6897546897546897,0,0,8,0.3333333333333333,0.83,1,1,1,0.89895767
patra sharmila,sarmila patra,1,patra sharmila,sarmila patra,patra sharmila,sarmila patra,0.8692102971380427,0.77391964,0.6456043956043956,0,0,11,0.3333333333333333,0.96,1,0,1,0.88654673
patra suvam,s patra,1,patra suvam,s patra,patra suvam,s patra,0.5807443129226123,0.7173246,0.6341991341991342,0,0,8,0.3333333333333333,0.83,1,1,1,0.89895767
bhattacharya soma,s bhattacharya,1,bhattacharya soma,s bhattacharya,bhattacharya soma,s bhattacharya,0.8345736358620779,0.8227142,0.8543417366946778,0,0,7,0.3333333333333333,0.92,1,1,1,0.8988725
ghosh sali kumar,s ghosh,1,ghosh sali kumar,s ghosh,ghosh sali kumar,s ghosh,0.673752128367569,0.75981,0.6696428571428571,0,0,13,0.25,0.83,0,1,1,0.89895767
mondal sudip,s mondal,1,mondal sudip,s mondal,mondal sudip,s mondal,0.6543957737818862,0.5941825,0.6765873015873017,0,0,8,0.3333333333333333,0.86,0,1,1,0.89895767
moktan sabita,s moktan,1,moktan sabita,s moktan,moktan sabita,s moktan,0.7614656310536673,0.8041234,0.6616300366300366,0,0,9,0.3333333333333333,0.86,0,1,1,0.89895767
mandal subhas chandra,subhas chandra mondal,1,mandal subhas chandra,subhas chandra mondal,mandal subhas chandra,subhas chandra mondal,0.8373017885889834,0.7504256,0.7936507936507936,0,0,14,0.5,0.95,1,0,1,0.882302
ghatak sayak,s ghatak,1,ghatak sayak,s ghatak,ghatak sayak,s ghatak,0.7918754887464932,0.77064383,0.6765873015873017,0,0,8,0.3333333333333333,0.86,0,1,1,0.89895767
mukherjee sujay,sujoy mukherjee,1,mukherjee sujay,sujoy mukherjee,mukherjee sujay,sujoy mukherjee,0.739161613804926,0.8997705,0.7277777777777779,0,0,12,0.3333333333333333,0.93,0,0,1,0.7363431
chatterjee sipra,s chatterjee,1,chatterjee sipra,s chatterjee,chatterjee sipra,s chatterjee,0.757096335122367,0.8044863,0.8194444444444445,0,0,8,0.3333333333333333,0.91,0,1,1,0.89895767
mandal shyamali,shyamal mondal,1,mandal shyamali,shyamal mondal,mandal shyamali,shyamal mondal,0.70376199528017,0.51281554,0.6182539682539683,0,0,11,0.0,0.9,0,0,1,0.83672446
wangdi tshering,t wangdi,1,wangdi tshering,t wangdi,wangdi tshering,t wangdi,0.6501141306471083,0.80463374,0.6376984126984128,0,0,11,0.3333333333333333,0.86,1,1,1,0.89895767
chakraborty tapan,tapan chakroborty,1,chakraborty tapan,tapan chakroborty,chakraborty tapan,tapan chakroborty,0.7010308758714447,0.7926377,0.6892911010558068,0,0,13,0.3333333333333333,0.94,0,0,1,0.8502723
ganguly tusti,tusty gunguly,1,ganguly tusti,tusty gunguly,ganguly tusti,tusty gunguly,0.6140076021491692,0.51100355,0.5854700854700855,0,0,12,0.0,0.85,0,0,1,0.83672446
ghosh urbi,u ghosh,1,ghosh urbi,u ghosh,ghosh urbi,u ghosh,0.5698685592304814,0.76600784,0.6523809523809524,0,0,7,0.3333333333333333,0.83,0,1,1,0.89895767
choudhury avijit,avijit chowdhury,1,choudhury avijit,avijit chowdhury,choudhury avijit,avijit chowdhury,0.7509080283701809,0.6817309,0.5601851851851852,0,0,15,0.3333333333333333,0.94,0,0,1,0.88654673
basu roy shilpa,s basu roy,1,basu roy shilpa,s basu roy,basu roy shilpa,s basu roy,0.7175137906459407,0.7581793,0.7222222222222222,0,0,9,0.5,0.89,0,1,1,0.89895767
biswas nipa,n biswas,1,biswas nipa,n biswas,biswas nipa,n biswas,0.6945212072446201,0.8021824,0.7651515151515151,0,0,7,0.3333333333333333,0.86,0,1,1,0.89895767
dutt alakananda,alokananda dutta,1,dutt alakananda,alokananda dutta,dutt alakananda,alokananda dutta,0.5568802317500683,0.6123431,0.7160353535353536,0,0,12,0.0,0.9,1,0,1,0.84058654
mandal baishakhi,baishakhi mondal,1,mandal baishakhi,baishakhi mondal,mandal baishakhi,baishakhi mondal,0.8461078868278515,0.6238589,0.6704545454545454,0,0,14,0.3333333333333333,0.94,1,0,1,0.88654673
cheklanabis partha,partha chaklanabis,1,cheklanabis partha,partha chaklanabis,cheklanabis partha,partha chaklanabis,0.7314282147616806,0.83879614,0.708994708994709,0,0,15,0.3333333333333333,0.94,1,0,1,0.88654673
basak dilip kumar,d basak,1,basak dilip kumar,d basak,basak dilip kumar,d basak,0.6275445865651638,0.6354288,0.6610644257703081,0,0,14,0.25,0.83,0,1,1,0.89895767
singh girish kumar,girish s,1,singh girish kumar,girish s,singh girish kumar,girish s,0.7032754349212533,0.47778392,0.6898148148148149,0,0,11,0.25,0.86,0,1,1,0.89136535
halder manomit,monomit halder,1,halder manomit,monomit halder,halder manomit,monomit halder,0.7865871257768234,0.63916373,0.36507936507936506,0,0,13,0.3333333333333333,0.93,0,0,1,0.7413408
agarwal ria,r agarwal,1,agarwal ria,r agarwal,agarwal ria,r agarwal,0.7849204360993607,0.8654405,0.7053872053872053,0,0,6,0.3333333333333333,0.9,0,1,1,0.89895767
dutta priya,p dutta,1,dutta priya,p dutta,dutta priya,p dutta,0.7409140711452875,0.7788546,0.6897546897546897,0,0,8,0.3333333333333333,0.83,1,1,1,0.89895767
banerjee prosenjit,prasenjit banerjee,1,banerjee prosenjit,prasenjit banerjee,banerjee prosenjit,prasenjit banerjee,0.7645729733803228,0.8752029,0.6195286195286195,0,0,13,0.3333333333333333,0.94,0,0,1,0.88654673
sinha puja,p sinha,1,sinha puja,p sinha,sinha puja,p sinha,0.6581773806875594,0.7061939,0.6523809523809524,0,0,7,0.3333333333333333,0.83,1,1,1,0.89895767
sengupta reba,r sengupta,1,sengupta reba,r sengupta,sengupta reba,r sengupta,0.7530287989268478,0.7653075,0.8051282051282053,0,0,7,0.3333333333333333,0.89,1,1,1,0.89895767
chakraborty samar,samir chakraborty,1,chakraborty samar,samir chakraborty,chakraborty samar,samir chakraborty,0.823289226332855,0.8310636,0.7394957983193278,0,0,12,0.3333333333333333,0.94,0,0,1,0.88654673
sarkar soumyadeep,soumyadeep sarker,1,sarkar soumyadeep,soumyadeep sarker,sarkar soumyadeep,soumyadeep sarker,0.8072977891725784,0.79811513,0.6892911010558068,0,0,14,0.3333333333333333,0.94,0,0,1,0.88654673
chakravorty subhankar,shubhankar chakravorty,1,chakravorty subhankar,shubhankar chakravorty,chakravorty subhankar,shubhankar chakravorty,0.8931617299748704,0.7428435,0.6222943722943722,0,0,18,0.3333333333333333,0.98,0,0,1,0.88654673
acharya k sakka,s k acharya,1,acharya k sakka,s k acharya,acharya k sakka,s k acharya,0.6884760512286768,0.85884786,0.7252525252525253,0,0,12,0.5,0.9,1,1,1,0.89895767
mitra bani kumar,b mitra,1,mitra bani kumar,b mitra,mitra bani kumar,b mitra,0.6694633270117502,0.5836779,0.6696428571428571,0,0,13,0.25,0.83,1,1,1,0.89895767
sengupta dola,d sengupta,1,sengupta dola,d sengupta,sengupta dola,d sengupta,0.7625578604762272,0.7792186,0.8051282051282053,0,0,7,0.3333333333333333,0.89,1,1,1,0.89895767
biswas sugata,sougata biswas,1,biswas sugata,sougata biswas,biswas sugata,sougata biswas,0.7369236500947616,0.6528755,0.6945054945054946,0,0,12,0.3333333333333333,0.96,1,0,1,0.88654673
bhattacharya pompi,p bhattacharya,1,bhattacharya pompi,p bhattacharya,bhattacharya pompi,p bhattacharya,0.6946366111037882,0.7875431,0.8412698412698413,0,0,8,0.3333333333333333,0.92,1,1,1,0.8989275
chowdhury sayan,s chowdhury,1,chowdhury sayan,s chowdhury,chowdhury sayan,s chowdhury,0.8291096542515687,0.7685463,0.806060606060606,0,0,8,0.3333333333333333,0.9,0,1,1,0.89895767
sarma manoj,manoj sharma,1,sarma manoj,manoj sharma,sarma manoj,manoj sharma,0.8076581012695857,0.6259495,0.5707070707070706,0,0,9,0.3333333333333333,0.96,1,0,1,0.88654673
biswas sima,s biswas,1,biswas sima,s biswas,biswas sima,s biswas,0.7342244948650242,0.72583437,0.6942640692640693,0,0,7,0.3333333333333333,0.86,0,1,1,0.89895767
singh binod kumar,b singh,1,singh binod kumar,b singh,singh binod kumar,b singh,0.513497562372428,0.75637674,0.6610644257703081,0,0,14,0.25,0.83,0,1,1,0.89229923
kalsar pradip kumar,p kalsar,1,kalsar pradip kumar,p kalsar,kalsar pradip kumar,p kalsar,0.732316263037712,0.74081993,0.6403508771929824,0,0,15,0.25,0.86,0,1,1,0.89895767
mukherjee riya,r mukherjee,1,mukherjee riya,r mukherjee,mukherjee riya,r mukherjee,0.8556122486163751,0.85126144,0.7411255411255411,0,0,7,0.3333333333333333,0.9,0,1,1,0.89895767
majumder suma,s majumder,1,majumder suma,s majumder,majumder suma,s majumder,0.8734897145188592,0.7327522,0.8051282051282053,0,0,7,0.3333333333333333,0.89,0,1,1,0.89895767
kundu sneha,s kundu,1,kundu sneha,s kundu,kundu sneha,s kundu,0.6744448353985684,0.89116067,0.6341991341991342,0,0,8,0.3333333333333333,0.83,0,1,1,0.89895767
sanyal keya,k sanyal,1,sanyal keya,k sanyal,sanyal keya,k sanyal,0.7354023664521547,0.7434995,0.7651515151515151,0,0,7,0.3333333333333333,0.86,0,1,1,0.89895767
nayek suma,s nayek,1,nayek suma,s nayek,nayek suma,s nayek,0.8351243546682557,0.8073005,0.6523809523809524,0,0,7,0.3333333333333333,0.83,0,1,1,0.89895767
burman sohini,s burman,1,burman sohini,s burman,burman sohini,s burman,0.7109315055811714,0.781731,0.6616300366300366,0,0,9,0.3333333333333333,0.86,0,1,1,0.89895767
chowdhury sanjukta,sanjukta choudhury,1,chowdhury sanjukta,sanjukta choudhury,chowdhury sanjukta,sanjukta choudhury,0.8008969412924366,0.73575854,0.4518518518518519,0,0,18,0.3333333333333333,0.94,1,0,1,0.88654673
halder soma,s halder,1,halder soma,s halder,halder soma,s halder,0.7716679157497511,0.7182319,0.7651515151515151,0,0,7,0.3333333333333333,0.86,0,1,1,0.89895767
kundu suman,s kundu,1,kundu suman,s kundu,kundu suman,s kundu,0.7717785614485635,0.746403,0.6341991341991342,0,0,8,0.3333333333333333,0.83,0,1,1,0.89895767
kumar swati,swati,1,kumar swati,swati,kumar swati,swati,0.8378595164385115,0.72136474,0.43030303030303035,0,0,6,0.5,1.0,1,0,1,0.82542205
chatterjee somnath,somnath chetterjee,1,chatterjee somnath,somnath chetterjee,chatterjee somnath,somnath chetterjee,0.8139444734458758,0.7977957,0.660968660968661,0,0,17,0.3333333333333333,0.94,0,0,1,0.88654673
dattagupta saumen,soumen duttagupta,1,dattagupta saumen,soumen duttagupta,dattagupta saumen,soumen duttagupta,0.6416652906559668,0.52996206,0.6131907308377896,0,0,15,0.0,0.88,1,0,1,0.83672446
mitra soma,s mitra,1,mitra soma,s mitra,mitra soma,s mitra,0.7027821449805115,0.7775098,0.6523809523809524,0,0,7,0.3333333333333333,0.83,1,1,1,0.89895767
paul shubhra,subhra paul,1,paul shubhra,subhra paul,paul shubhra,subhra paul,0.7918169371658277,0.5704082,0.597041847041847,0,0,11,0.3333333333333333,0.96,1,0,1,0.88408244
chakraborty sujoy,sujay chakraborty,1,chakraborty sujoy,sujay chakraborty,chakraborty sujoy,sujay chakraborty,0.7626498323573395,0.8733897,0.7149321266968326,0,0,12,0.3333333333333333,0.94,0,0,1,0.88654673
bhattacharya asok kumar,a bhattacharya,1,bhattacharya asok kumar,a bhattacharya,bhattacharya asok kumar,a bhattacharya,0.7551910145663329,0.6550282,0.7030578117534639,0,0,13,0.25,0.92,1,1,1,0.89895767
chakraborty arup,a chakraborty,1,chakraborty arup,a chakraborty,chakraborty arup,a chakraborty,0.8422917033904047,0.82193613,0.7243589743589745,0,0,7,0.3333333333333333,0.92,0,1,1,0.89895767
ray asok,asoke ray,1,ray asok,asoke ray,ray asok,asoke ray,0.7472243191472819,0.72647905,0.5694444444444444,0,0,9,0.3333333333333333,0.94,0,0,1,0.88654673
ghosh biswjit,biswajit ghose,1,ghosh biswjit,biswajit ghose,ghosh biswjit,biswajit ghose,0.6272156821989687,0.6421515,0.6611721611721612,0,0,13,0.0,0.89,0,0,1,0.83672446
pramanik dipak kumar,d pramanik,1,pramanik dipak kumar,d pramanik,pramanik dipak kumar,d pramanik,0.6512273756860721,0.7386849,0.7000000000000001,0,0,14,0.25,0.89,0,1,1,0.89895767
ghose aniruddha,aniruddha ghosh,1,ghose aniruddha,aniruddha ghosh,ghose aniruddha,aniruddha ghosh,0.8535459137642584,0.6675056,0.6707070707070706,0,0,12,0.3333333333333333,0.93,1,0,1,0.7413408
hazra amrit,a hazra,1,hazra amrit,a hazra,hazra amrit,a hazra,0.7370580548477461,0.65210426,0.735930735930736,0,0,8,0.3333333333333333,0.83,1,1,1,0.89895767
chowdhury nabin,n chowdhury,1,chowdhury nabin,n chowdhury,chowdhury nabin,n chowdhury,0.7914405722824689,0.80774724,0.806060606060606,0,0,8,0.3333333333333333,0.9,0,1,1,0.89895767
mandal sujata,sujata mondal,1,mandal sujata,sujata mondal,mandal sujata,sujata mondal,0.8056145599584977,0.55883014,0.5384615384615384,0,0,12,0.3333333333333333,0.92,1,0,1,0.7301133
karmakar ajit,a karmakar,1,karmakar ajit,a karmakar,karmakar ajit,a karmakar,0.8005594853908159,0.7825786,0.7159544159544161,0,0,7,0.3333333333333333,0.89,0,1,1,0.89895767
mamtaz sanghamita,mumtaz sanghmita,1,mamtaz sanghamita,mumtaz sanghmita,mamtaz sanghamita,mumtaz sanghmita,0.5583763339702337,0.6367078,0.8059558823529411,0,1,2,0.0,0.91,1,0,1,0.8698907
naskar sourav,sourav nasker,1,naskar sourav,sourav nasker,naskar sourav,sourav nasker,0.7504394180180903,0.8332591,0.5970695970695971,0,0,11,0.3333333333333333,0.92,0,0,1,0.7301133
dutta tanmoy,tanmoy datta,1,dutta tanmoy,tanmoy datta,dutta tanmoy,tanmoy datta,0.7755489282698743,0.653849,0.5444444444444444,0,0,11,0.3333333333333333,0.92,1,0,1,0.7301133
ghose sushil,s ghose,1,ghose sushil,s ghose,ghose sushil,s ghose,0.7190969931796494,0.65033007,0.7182539682539684,0,0,9,0.3333333333333333,0.83,0,1,1,0.89895767
ghosh mini,m ghosh,1,ghosh mini,m ghosh,ghosh mini,m ghosh,0.7303884766408362,0.7845928,0.6523809523809524,0,0,7,0.3333333333333333,0.83,0,1,1,0.89895767
chatterjee mou,m chatterjee,1,chatterjee mou,m chatterjee,chatterjee mou,m chatterjee,0.8136026969251378,0.847986,0.8492063492063492,0,0,6,0.3333333333333333,0.92,0,1,1,0.8989275
mandal biswajit,biswajit mondal,1,mandal biswajit,biswajit mondal,mandal biswajit,biswajit mondal,0.8311817609396851,0.6453408,0.42777777777777776,0,0,14,0.3333333333333333,0.93,0,0,1,0.7413408
goswami sumit,s goswami,1,goswami sumit,s goswami,goswami sumit,s goswami,0.7957190267778168,0.8130328,0.6680911680911681,0,0,8,0.3333333333333333,0.88,1,1,1,0.89895767
chatterjee mainak,moinak chatterjee,1,chatterjee mainak,moinak chatterjee,chatterjee mainak,moinak chatterjee,0.7537291657455788,0.77654266,0.6372549019607844,0,0,14,0.3333333333333333,0.94,0,0,1,0.88654673
mandal sarbeswar,sarbeswar mondal,1,mandal sarbeswar,sarbeswar mondal,mandal sarbeswar,sarbeswar mondal,0.8662647439842585,0.63281775,0.6401515151515151,0,0,13,0.3333333333333333,0.94,0,0,1,0.88654673
mahapatra sugata,s mahapatra,1,mahapatra sugata,s mahapatra,mahapatra sugata,s mahapatra,0.7403408483881361,0.72520953,0.7935606060606061,0,0,9,0.3333333333333333,0.9,1,1,1,0.89895767
sarkar ruchirende,ruchirendu sarker,1,sarkar ruchirende,ruchirendu sarker,sarkar ruchirende,ruchirendu sarker,0.6912080862606619,0.869866,0.6892911010558068,0,0,14,0.0,0.88,0,0,1,0.83958846
mitra sila,s mitra,1,mitra sila,s mitra,mitra sila,s mitra,0.689777889154459,0.7763492,0.6523809523809524,0,0,7,0.3333333333333333,0.83,1,1,1,0.89895767
sahan nawaz,s nawaz,1,sahan nawaz,s nawaz,sahan nawaz,s nawaz,0.8189220407251173,0.7591653,0.8051948051948052,0,0,4,0.3333333333333333,0.83,0,1,1,0.89895767
dutta sayak,s dutta,1,dutta sayak,s dutta,dutta sayak,s dutta,0.689006801533856,0.75735825,0.6897546897546897,0,0,8,0.3333333333333333,0.83,1,1,1,0.89895767
mahato somnath,somnath mahata,1,mahato somnath,somnath mahata,mahato somnath,somnath mahata,0.8187210808217324,0.9137594,0.7056277056277057,0,0,10,0.3333333333333333,0.93,0,0,1,0.7413408
ghosh seba,s ghosh,1,ghosh seba,s ghosh,ghosh seba,s ghosh,0.6485202000544623,0.7819637,0.7571428571428571,0,0,7,0.3333333333333333,0.83,0,1,1,0.89895767
mandal subhankar,subhankar mondal,1,mandal subhankar,subhankar mondal,mandal subhankar,subhankar mondal,0.7979263539410086,0.6143018,0.6666666666666666,0,0,13,0.3333333333333333,0.94,0,0,1,0.8844992
datta subhasish,subhasis dutta,1,datta subhasish,subhasis dutta,datta subhasish,subhasis dutta,0.6391672523430382,0.6178875,0.6603174603174603,0,0,12,0.0,0.9,1,0,1,0.83672446
rashmi supriya,supriya reshmi,1,rashmi supriya,supriya reshmi,rashmi supriya,supriya reshmi,0.7896955322101447,0.6327771,0.5892857142857143,0,0,14,0.3333333333333333,0.93,1,0,1,0.7413408
ray tirthia,tirtha roy,1,ray tirthia,tirtha roy,ray tirthia,tirtha roy,0.5709979842168336,0.65782297,0.7174242424242424,0,0,9,0.0,0.86,1,0,1,0.83828473
verma ritu,r verma,1,verma ritu,r verma,verma ritu,r verma,0.6598190061033052,0.7747705,0.7571428571428571,0,0,7,0.3333333333333333,0.83,1,1,1,0.89895767
rajendra k,rajendra khadke,1,rajendra k,rajendra khadke,rajendra k,rajendra khadke,0.5947426701281963,0.87131894,0.9333333333333333,0,1,5,0.3333333333333333,0.89,1,1,1,0.89880055
biswas gita,biswas g,1,biswas gita,biswas g,biswas gita,biswas g,0.7193615637164078,0.7591591,0.9454545454545455,0,1,3,0.3333333333333333,0.86,0,1,1,0.89880055
srikant,k srikanth,1,srikant,k srikanth,srikant,k srikanth,0.7962034509331816,0.8553709,0.8047619047619047,0,0,3,0.0,0.82,0,0,1,0.86603874
venkataraman krishnan,k venkataraman,1,venkataraman krishnan,k venkataraman,venkataraman krishnan,k venkataraman,0.7908842581264633,0.80202264,0.6953601953601954,0,0,11,0.3333333333333333,0.92,0,1,1,0.89895767
mukherjee samir,samir mukherje,1,mukherjee samir,samir mukherje,mukherjee samir,samir mukherje,0.8804760342769398,0.69495803,0.7184704184704184,0,0,13,0.3333333333333333,0.97,0,0,1,0.88654673
datta soumyajit,soumyajit dutta,1,datta soumyajit,soumyajit dutta,datta soumyajit,soumyajit dutta,0.8053883266437185,0.7301419,0.7000000000000001,0,0,12,0.3333333333333333,0.93,1,0,1,0.7413408
mandal basab,basab mondal,1,mandal basab,basab mondal,mandal basab,basab mondal,0.7905442754818844,0.6230525,0.5444444444444444,0,0,9,0.3333333333333333,0.92,0,0,1,0.7301133
chowdhury amita,amit choudhury,1,chowdhury amita,amit choudhury,chowdhury amita,amit choudhury,0.5882516608859124,0.4908557,0.5994708994708995,0,0,12,0.0,0.9,0,0,1,0.83672446
mandal arnab,arnab mondal,1,mandal arnab,arnab mondal,mandal arnab,arnab mondal,0.7923438747950192,0.45064163,0.6111111111111112,0,0,8,0.3333333333333333,0.92,0,0,1,0.68036157
sikder bartika,bartika sikdar,1,sikder bartika,bartika sikdar,sikder bartika,bartika sikdar,0.7524668729496542,0.91803235,0.6137566137566138,0,0,12,0.3333333333333333,0.93,1,0,1,0.7413408
saha chhandos,chandos saha,1,saha chhandos,chandos saha,saha chhandos,chandos saha,0.8153304793721898,0.61612344,0.6120268620268621,0,0,11,0.3333333333333333,0.96,1,0,1,0.8852473
chatterjee garga,g chatterjee,1,chatterjee garga,g chatterjee,chatterjee garga,g chatterjee,0.7776890897026568,0.8382454,0.8194444444444445,0,0,8,0.3333333333333333,0.91,0,1,1,0.89895767
choudhury rupam,r choudhury,1,choudhury rupam,r choudhury,choudhury rupam,r choudhury,0.7675748869017875,0.7710943,0.806060606060606,0,0,8,0.3333333333333333,0.9,0,1,1,0.89895767
asik rahaman,a rahaman,1,asik rahaman,a rahaman,asik rahaman,a rahaman,0.7050613001129051,0.6414358,0.9249999999999999,0,0,3,0.3333333333333333,0.88,0,1,1,0.89880055
agarwal bhanu,b agarwal,1,agarwal bhanu,b agarwal,agarwal bhanu,b agarwal,0.745096384224265,0.88639355,0.772079772079772,0,0,8,0.3333333333333333,0.88,0,1,1,0.89895767
dutt debashis,debashis dutta,1,dutt debashis,debashis dutta,dutt debashis,debashis dutta,0.8743005695410949,0.8337801,0.6945054945054946,0,0,11,0.3333333333333333,0.96,0,0,1,0.88654673
sen amit,amit kumar sen,1,sen amit,amit kumar sen,sen amit,amit kumar sen,0.8743306233293607,0.69659805,0.5273809523809524,0,0,12,0.6666666666666666,1.0,0,1,1,0.89895767
prasad sanjay kumar,sanjay k prasad,1,prasad sanjay kumar,sanjay k prasad,prasad sanjay kumar,sanjay k prasad,0.8878486812037587,0.91491073,0.6964462438146648,0,0,13,0.5,0.93,0,1,1,0.89895767
mandal bimal kumar,bimal kumar mondal,1,mandal bimal kumar,bimal kumar mondal,mandal bimal kumar,bimal kumar mondal,0.831584544907963,0.742163,0.7333333333333334,0,0,12,0.5,0.94,0,0,1,0.88654673
chowdhury siladitya,shiladitya choudhury,1,chowdhury siladitya,shiladitya choudhury,chowdhury siladitya,shiladitya choudhury,0.6778987396969,0.62900156,0.6694235588972429,0,0,16,0.0,0.92,1,0,1,0.8649133
chowdhury joyeeta,joyeeta choudhury,1,chowdhury joyeeta,joyeeta choudhury,chowdhury joyeeta,joyeeta choudhury,0.7971231246861408,0.72105193,0.5126050420168067,0,0,16,0.3333333333333333,0.94,1,0,1,0.88654673
nandi mausumi,mausumi nandy,1,nandi mausumi,mausumi nandy,nandi mausumi,mausumi nandy,0.8170648938484762,0.90528125,0.5299145299145299,0,0,11,0.3333333333333333,0.92,1,0,1,0.7301133
patni bijay,b patni,1,patni bijay,b patni,patni bijay,b patni,0.7088738105502438,0.7163508,0.6341991341991342,0,0,8,0.3333333333333333,0.83,1,1,1,0.89895767
goyal naresh,naresh goyel,1,goyal naresh,naresh goyel,goyal naresh,naresh goyel,0.680711945799099,0.7390003,0.5,0,0,11,0.3333333333333333,0.92,0,0,1,0.56464946
sinha payal,p sinha,1,sinha payal,p sinha,sinha payal,p sinha,0.6408956720029796,0.6986866,0.6341991341991342,0,0,8,0.3333333333333333,0.83,1,1,1,0.89895767
vohra umesh kumar,umesh k vohra,1,vohra umesh kumar,umesh k vohra,vohra umesh kumar,umesh k vohra,0.929001359991253,0.8558809,0.6795557383792677,0,0,11,0.5,0.92,1,1,1,0.89895767
md ali siddique,m a siddique,1,md ali siddique,m a siddique,md ali siddique,m a siddique,0.8279780729740572,0.6787941,0.8400000000000001,0,0,3,0.2,0.89,0,1,1,0.8983663
sengupta dilip kumar,d sengupta,1,sengupta dilip kumar,d sengupta,sengupta dilip kumar,d sengupta,0.709165634369032,0.6766703,0.6666666666666666,0,0,14,0.25,0.89,1,1,1,0.89895767
bhattacharyya sita,s bhattacharyya,1,bhattacharyya sita,s bhattacharyya,bhattacharyya sita,s bhattacharyya,0.8709824713058267,0.81269693,0.862962962962963,0,0,7,0.3333333333333333,0.93,1,1,1,0.89880055
das suchibrate,suchibrata das,1,das suchibrate,suchibrata das,das suchibrate,suchibrata das,0.8591374259112489,0.8421465,0.6428571428571429,0,0,9,0.3333333333333333,0.93,0,0,1,0.7413408
agarwala sushma,sushma agarwal,1,agarwala sushma,sushma agarwal,agarwala sushma,sushma agarwal,0.9042829888008151,0.7661557,0.49682539682539684,0,0,13,0.3333333333333333,0.97,1,0,1,0.88654673
das debashish,debashish dash,1,das debashish,debashish dash,das debashish,debashish dash,0.9050300119747585,0.74419826,0.8401098901098902,0,0,9,0.3333333333333333,0.96,0,0,1,0.87397456
dey prasanta kumar,prasanta dey,1,dey prasanta kumar,prasanta dey,dey prasanta kumar,prasanta dey,0.9074540157848119,0.69591975,0.6018518518518519,0,0,9,0.6666666666666666,1.0,1,1,1,0.89895767
deb mandal rahul,rahul deb mandol,1,deb mandal rahul,rahul deb mandol,deb mandal rahul,rahul deb mandol,0.716558654837972,0.64548993,0.6944444444444445,0,0,13,0.5,0.94,0,0,1,0.88654673
ray sribas,sribash roy,1,ray sribas,sribash roy,ray sribas,sribash roy,0.6643947075770775,0.6748019,0.6757575757575758,0,0,9,0.0,0.86,0,0,1,0.83828473
mandal sweta,sweta mondal,1,mandal sweta,sweta mondal,mandal sweta,sweta mondal,0.7899252032524059,0.59472674,0.5,0,0,10,0.3333333333333333,0.92,1,0,1,0.7301133
das amit,amit kumar das,1,das amit,amit kumar das,das amit,amit kumar das,0.8628500786126558,0.7041963,0.6150793650793651,0,0,12,0.6666666666666666,1.0,0,1,1,0.89895767
ali md hamid,a hamid,1,ali md hamid,a hamid,ali md hamid,a hamid,0.7530110529483882,0.6558964,0.7464285714285716,0,0,5,0.25,0.83,0,1,1,0.89895767
md noor islam,md n islam,1,md noor islam,md n islam,md noor islam,md n islam,0.758158559928294,0.8208988,0.9538461538461538,0,0,3,0.5,0.89,0,1,1,0.89880055
gandhi kishore kumar,kishore k gandhi,1,gandhi kishore kumar,kishore k gandhi,gandhi kishore kumar,kishore k gandhi,0.9228034356868999,0.88710934,0.6669871794871794,0,0,13,0.5,0.93,1,1,1,0.89895767
gupta reba,r gupta,1,gupta reba,r gupta,gupta reba,r gupta,0.6121068513757455,0.7971424,0.6523809523809524,0,0,7,0.3333333333333333,0.83,1,1,1,0.89895767
sengupta jaydeb,jaydev sengupta,1,sengupta jaydeb,jaydev sengupta,sengupta jaydeb,jaydev sengupta,0.8116494746735339,0.8535064,0.4222222222222222,0,0,14,0.3333333333333333,0.93,1,0,1,0.7413408
mandal shantanu,santanu mandal,1,mandal shantanu,santanu mandal,mandal shantanu,santanu mandal,0.8761358585869508,0.7074603,0.6182539682539683,0,0,9,0.3333333333333333,0.97,0,0,1,0.88654673
acharyya saugata,sougata acharya,1,acharyya saugata,sougata acharya,acharyya saugata,sougata acharya,0.5391742342573215,0.78336406,0.5871031746031746,0,0,12,0.0,0.9,1,0,1,0.83513767
ghosh saumyajit,soumyajit ghosh,1,ghosh saumyajit,soumyajit ghosh,ghosh saumyajit,soumyajit ghosh,0.7612286016672271,0.87782586,0.611111111111111,0,0,13,0.3333333333333333,0.93,0,0,1,0.7413408
sikder ayan,a sikder,1,sikder ayan,a sikder,sikder ayan,a sikder,0.8526936021402294,0.7258682,0.7651515151515151,0,0,7,0.3333333333333333,0.86,0,1,1,0.89895767
choudhury sakti lal,s l choudhury,1,choudhury sakti lal,s l choudhury,choudhury sakti lal,s l choudhury,0.6819566315454565,0.78217864,0.5985155195681512,0,0,14,0.2,0.82,0,1,1,0.8983663
mukerjee biswarup,biswarup mukherjee,1,mukerjee biswarup,biswarup mukherjee,mukerjee biswarup,biswarup mukherjee,0.7703812149826352,0.68357205,0.3954248366013072,0,0,16,0.3333333333333333,0.97,0,0,1,0.88654673
mandal ranjusree,ranjusree mondal,1,mandal ranjusree,ranjusree mondal,mandal ranjusree,ranjusree mondal,0.8606608280355277,0.5841763,0.6666666666666666,0,0,14,0.3333333333333333,0.94,0,0,1,0.88408244
kauntia ritesh,ritesh kuntia,1,kauntia ritesh,ritesh kuntia,kauntia ritesh,ritesh kuntia,0.7706622806449671,0.67222875,0.6039377289377289,0,0,13,0.3333333333333333,0.96,1,0,1,0.88654673
bhattacharya soume,soumen bhattacharya,1,bhattacharya soume,soumen bhattacharya,bhattacharya soume,soumen bhattacharya,0.8514410727842183,0.8290765,0.6482980956665166,0,0,13,0.3333333333333333,0.97,1,0,1,0.88654673
bhowmik tapas kumar,t bhowmik,1,bhowmik tapas kumar,t bhowmik,bhowmik tapas kumar,t bhowmik,0.7172550673335698,0.6406349,0.6764132553606238,0,0,14,0.25,0.88,0,1,1,0.89895767
dutta rupak kumar,k dutta,1,dutta rupak kumar,k dutta,dutta rupak kumar,k dutta,0.6168436179290201,0.7404465,0.6255835667600373,0,0,14,0.25,0.83,1,1,1,0.89895767
ray sukhamay,sukhamay roy,1,ray sukhamay,sukhamay roy,ray sukhamay,sukhamay roy,0.8061850483832078,0.6925696,0.7555555555555555,0,0,8,0.3333333333333333,0.92,0,0,1,0.66735065
datta ranjit,ranjit dutta,1,datta ranjit,ranjit dutta,datta ranjit,ranjit dutta,0.6802337522251453,0.6624427,0.5444444444444444,0,0,11,0.3333333333333333,0.92,1,0,1,0.56464946
halder sanu,s halder,1,halder sanu,s halder,halder sanu,s halder,0.7990455070653286,0.6847319,0.7651515151515151,0,0,7,0.3333333333333333,0.86,0,1,1,0.89895767
chatterjee keya,k chatterjee,1,chatterjee keya,k chatterjee,chatterjee keya,k chatterjee,0.8080752179959869,0.8316257,0.8333333333333334,0,0,7,0.3333333333333333,0.91,0,1,1,0.89895767
datta biswajit,biswajit dutta,1,datta biswajit,biswajit dutta,datta biswajit,biswajit dutta,0.761959109949846,0.7522225,0.7056277056277057,0,0,12,0.3333333333333333,0.93,1,0,1,0.7413408
haldar kumares,kumaresh halder,1,haldar kumares,kumaresh halder,haldar kumares,kumaresh halder,0.6023574234675683,0.82725835,0.4984126984126984,0,0,12,0.0,0.9,0,0,1,0.83958846
pathak rajiv,r pathak,1,pathak rajiv,r pathak,pathak rajiv,r pathak,0.6687386012143952,0.6051086,0.6765873015873017,0,0,8,0.3333333333333333,0.86,0,1,1,0.89895767
islam sanam,s islam,1,islam sanam,s islam,islam sanam,s islam,0.7906747716620661,0.6774756,0.735930735930736,0,0,7,0.3333333333333333,0.83,0,1,1,0.89895767
raychaudhuri bani,b raychaudhuri,1,raychaudhuri bani,b raychaudhuri,raychaudhuri bani,b raychaudhuri,0.9060209977716703,0.8481184,0.8543417366946778,0,0,7,0.3333333333333333,0.92,1,1,1,0.8988725
kotal bishambhar,biswambhar kotal,1,kotal bishambhar,biswambhar kotal,kotal bishambhar,biswambhar kotal,0.7799940693937093,0.84536725,0.6401515151515151,0,0,13,0.3333333333333333,0.94,0,0,1,0.88654673
maity chayan,c maity,1,maity chayan,c maity,maity chayan,c maity,0.6988280856050795,0.6444386,0.6190476190476191,0,0,9,0.3333333333333333,0.83,0,1,1,0.89895767
saha sankarshan,shankarshan saha,1,saha sankarshan,shankarshan saha,saha sankarshan,shankarshan saha,0.8840219677442103,0.6415843,0.86125,0,0,9,0.3333333333333333,0.97,1,0,1,0.84328085
jash swagatam,swagatam josh,1,jash swagatam,swagatam josh,jash swagatam,swagatam josh,0.766425899188589,0.65734005,0.6837606837606837,0,0,10,0.3333333333333333,0.92,0,0,1,0.7301133
banerjee sanjoy,sanjay banerjee,1,banerjee sanjoy,sanjay banerjee,banerjee sanjoy,sanjay banerjee,0.7438409173492051,0.7893965,0.6222222222222222,0,0,10,0.3333333333333333,0.93,0,0,1,0.7413408
shamim shelley,shelly samim,1,shamim shelley,shelly samim,shamim shelley,shelly samim,0.5804987065156758,0.5989713,0.6865079365079364,0,0,10,0.0,0.92,0,0,1,0.8649133
bhattacharyya asish kumar,ashish bhattacharya,1,bhattacharyya asish kumar,ashish bhattacharya,bhattacharyya asish kumar,ashish bhattacharya,0.6120459544229357,0.65780747,0.6815350877192983,0,0,20,0.0,0.82,1,0,1,0.83589137
nag shubhrajit,subhrajit nag,1,nag shubhrajit,subhrajit nag,nag shubhrajit,subhrajit nag,0.8309786975031446,0.62901807,0.7257742257742258,0,0,9,0.3333333333333333,0.96,0,0,1,0.88654673
mandal chanchal,chanchal mondal,1,mandal chanchal,chanchal mondal,mandal chanchal,chanchal mondal,0.8349783607502251,0.6300625,0.6777777777777777,0,0,9,0.3333333333333333,0.93,0,0,1,0.7413408
roy shayak,sayak roy,1,roy shayak,sayak roy,roy shayak,sayak roy,0.7097460505234647,0.6737374,0.5518518518518518,0,0,9,0.3333333333333333,0.95,0,0,1,0.8841986
de rabindranath,rabindranath dey,1,de rabindranath,rabindranath dey,de rabindranath,rabindranath dey,0.8515533221088322,0.884712,0.7392094017094016,0,0,7,0.3333333333333333,0.97,0,0,1,0.77455264
mondal bhaskar,bhaskar mandal,1,mondal bhaskar,bhaskar mandal,mondal bhaskar,bhaskar mandal,0.7834978181922558,0.60596967,0.44047619047619047,0,0,11,0.3333333333333333,0.93,0,0,1,0.7413408
biswas arnav,arnab biswas,1,biswas arnav,arnab biswas,biswas arnav,arnab biswas,0.7432644183948394,0.87178826,0.6111111111111112,0,0,10,0.3333333333333333,0.92,0,0,1,0.7301133
majumdar hrishikes,hrishikesh majumder,1,majumdar hrishikes,hrishikesh majumder,majumdar hrishikes,hrishikesh majumder,0.7607216237606977,0.83763504,0.5606237816764134,0,0,17,0.0,0.92,0,0,1,0.87298673
mukherjee jhunu,j mukherjee,1,mukherjee jhunu,j mukherjee,mukherjee jhunu,j mukherjee,0.6910803854302222,0.907434,0.7252525252525253,0,0,8,0.3333333333333333,0.9,0,1,1,0.89895767
chakraborty sayar,s chakraborty,1,chakraborty sayar,s chakraborty,chakraborty sayar,s chakraborty,0.8172962379907548,0.76351774,0.8310708898944194,0,0,8,0.3333333333333333,0.92,0,1,1,0.89895767
biswas manotosh,monotosh biswas,1,biswas manotosh,monotosh biswas,biswas manotosh,monotosh biswas,0.7893297309028912,0.6244615,0.5444444444444444,0,0,14,0.3333333333333333,0.93,0,0,1,0.7413408
mondal santanu,santanu mandal,1,mondal santanu,santanu mandal,mondal santanu,santanu mandal,0.7925616208433616,0.5469082,0.5714285714285715,0,0,9,0.3333333333333333,0.93,0,0,1,0.7413408
bagchi alo,a bagchi,1,bagchi alo,a bagchi,bagchi alo,a bagchi,0.8105380135048956,0.7204032,0.7154761904761905,0,0,6,0.3333333333333333,0.89,1,1,1,0.89895767
maitra bhaskar,bhaskar maitro,1,maitra bhaskar,bhaskar maitro,maitra bhaskar,bhaskar maitro,0.7849241160726682,0.91331995,0.5634920634920635,0,0,12,0.3333333333333333,0.93,0,0,1,0.7413408
sarkar kity,k sarkar,1,sarkar kity,k sarkar,sarkar kity,k sarkar,0.6595966454443044,0.7949513,0.6942640692640693,0,0,7,0.3333333333333333,0.86,0,1,1,0.89895767
bandyopadhyay pradosh,prodosh bandopadhyay,1,bandyopadhyay pradosh,prodosh bandopadhyay,bandyopadhyay pradosh,prodosh bandopadhyay,0.5491522809412263,0.5913503,0.7296451914098973,0,0,17,0.0,0.93,0,0,1,0.83679587
bhaduri gourab,gourav bhaduri,1,bhaduri gourab,gourav bhaduri,bhaduri gourab,gourav bhaduri,0.8409422608023662,0.8991273,0.5892857142857143,0,0,12,0.3333333333333333,0.93,1,0,1,0.7413408
chakraborty kaustav,kaustab chakrabarty,1,chakraborty kaustav,kaustab chakrabarty,chakraborty kaustav,kaustab chakrabarty,0.6516906805074721,0.8640384,0.704093567251462,0,0,16,0.0,0.89,0,0,1,0.83958846
goyal mahendra kumar,mahendra k goyal,1,goyal mahendra kumar,mahendra k goyal,goyal mahendra kumar,mahendra k goyal,0.9220651353622387,0.84552026,0.6444444444444445,0,0,11,0.5,0.93,1,1,1,0.89895767
bhowal soham,s bhowal,1,bhowal soham,s bhowal,bhowal soham,s bhowal,0.7503498813254594,0.650071,0.6765873015873017,0,0,8,0.3333333333333333,0.86,0,1,1,0.89895767
mondal riya,r mondal,1,mondal riya,r mondal,mondal riya,r mondal,0.7552758848278162,0.724321,0.7651515151515151,0,0,7,0.3333333333333333,0.86,0,1,1,0.89895767
mukherjee payal,p mukherjee,1,mukherjee payal,p mukherjee,mukherjee payal,p mukherjee,0.7866325110407647,0.7735878,0.806060606060606,0,0,8,0.3333333333333333,0.9,0,1,1,0.89895767
gupta kiran kumar,k gupta,1,gupta kiran kumar,k gupta,gupta kiran kumar,k gupta,0.631738083776278,0.74710214,0.6610644257703081,0,0,14,0.25,0.83,1,1,1,0.89895767
nag choudhury sishir,s n choudhury,1,nag choudhury sishir,s n choudhury,nag choudhury sishir,s n choudhury,0.6849662983263046,0.69311404,0.7684149184149184,0,0,10,0.2,0.82,0,1,1,0.8983663
shaheen akhter,saheen akhtar,1,shaheen akhter,saheen akhtar,shaheen akhter,saheen akhtar,0.5587933869393139,0.6669352,0.834065934065934,0,1,2,0.0,0.89,0,0,1,0.8698907
ray parinata,parinata roy,1,ray parinata,parinata roy,ray parinata,parinata roy,0.7469582099919748,0.6665225,0.7555555555555555,0,0,8,0.3333333333333333,0.92,1,0,1,0.66735065
mondal priyabrata,priyabrata mandal,1,mondal priyabrata,priyabrata mandal,mondal priyabrata,priyabrata mandal,0.8585932116172528,0.6170115,0.6650326797385621,0,0,14,0.3333333333333333,0.94,1,0,1,0.88654673
majumdar nilabja,nilabjo majumdar,1,majumdar nilabja,nilabjo majumdar,majumdar nilabja,nilabjo majumdar,0.7839572310641147,0.93919456,0.5297619047619048,0,0,15,0.3333333333333333,0.94,0,0,1,0.88654673
roy aakash,akash roy,1,roy aakash,akash roy,roy aakash,akash roy,0.717996639984027,0.7006375,0.4333333333333333,0,0,9,0.3333333333333333,0.95,0,0,1,0.88654673
sengupta anindya,anindyo sengupta,1,sengupta anindya,anindyo sengupta,sengupta anindya,anindyo sengupta,0.8073768851031127,0.891801,0.47222222222222215,0,0,13,0.3333333333333333,0.94,1,0,1,0.88654673
duta debashish,debasish dutta ray,1,duta debashish,debasish dutta ray,duta debashish,debasish dutta ray,0.5484480552783996,0.70433956,0.6474266474266474,0,0,14,0.0,0.81,1,0,1,0.8442698
maity kausik,k maity,1,maity kausik,k maity,maity kausik,k maity,0.6284314846418861,0.765612,0.6190476190476191,0,0,9,0.3333333333333333,0.83,0,1,1,0.89895767
dutta chowdhury sree,s dutta chowdhury,1,dutta chowdhury sree,s dutta chowdhury,dutta chowdhury sree,s dutta chowdhury,0.884227793591211,0.9221958,0.7678921568627451,0,0,7,0.5,0.94,1,1,1,0.89895767
haldar soma,s haldar,1,haldar soma,s haldar,haldar soma,s haldar,0.7675608687112828,0.73916876,0.7651515151515151,0,0,7,0.3333333333333333,0.86,0,1,1,0.89895767
ganguly sharmistha,sarmistha ganguly,1,ganguly sharmistha,sarmistha ganguly,ganguly sharmistha,sarmistha ganguly,0.9227479339022607,0.8145057,0.45736072206660444,0,0,16,0.3333333333333333,0.97,1,0,1,0.88654673
mandal sunil baran,sunil baran mondal,1,mandal sunil baran,sunil baran mondal,mandal sunil baran,sunil baran mondal,0.8136501622490832,0.6728406,0.7333333333333334,0,0,14,0.5,0.94,0,0,1,0.88654673
poddar samir,s poddar,1,poddar samir,s poddar,poddar samir,s poddar,0.777680884674354,0.6340289,0.6765873015873017,0,0,8,0.3333333333333333,0.86,0,1,1,0.89895767
sarkar maya,m sarkar,1,sarkar maya,m sarkar,sarkar maya,m sarkar,0.7478839181941056,0.69937545,0.7651515151515151,0,0,7,0.3333333333333333,0.86,0,1,1,0.89895767
datta sumitra,soumitra dutta,1,datta sumitra,soumitra dutta,datta sumitra,soumitra dutta,0.522899553671837,0.3967644,0.6945054945054946,0,0,10,0.0,0.89,1,0,1,0.81412446
mandal aditi,aditi mondal,1,mandal aditi,aditi mondal,mandal aditi,aditi mondal,0.7726572533491085,0.56112105,0.6111111111111112,0,0,11,0.3333333333333333,0.92,1,0,1,0.7301133
bhakta sujit,s bhakta,1,bhakta sujit,s bhakta,bhakta sujit,s bhakta,0.734048025238272,0.75897634,0.6765873015873017,0,0,8,0.3333333333333333,0.86,1,1,1,0.89895767
bera dhananjoy,dhananjay bera,1,bera dhananjoy,dhananjay bera,bera dhananjoy,dhananjay bera,0.734740578128215,0.829134,0.6761904761904761,0,0,11,0.3333333333333333,0.93,1,0,1,0.7413408
mondal papia,papya mondal,1,mondal papia,papya mondal,mondal papia,papya mondal,0.6233645928218521,0.8110391,0.5444444444444444,0,0,10,0.3333333333333333,0.92,1,0,1,0.56464946
mandal shibnath,shibnath mondal,1,mandal shibnath,shibnath mondal,mandal shibnath,shibnath mondal,0.8467448275379088,0.5259222,0.48888888888888893,0,0,14,0.3333333333333333,0.93,0,0,1,0.7413408
ray subhabrata,subhabrata roy,1,ray subhabrata,subhabrata roy,ray subhabrata,subhabrata roy,0.808320851353863,0.6061146,0.7056277056277057,0,0,8,0.3333333333333333,0.93,1,0,1,0.69278795
majumdar sujay,sujoy majumdar,1,majumdar sujay,sujoy majumdar,majumdar sujay,sujoy majumdar,0.7283438894879098,0.834708,0.7056277056277057,0,0,12,0.3333333333333333,0.93,0,0,1,0.7413408
halder subhankar,shubhankar halder,1,halder subhankar,shubhankar halder,halder subhankar,shubhankar halder,0.8391331191890782,0.6852106,0.7308634992458521,0,0,13,0.3333333333333333,0.97,0,0,1,0.88654673
mukherjee anasuya,anusuya mukherjee,1,mukherjee anasuya,anusuya mukherjee,mukherjee anasuya,anusuya mukherjee,0.7527630778012976,0.8140844,0.45751633986928103,0,0,16,0.3333333333333333,0.94,1,0,1,0.88654673
majumdar rina,runa majumdar,1,majumdar rina,runa majumdar,majumdar rina,runa majumdar,0.7269603337155973,0.6993082,0.7128205128205128,0,0,10,0.3333333333333333,0.92,1,0,1,0.7249791
md adan haque,a haque,1,md adan haque,a haque,md adan haque,a haque,0.7414162427792461,0.5625595,0.442002442002442,0,0,6,0.25,0.83,0,1,1,0.89895767
hossain abid,abid hussain,1,hossain abid,abid hussain,hossain abid,abid hussain,0.7033736100306625,0.44120273,0.6851851851851851,0,0,11,0.3333333333333333,0.92,0,0,1,0.5711926
ghose abhijit,abhijit ghosh,1,ghose abhijit,abhijit ghosh,ghose abhijit,abhijit ghosh,0.827164857144205,0.61741835,0.4551282051282051,0,0,12,0.3333333333333333,0.92,0,0,1,0.7301133
mandal basudeb,basudeb mondal,1,mandal basudeb,basudeb mondal,mandal basudeb,basudeb mondal,0.8345314941117759,0.5876111,0.5079365079365079,0,0,11,0.3333333333333333,0.93,0,0,1,0.7413408
mandal parthajit,parthajit mondal,1,mandal parthajit,parthajit mondal,mandal parthajit,parthajit mondal,0.8334373656359421,0.632359,0.6401515151515151,0,0,14,0.3333333333333333,0.94,0,0,1,0.88654673
biswas mita,m biswas,1,biswas mita,m biswas,biswas mita,m biswas,0.7858965026773064,0.71358275,0.7651515151515151,0,0,7,0.3333333333333333,0.86,0,1,1,0.89895767
dalui anirban,anirban dolui,1,dalui anirban,anirban dolui,dalui anirban,anirban dolui,0.6993607782475307,0.7365141,0.5854700854700855,0,0,11,0.3333333333333333,0.92,1,0,1,0.5711926
mandal anubhav,anubhav mondal,1,mandal anubhav,anubhav mondal,mandal anubhav,anubhav mondal,0.8199733891593403,0.5119417,0.5634920634920635,0,0,11,0.3333333333333333,0.93,0,0,1,0.7413408
chowdhury emely,emily chowdhury,1,chowdhury emely,emily chowdhury,chowdhury emely,emily chowdhury,0.7025083389623622,0.71843576,0.6707070707070706,0,0,12,0.3333333333333333,0.93,0,0,1,0.58527595
ghosal anirban,anirban ghoshal,1,ghosal anirban,anirban ghoshal,ghosal anirban,anirban ghoshal,0.7902890267218777,0.69453907,0.49682539682539684,0,0,12,0.3333333333333333,0.97,0,0,1,0.88654673
bhattacharya rina,r bhattacharya,1,bhattacharya rina,r bhattacharya,bhattacharya rina,r bhattacharya,0.8484456849510014,0.8592372,0.8543417366946778,0,0,7,0.3333333333333333,0.92,1,1,1,0.8988725
dutta shankar,sankar dutta,1,dutta shankar,sankar dutta,dutta shankar,sankar dutta,0.8445753224690109,0.6194743,0.46367521367521364,0,0,11,0.3333333333333333,0.96,1,0,1,0.88654673
pramanik molly,m pramanik,1,pramanik molly,m pramanik,pramanik molly,m pramanik,0.6262426342938465,0.71551216,0.6994708994708995,0,0,8,0.3333333333333333,0.89,0,1,1,0.89895767
ghoshal astikmani,astikmoni ghosal,1,ghoshal astikmani,astikmoni ghosal,ghoshal astikmani,astikmoni ghosal,0.5977211945766018,0.6101464,0.573529411764706,0,0,16,0.0,0.91,1,0,1,0.83672446
roy dalliya,daliya roy,1,roy dalliya,daliya roy,roy dalliya,daliya roy,0.7224375781138788,0.7541933,0.604040404040404,0,0,9,0.3333333333333333,0.95,1,0,1,0.88654673
biswas rakesh,rajesh biswas,1,biswas rakesh,rajesh biswas,biswas rakesh,rajesh biswas,0.6708335714245149,0.67919433,0.5299145299145299,0,0,12,0.3333333333333333,0.92,0,0,1,0.56464946
debnath sumit,s debnath,1,debnath sumit,s debnath,debnath sumit,s debnath,0.7868305224294873,0.6955316,0.772079772079772,0,0,8,0.3333333333333333,0.88,0,1,1,0.89895767
masud rahaman,m rahaman,1,masud rahaman,m rahaman,masud rahaman,m rahaman,0.6572139626261646,0.81067723,0.8076923076923077,0,0,4,0.3333333333333333,0.88,0,1,1,0.89895767
chaudhuri jay,jai chaudhuri,1,chaudhuri jay,jai chaudhuri,chaudhuri jay,jai chaudhuri,0.8311759588643858,0.8178451,0.6794871794871794,0,0,8,0.3333333333333333,0.92,1,0,1,0.68036157
mandal parimal,parimal mondal,1,mandal parimal,parimal mondal,mandal parimal,parimal mondal,0.8160796932992045,0.41662192,0.6309523809523809,0,0,9,0.3333333333333333,0.93,0,0,1,0.7413408
poddar sumon,s poddar,1,poddar sumon,s poddar,poddar sumon,s poddar,0.7150864399753757,0.71532255,0.6765873015873017,0,0,8,0.3333333333333333,0.86,0,1,1,0.89895767
pal debjit,debjit paul,1,pal debjit,debjit paul,pal debjit,debjit paul,0.8045068865756889,0.70298225,0.6359307359307359,0,0,9,0.3333333333333333,0.95,0,0,1,0.88654673
karmakar mun,m karmakar,1,karmakar mun,m karmakar,karmakar mun,m karmakar,0.7908583805715641,0.80898285,0.7351851851851853,0,0,6,0.3333333333333333,0.91,0,1,1,0.89895767
chaudhury anindya,anindya choudhury,1,chaudhury anindya,anindya choudhury,chaudhury anindya,anindya choudhury,0.8124987062230679,0.844223,0.6122004357298475,0,0,16,0.3333333333333333,0.94,1,0,1,0.88654673
mandal soumitra,soumitra mondal,1,mandal soumitra,soumitra mondal,mandal soumitra,soumitra mondal,0.8319659236025853,0.5405103,0.5444444444444444,0,0,14,0.3333333333333333,0.93,1,0,1,0.7413408
dash sukumar,sukumar das,1,dash sukumar,sukumar das,dash sukumar,sukumar das,0.8553716301127957,0.7227417,0.7808080808080807,0,0,9,0.3333333333333333,0.96,0,0,1,0.882302
mandal manas ballab,manash ballav mondal,1,mandal manas ballab,manash ballav mondal,mandal manas ballab,manash ballav mondal,0.590912928611679,0.49355596,0.858157894736842,0,0,12,0.0,0.87,0,0,1,0.8529602
mazumder sumeet,sumeet mazumdar,1,mazumder sumeet,sumeet mazumdar,mazumder sumeet,sumeet mazumdar,0.8199398990649295,0.9235667,0.5492063492063491,0,0,11,0.3333333333333333,0.93,0,0,1,0.7413408
das biswas ashim kumar,a das biswas,1,das biswas ashim kumar,a das biswas,das biswas ashim kumar,a das biswas,0.7547353871232144,0.7070874,0.6818181818181818,0,0,14,0.4,0.91,0,1,1,0.89895767
mandal mrityunjay,mrityunjoy mandal,1,mandal mrityunjay,mrityunjoy mandal,mandal mrityunjay,mrityunjoy mandal,0.8058394450665181,0.8698537,0.7434389140271493,0,0,14,0.3333333333333333,0.94,0,0,1,0.88654673
sen tapan,s tapan,1,sen tapan,s tapan,sen tapan,s tapan,0.7939137162046412,0.77984935,0.9333333333333333,0,0,2,0.3333333333333333,0.88,0,1,1,0.89880055
maity sumana,suman maiti,1,maity sumana,suman maiti,maity sumana,suman maiti,0.6271182232590213,0.80660045,0.6237373737373737,0,0,10,0.0,0.87,1,0,1,0.83958846
arman haque,a haque,1,arman haque,a haque,arman haque,a haque,0.7948746356055069,0.62133074,0.848051948051948,0,0,4,0.3333333333333333,0.83,0,1,1,0.8989275
trebedi prabhat,p trebedi,1,trebedi prabhat,p trebedi,trebedi prabhat,p trebedi,0.8271475011493825,0.7311732,0.6407407407407407,0,0,10,0.3333333333333333,0.88,1,1,1,0.89895767
choudhury gautam,g choudhury,1,choudhury gautam,g choudhury,choudhury gautam,g choudhury,0.7440820430357853,0.8007132,0.7935606060606061,0,0,9,0.3333333333333333,0.9,0,1,1,0.89895767
md mamud rahaman,m rahaman,1,md mamud rahaman,m rahaman,md mamud rahaman,m rahaman,0.5930466609821509,0.7358172,0.8354166666666667,0,0,7,0.25,0.88,0,1,1,0.89895767
ray subhendu,subhendu roy,1,ray subhendu,subhendu roy,ray subhendu,subhendu roy,0.792648453870458,0.6541617,0.6851851851851851,0,0,8,0.3333333333333333,0.92,0,0,1,0.68036157
lahari puspendu,puspendu lahiri,1,lahari puspendu,puspendu lahiri,lahari puspendu,puspendu lahiri,0.799030339233662,0.8247355,0.35555555555555557,0,0,14,0.3333333333333333,0.93,1,0,1,0.7413408
ghosh saugata,sougata ghosh,1,ghosh saugata,sougata ghosh,ghosh saugata,sougata ghosh,0.646182020561717,0.85678315,0.6467236467236467,0,0,11,0.3333333333333333,0.92,1,0,1,0.56464946
banerjee dyuti,d banerjee,1,banerjee dyuti,d banerjee,banerjee dyuti,d banerjee,0.6539831892369476,0.90018845,0.7904761904761904,0,0,8,0.3333333333333333,0.89,0,1,1,0.89895767
maitra arup,arup mitra,1,maitra arup,arup mitra,maitra arup,arup mitra,0.7222309879337196,0.6684191,0.6359307359307359,0,0,10,0.3333333333333333,0.95,1,0,1,0.88654673
mandal rabin,rabin mondal,1,mandal rabin,rabin mondal,mandal rabin,rabin mondal,0.7780689342678639,0.510601,0.5444444444444444,0,0,11,0.3333333333333333,0.92,0,0,1,0.7301133
sk ajab ali,sk a ali,1,sk ajab ali,sk a ali,sk ajab ali,sk a ali,0.6883232511680408,0.8194339,0.9204545454545455,0,0,3,0.5,0.86,1,1,1,0.89880055
bhakta santanu,shantanu bhakta,1,bhakta santanu,shantanu bhakta,bhakta santanu,shantanu bhakta,0.9092266921924598,0.71349823,0.7184704184704184,0,0,9,0.3333333333333333,0.97,1,0,1,0.88654673
mandal suman,suman mondal,1,mandal suman,suman mondal,mandal suman,suman mondal,0.7194801134204974,0.51711047,0.6746031746031745,0,0,10,0.3333333333333333,0.92,0,0,1,0.7301133
md abdul hannan,a hannan,1,md abdul hannan,a hannan,md abdul hannan,a hannan,0.6031295607530792,0.60273266,0.5194444444444444,0,0,7,0.25,0.86,0,1,1,0.89895767
kshetry jaya,j kshetry,1,kshetry jaya,j kshetry,kshetry jaya,j kshetry,0.8776635338825625,0.58792424,0.7870370370370371,0,0,7,0.3333333333333333,0.88,0,1,1,0.89895767
ghsoh tarun kanti,tarun kanti ghosh,1,ghsoh tarun kanti,tarun kanti ghosh,ghsoh tarun kanti,tarun kanti ghosh,0.7452108139779869,0.782962,0.6372549019607844,0,0,12,0.5,0.94,1,0,1,0.88654673
mallick biplab,biplob mallick,1,mallick biplab,biplob mallick,mallick biplab,biplob mallick,0.7686309881833117,0.8747879,0.6309523809523809,0,0,12,0.3333333333333333,0.93,0,0,1,0.7413408
haldar dipankkar,dipankar halder,1,haldar dipankkar,dipankar halder,haldar dipankkar,dipankar halder,0.605352679980812,0.8496057,0.7111111111111111,0,0,12,0.0,0.9,0,0,1,0.83958846
dattamajumdar tapomoy,t dattamajumdar,1,dattamajumdar tapomoy,t dattamajumdar,dattamajumdar tapomoy,t dattamajumdar,0.72839144941495,0.82754076,0.7238095238095239,0,0,10,0.3333333333333333,0.93,0,1,1,0.89895767
goswami bimal kumar,b goswami,1,goswami bimal kumar,b goswami,goswami bimal kumar,b goswami,0.7024415914028985,0.66448426,0.6764132553606238,0,0,14,0.25,0.88,1,1,1,0.89895767
chatterjee aninda,ananda chatterjee,1,chatterjee aninda,ananda chatterjee,chatterjee aninda,ananda chatterjee,0.794746105549185,0.74602,0.6892911010558068,0,0,14,0.3333333333333333,0.94,1,0,1,0.88654673
rakshit pooja,p rakshit,1,rakshit pooja,p rakshit,rakshit pooja,p rakshit,0.6870218316968872,0.7922325,0.772079772079772,0,0,8,0.3333333333333333,0.88,0,1,1,0.89895767
bhattacharyya manidipa,monidipa bhattacharya,1,bhattacharyya manidipa,monidipa bhattacharya,bhattacharyya manidipa,monidipa bhattacharya,0.7347852251761929,0.7092773,0.6248196248196248,0,0,18,0.0,0.93,1,0,1,0.87298673
saren abhishek,abhishek soren,1,saren abhishek,abhishek soren,saren abhishek,abhishek soren,0.6987952507665,0.67077374,0.7056277056277057,0,0,12,0.3333333333333333,0.93,0,0,1,0.58527595
ray swapanjit,swapanjit roy,1,ray swapanjit,swapanjit roy,ray swapanjit,swapanjit roy,0.8113874362690667,0.6690476,0.7207977207977208,0,0,8,0.3333333333333333,0.92,0,0,1,0.6747026
haldar sujit kumar,s haldar,1,haldar sujit kumar,s haldar,haldar sujit kumar,s haldar,0.6844722802080455,0.5782783,0.6481481481481481,0,0,14,0.25,0.86,0,1,1,0.89895767
bhattacharyya nupur,r n bhattacharya,1,bhattacharyya nupur,r n bhattacharya,bhattacharyya nupur,r n bhattacharya,0.5776085011198586,0.6851894,0.793859649122807,0,0,11,0.0,0.86,1,0,1,0.83828473
pathak jaydev,joydev pathak,1,pathak jaydev,joydev pathak,pathak jaydev,joydev pathak,0.6631066340624776,0.65446985,0.37606837606837606,0,0,11,0.3333333333333333,0.92,0,0,1,0.56464946
nandy dibyendu,dibyandu nandi,1,nandy dibyendu,dibyandu nandi,nandy dibyendu,dibyandu nandi,0.5237271639967638,0.8853643,0.7056277056277057,0,0,11,0.0,0.86,0,0,1,0.8140986
chakraborty sujana,sujan chakraborty,1,chakraborty sujana,sujan chakraborty,chakraborty sujana,sujan chakraborty,0.9437584674404077,0.84861225,0.6751298810122339,0,0,13,0.3333333333333333,0.97,0,0,1,0.88118315
datta saumendu,saumendu dutta,1,datta saumendu,saumendu dutta,datta saumendu,saumendu dutta,0.7930018455043633,0.72283804,0.735930735930736,0,0,12,0.3333333333333333,0.93,1,0,1,0.7363431
pal manomohan,monomohan pal,1,pal manomohan,monomohan pal,pal manomohan,monomohan pal,0.7333454938511631,0.6802769,0.6467236467236467,0,0,9,0.3333333333333333,0.92,0,0,1,0.7301133
mandal sukumar,sukumar mondal,1,mandal sukumar,sukumar mondal,mandal sukumar,sukumar mondal,0.7740463182931836,0.60868573,0.5079365079365079,0,0,12,0.3333333333333333,0.93,0,0,1,0.7413408
mandal samiran,samiran mandol,1,mandal samiran,samiran mandol,mandal samiran,samiran mandol,0.672474668164184,0.5909784,0.5892857142857143,0,0,11,0.3333333333333333,0.93,0,0,1,0.57878923
chakrabarty dhiraj,diraj chakraborty,1,chakrabarty dhiraj,diraj chakraborty,chakrabarty dhiraj,diraj chakraborty,0.5557476979134774,0.68672997,0.6751298810122339,0,0,14,0.0,0.91,0,0,1,0.8316447
mondal dodul,d mondal,1,mondal dodul,d mondal,mondal dodul,d mondal,0.581040050733385,0.7055398,0.7222222222222222,0,0,8,0.3333333333333333,0.86,0,1,1,0.89895767
mistry sandipan,sandipan mistri,1,mistry sandipan,sandipan mistri,mistry sandipan,sandipan mistri,0.822290037131236,0.89241993,0.5015873015873016,0,0,13,0.3333333333333333,0.93,0,0,1,0.7413408
hossain asif,shaikh asif hossain,1,hossain asif,shaikh asif hossain,hossain asif,shaikh asif hossain,0.8583039082591153,0.7218816,0.6198830409356725,0,0,13,0.6666666666666666,1.0,0,1,1,0.89895767
sher singh,s singh,1,sher singh,s singh,sher singh,s singh,0.6633655170700132,0.7407292,0.91,0,0,3,0.3333333333333333,0.83,0,1,1,0.89880055
pradhan amit kumar,a pradhan,1,pradhan amit kumar,a pradhan,pradhan amit kumar,a pradhan,0.6587024233274902,0.67724895,0.6851851851851851,0,0,13,0.25,0.88,0,1,1,0.89895767
seth joly,jolly seth,1,seth joly,jolly seth,seth joly,jolly seth,0.7206474317948491,0.5204466,0.4333333333333333,0,0,9,0.3333333333333333,0.95,0,0,1,0.88408244
mandal tushar kanti,tushar kanti mondal,1,mandal tushar kanti,tushar kanti mondal,mandal tushar kanti,tushar kanti mondal,0.8432548923615101,0.70528054,0.704093567251462,0,0,14,0.5,0.95,1,0,1,0.88654673
md abdul haque,a haque,1,md abdul haque,a haque,md abdul haque,a haque,0.6750740542933407,0.61095005,0.43650793650793646,0,0,7,0.25,0.83,0,1,1,0.89895767
acharya banibrata,banibrato acharya,1,acharya banibrata,banibrato acharya,acharya banibrata,banibrato acharya,0.8491364991233884,0.8884764,0.6492374727668845,0,0,13,0.3333333333333333,0.94,1,0,1,0.88654673
mondal sahadev,sahadeb mondal,1,mondal sahadev,sahadeb mondal,mondal sahadev,sahadeb mondal,0.7576935703537825,0.88393795,0.5079365079365079,0,0,12,0.3333333333333333,0.93,0,0,1,0.7413408
md saiyed haque,s haque,1,md saiyed haque,s haque,md saiyed haque,s haque,0.6165422726792098,0.6569634,0.5293650793650794,0,0,8,0.25,0.83,0,1,1,0.89895767
mukhopadhyay sima,s mukhopadhyay,1,mukhopadhyay sima,s mukhopadhyay,mukhopadhyay sima,s mukhopadhyay,0.8771108322344546,0.77369094,0.8543417366946778,0,0,7,0.3333333333333333,0.92,0,1,1,0.8988725
mandal sanjoy,sanjoy mondal,1,mandal sanjoy,sanjoy mondal,mandal sanjoy,sanjoy mondal,0.7995143233871821,0.5436464,0.5854700854700855,0,0,9,0.3333333333333333,0.92,0,0,1,0.7301133
datta somes,somesh dutta,1,datta somes,somesh dutta,datta somes,somesh dutta,0.6077495978864609,0.4793199,0.2828282828282828,0,0,11,0.0,0.87,1,0,1,0.83672446
mukhopadhyay utpala,utpal mukhopadhyay,1,mukhopadhyay utpala,utpal mukhopadhyay,mukhopadhyay utpala,utpal mukhopadhyay,0.9530833497740405,0.8014956,0.7644980506822612,0,0,13,0.3333333333333333,0.97,0,0,1,0.8781128
banerjea avishek,avishek banerjee,1,banerjea avishek,avishek banerjee,banerjea avishek,avishek banerjee,0.7849433244846923,0.7957808,0.5277777777777778,0,0,12,0.3333333333333333,0.94,0,0,1,0.88654673
biswas diya,d biswas,1,biswas diya,d biswas,biswas diya,d biswas,0.7288108965235942,0.7656558,0.7651515151515151,0,0,7,0.3333333333333333,0.86,0,1,1,0.89895767
deb samujjala,samujjala dev,1,deb samujjala,samujjala dev,deb samujjala,samujjala dev,0.8422566218440336,0.7520219,0.7948717948717948,0,0,8,0.3333333333333333,0.92,1,0,1,0.56280404
ghoshal saugata,sougata ghoshal,1,ghoshal saugata,sougata ghoshal,ghoshal saugata,sougata ghoshal,0.6867734683163481,0.85807467,0.6777777777777777,0,0,13,0.3333333333333333,0.93,1,0,1,0.57878923
sharma reenu,renu sharma,1,sharma reenu,renu sharma,sharma reenu,renu sharma,0.7117804846682111,0.7427654,0.6313131313131314,0,0,11,0.3333333333333333,0.96,1,0,1,0.8841986
mandal kalyan,kalyan mondal,1,mandal kalyan,kalyan mondal,mandal kalyan,kalyan mondal,0.7946209239289013,0.48223472,0.6602564102564102,0,0,9,0.3333333333333333,0.92,0,0,1,0.7301133
md ataur rahaman,a rahaman,1,md ataur rahaman,a rahaman,md ataur rahaman,a rahaman,0.5744185732704278,0.658847,0.7800925925925926,0,0,7,0.25,0.88,0,1,1,0.89895767
garai kausik,kausik gorai,1,garai kausik,kausik gorai,garai kausik,kausik gorai,0.73879254291911,0.7442488,0.6111111111111112,0,0,9,0.3333333333333333,0.92,1,0,1,0.7301133
modak pamela,p modak,1,modak pamela,p modak,modak pamela,p modak,0.6427408108325436,0.66497475,0.6190476190476191,0,0,9,0.3333333333333333,0.83,0,1,1,0.89895767
roy prasanna,prasanno roy,1,roy prasanna,prasanno roy,roy prasanna,prasanno roy,0.7709938023284246,0.82777405,0.6851851851851851,0,0,9,0.3333333333333333,0.92,0,0,1,0.7301133
dutta nilanjana,nilanjan dutta,1,dutta nilanjana,nilanjan dutta,dutta nilanjana,nilanjan dutta,0.9298876777317824,0.85940075,0.626984126984127,0,0,11,0.3333333333333333,0.97,1,0,1,0.88118315
modak kounish kumar,k modak,1,modak kounish kumar,k modak,modak kounish kumar,k modak,0.6079800811000762,0.7265204,0.6466165413533834,0,0,15,0.25,0.83,0,1,1,0.89895767
gorai suman,s gorai,1,gorai suman,s gorai,gorai suman,s gorai,0.8003556268615918,0.7776985,0.6341991341991342,0,0,8,0.3333333333333333,0.83,1,1,1,0.89895767
dasgupta sila,s dasgupta,1,dasgupta sila,s dasgupta,dasgupta sila,s dasgupta,0.819170601055334,0.8089125,0.7159544159544161,0,0,7,0.3333333333333333,0.89,1,1,1,0.89895767
banerjee arup kumar,a banerjee,1,banerjee arup kumar,a banerjee,banerjee arup kumar,a banerjee,0.7395487314647688,0.7337481,0.6754385964912281,0,0,13,0.25,0.89,0,1,1,0.89895767
acharjee pallab,p acharjee,1,acharjee pallab,p acharjee,acharjee pallab,p acharjee,0.7113129558276023,0.7898061,0.7777777777777778,0,0,9,0.3333333333333333,0.89,0,1,1,0.89895767
sariul islam,s islam,1,sariul islam,s islam,sariul islam,s islam,0.6362490744194403,0.6542379,0.7892857142857144,0,0,5,0.3333333333333333,0.83,0,1,1,0.89895767
de chaudhuri kalyan,kalyan dey chaudhury,1,de chaudhuri kalyan,kalyan dey chaudhury,de chaudhuri kalyan,kalyan dey chaudhury,0.7562722201361763,0.8860055,0.6694235588972429,0,0,15,0.2,0.92,0,0,1,0.7225426
biswas lisa,l biswas,1,biswas lisa,l biswas,biswas lisa,l biswas,0.6794067928771114,0.6517451,0.7651515151515151,0,0,7,0.3333333333333333,0.86,0,1,1,0.89895767
hossain mehebub,mehebub hussain,1,hossain mehebub,mehebub hussain,hossain mehebub,mehebub hussain,0.8064126599568492,0.4625038,0.48888888888888893,0,0,14,0.3333333333333333,0.93,0,0,1,0.7413408
krmakar prasanta,prasanta karmakar,1,krmakar prasanta,prasanta karmakar,krmakar prasanta,prasanta karmakar,0.7582203753637954,0.8027036,0.6377450980392158,0,0,13,0.3333333333333333,0.97,1,0,1,0.88654673
dutta bitan kumar,b dutta,1,dutta bitan kumar,b dutta,dutta bitan kumar,b dutta,0.609761612346989,0.7349863,0.6610644257703081,0,0,14,0.25,0.83,1,1,1,0.89895767
agarwal dipak kumar,d agarwal,1,agarwal dipak kumar,d agarwal,agarwal dipak kumar,d agarwal,0.6402778332518875,0.73058164,0.6764132553606238,0,0,14,0.25,0.88,0,1,1,0.89895767
maity smita,s maity,1,maity smita,s maity,maity smita,s maity,0.7097470333455422,0.70806223,0.6341991341991342,0,0,8,0.3333333333333333,0.83,0,1,1,0.89895767
mistry sajal,s mistry,1,mistry sajal,s mistry,mistry sajal,s mistry,0.7627622628823921,0.71109307,0.7222222222222222,0,0,8,0.3333333333333333,0.86,0,1,1,0.89895767
mondal sumantro,sumontro mondal,1,mondal sumantro,sumontro mondal,mondal sumantro,sumontro mondal,0.7212242026284816,0.7264902,0.6472222222222223,0,0,11,0.3333333333333333,0.93,0,0,1,0.7413408
chakraborty gourab,g chakraborty,1,chakraborty gourab,g chakraborty,chakraborty gourab,g chakraborty,0.7736339011734351,0.7768153,0.8190883190883191,0,0,9,0.3333333333333333,0.92,0,1,1,0.89895767
mandal sanatan,sanatan mondal,1,mandal sanatan,sanatan mondal,mandal sanatan,sanatan mondal,0.7799799409882049,0.51990867,0.6309523809523809,0,0,9,0.3333333333333333,0.93,0,0,1,0.7413408
sing bikash,bikash singh,1,sing bikash,bikash singh,sing bikash,bikash singh,0.8432532458346447,0.6537166,0.7449494949494949,0,0,9,0.3333333333333333,0.96,0,0,1,0.88654673
mandal apurba,apurba mondal,1,mandal apurba,apurba mondal,mandal apurba,apurba mondal,0.8462196402306496,0.5285306,0.5384615384615384,0,0,12,0.3333333333333333,0.92,1,0,1,0.7301133
ghosh mary mrs,m ghosh,1,ghosh mary,m ghosh,ghosh mary,m ghosh,0.747198933276011,0.801391,0.6523809523809524,0,0,7,0.3333333333333333,0.83,0,1,1,0.89895767
datta sourav,sourav dutta,1,datta sourav,sourav dutta,datta sourav,sourav dutta,0.7184379661380117,0.71704626,0.5555555555555555,0,0,10,0.3333333333333333,0.92,1,0,1,0.7301133
manna payal,p manna,1,manna payal,p manna,manna payal,p manna,0.6237032458405031,0.75992495,0.6897546897546897,0,0,8,0.3333333333333333,0.83,1,1,1,0.89895767
upadhyay ankita,a upadhyay,1,upadhyay ankita,a upadhyay,upadhyay ankita,a upadhyay,0.7838120093358376,0.8369418,0.6851851851851851,0,0,9,0.3333333333333333,0.89,0,1,1,0.89895767
islam nurul,n islam,1,islam nurul,n islam,islam nurul,n islam,0.6591406855838261,0.70434153,0.6341991341991342,0,0,8,0.3333333333333333,0.83,0,1,1,0.89895767
maiti susila,susil maity,1,maiti susila,susil maity,maiti susila,susil maity,0.6602728452734727,0.8194806,0.5570707070707072,0,0,10,0.0,0.87,0,0,1,0.83958846
roy uday shankar,uday sankar roy,1,roy uday shankar,uday sankar roy,roy uday shankar,uday sankar roy,0.8852812336090794,0.7193346,0.7392094017094016,0,0,9,0.5,0.97,0,0,1,0.88654673
ghoshal soma,s ghoshal,1,ghoshal soma,s ghoshal,ghoshal soma,s ghoshal,0.7681778619597539,0.7611217,0.6851851851851851,0,0,7,0.3333333333333333,0.88,0,1,1,0.89895767
samanta arun,a samanta,1,samanta arun,a samanta,samanta arun,a samanta,0.7814826531971102,0.66909516,0.7268518518518517,0,0,7,0.3333333333333333,0.88,1,1,1,0.89895767
mandal sekhar,sekhar mondal,1,mandal sekhar,sekhar mondal,mandal sekhar,sekhar mondal,0.7660037002656822,0.5701594,0.4871794871794872,0,0,10,0.3333333333333333,0.92,0,0,1,0.7301133
sannigrahi prasanta,p sannigrahi,1,sannigrahi prasanta,p sannigrahi,sannigrahi prasanta,p sannigrahi,0.8363561102704178,0.8176333,0.7865497076023392,0,0,11,0.3333333333333333,0.91,1,1,1,0.89895767
basak ajit kumar,a basak,1,basak ajit kumar,a basak,basak ajit kumar,a basak,0.6960603806828048,0.60185444,0.6696428571428571,0,0,13,0.25,0.83,0,1,1,0.89895767
patra manish kumar,m patra,1,patra manish kumar,m patra,patra manish kumar,m patra,0.6335009047215475,0.57850105,0.6534391534391534,0,0,15,0.25,0.83,1,1,1,0.89895767
pradhan santanu,shantanu pradhan,1,pradhan santanu,shantanu pradhan,pradhan santanu,shantanu pradhan,0.8854297407217611,0.7215083,0.655429292929293,0,0,10,0.3333333333333333,0.97,0,0,1,0.88654673
dalui umasankar,umashankar dolui,1,dalui umasankar,umashankar dolui,dalui umasankar,umashankar dolui,0.5506662452814733,0.60586023,0.6305555555555555,0,0,13,0.0,0.9,1,0,1,0.8316447
sing manik,manik singh,1,sing manik,manik singh,sing manik,manik singh,0.789950025078274,0.5772298,0.5181818181818182,0,0,8,0.3333333333333333,0.95,0,0,1,0.85716087
haldar manoranjan,monoranjan halder,1,haldar manoranjan,monoranjan halder,haldar manoranjan,monoranjan halder,0.6144467209282426,0.6075461,0.6372549019607844,0,0,14,0.0,0.88,0,0,1,0.83672446
dutta barun,b dutta,1,dutta barun,b dutta,dutta barun,b dutta,0.6934010615477584,0.7877114,0.6897546897546897,0,0,8,0.3333333333333333,0.83,1,1,1,0.89895767
ghosh debnath,g debnath,1,ghosh debnath,g debnath,ghosh debnath,g debnath,0.7819760153015447,0.6569327,0.7743589743589744,0,0,4,0.3333333333333333,0.88,0,1,1,0.89895767
bhowmik subha,s bhowmik,1,bhowmik subha,s bhowmik,bhowmik subha,s bhowmik,0.8384160886766217,0.784233,0.772079772079772,0,0,8,0.3333333333333333,0.88,0,1,1,0.89895767
chattaraj swagata,s chattaraj,1,chattaraj swagata,s chattaraj,chattaraj swagata,s chattaraj,0.6887208853715943,0.7239498,0.7825311942959002,0,0,10,0.3333333333333333,0.9,0,1,1,0.89895767
kisku soumen,s kisku,1,kisku soumen,s kisku,kisku soumen,s kisku,0.715112205687712,0.7639567,0.7182539682539684,0,0,9,0.3333333333333333,0.83,0,1,1,0.89895767
halder sumon,s halder,1,halder sumon,s halder,halder sumon,s halder,0.6964934165778173,0.7377681,0.6765873015873017,0,0,8,0.3333333333333333,0.86,0,1,1,0.89895767
singh kundan,kundan sing,1,singh kundan,kundan sing,singh kundan,kundan sing,0.828978737262596,0.7036842,0.4823232323232323,0,0,10,0.3333333333333333,0.96,0,0,1,0.88654673
mandal soma,s mandal,1,mandal soma,s mandal,mandal soma,s mandal,0.6629210672620721,0.7899629,0.7651515151515151,0,0,7,0.3333333333333333,0.86,0,1,1,0.89895767
maiti sourav,sourav maity,1,maiti sourav,sourav maity,maiti sourav,sourav maity,0.7869693684832686,0.87728935,0.47222222222222215,0,0,12,0.3333333333333333,0.92,0,0,1,0.7301133
bag shouvik,souvik bagh,1,bag shouvik,souvik bagh,bag shouvik,souvik bagh,0.609982625651858,0.7684401,0.2878787878787879,0,0,10,0.0,0.91,0,0,1,0.83958846
bhowmik arun kumar,a bhowmik,1,bhowmik arun kumar,a bhowmik,bhowmik arun kumar,a bhowmik,0.7980017099397146,0.62639296,0.6851851851851851,0,0,13,0.25,0.88,0,1,1,0.89895767
dattagupta,d duttagupta,1,dattagupta,d duttagupta,dattagupta,d duttagupta,0.7286431398259379,0.33806753,0.8616666666666666,0,0,3,0.0,0.82,1,0,1,0.88025403
manna basudeb,basudev manna,1,manna basudeb,basudev manna,manna basudeb,basudev manna,0.7583323788411361,0.88505995,0.4551282051282051,0,0,12,0.3333333333333333,0.92,1,0,1,0.7301133
pradhan soma,s pradhan,1,pradhan soma,s pradhan,pradhan soma,s pradhan,0.6860624143295265,0.782724,0.7870370370370371,0,0,7,0.3333333333333333,0.88,0,1,1,0.89895767
mandal haradhan,haradhan mondal,1,mandal haradhan,haradhan mondal,mandal haradhan,haradhan mondal,0.769035237266876,0.58202875,0.6777777777777777,0,0,11,0.3333333333333333,0.93,0,0,1,0.7413408
ray indranil,indranil roy,1,ray indranil,indranil roy,ray indranil,indranil roy,0.7249490676510584,0.58803266,0.7222222222222223,0,0,8,0.3333333333333333,0.92,0,0,1,0.6747026
kole sankha,sankho koley,1,kole sankha,sankho koley,kole sankha,sankho koley,0.6001731243876947,0.7544042,0.6313131313131314,0,0,12,0.0,0.87,0,0,1,0.83958846
mandal subinay,subinoy mondal,1,mandal subinay,subinoy mondal,mandal subinay,subinoy mondal,0.5378486249258443,0.311651,0.5238095238095238,0,0,13,0.0,0.86,0,0,1,0.83380497
mandal subrata,subrata mondal,1,mandal subrata,subrata mondal,mandal subrata,subrata mondal,0.7949284466639966,0.5218303,0.5238095238095238,0,0,12,0.3333333333333333,0.93,1,0,1,0.7413408
mandal surajit,surajit mondal,1,mandal surajit,surajit mondal,mandal surajit,surajit mondal,0.7902022900748225,0.55757016,0.4761904761904762,0,0,14,0.3333333333333333,0.93,0,0,1,0.7413408
mandal achinta,achinta mondal,1,mandal achinta,achinta mondal,mandal achinta,achinta mondal,0.8257519317567553,0.6153545,0.5634920634920635,0,0,11,0.3333333333333333,0.93,1,0,1,0.7413408
saren debal,d saren,1,saren debal,d saren,saren debal,d saren,0.6523233742908506,0.78400296,0.6341991341991342,0,0,8,0.3333333333333333,0.83,0,1,1,0.89895767
mandal koushik,koushik mondal,1,mandal koushik,koushik mondal,mandal koushik,koushik mondal,0.8360827157976495,0.53257954,0.36507936507936506,0,0,13,0.3333333333333333,0.93,0,0,1,0.7413408
mandal prasenjit,prosenjit mondal,1,mandal prasenjit,prosenjit mondal,mandal prasenjit,prosenjit mondal,0.5789149738831914,0.5025828,0.6401515151515151,0,0,15,0.0,0.88,0,0,1,0.83672446
choudhury durjoy,d choudhury,1,choudhury durjoy,d choudhury,choudhury durjoy,d choudhury,0.6795869231192553,0.7730509,0.6780303030303031,0,0,9,0.3333333333333333,0.9,0,1,1,0.89895767
mondal ranajit,ranjit mondal,1,mondal ranajit,ranjit mondal,mondal ranajit,ranjit mondal,0.6717376471115328,0.7228085,0.4472527472527473,0,0,11,0.3333333333333333,0.96,0,0,1,0.8468458
hansda soma,s hansda,1,hansda soma,s hansda,hansda soma,s hansda,0.8114530789569893,0.7715459,0.6942640692640693,0,0,7,0.3333333333333333,0.86,1,1,1,0.89895767
chakraborti,g chakraborty,1,chakraborti,g chakraborty,chakraborti,g chakraborty,0.7579711010891659,0.816816,0.8927738927738927,0,0,3,0.0,0.83,0,0,1,0.88236207
chatterjee bimal kumar,b chatterjee,1,chatterjee bimal kumar,b chatterjee,chatterjee bimal kumar,b chatterjee,0.7371890375373925,0.7970725,0.6843434343434343,0,0,14,0.25,0.91,0,1,1,0.89895767
sett arindam,arindam seth,1,sett arindam,arindam seth,sett arindam,arindam seth,0.7675807484822318,0.58917475,0.611111111111111,0,0,10,0.3333333333333333,0.92,0,0,1,0.7301133
mandal bubai,bubay mondal,1,mandal bubai,bubay mondal,mandal bubai,bubay mondal,0.5670877930836487,0.23894963,0.47222222222222215,0,0,10,0.0,0.83,0,0,1,0.8343126
agarwal rashmi,reshmi agarwal,1,agarwal rashmi,reshmi agarwal,agarwal rashmi,reshmi agarwal,0.7693511487851888,0.6469595,0.5634920634920635,0,0,13,0.3333333333333333,0.93,1,0,1,0.7413408
santra gauranga,gouranga santra,1,santra gauranga,gouranga santra,santra gauranga,gouranga santra,0.7398502136367308,0.87643594,0.6444444444444444,0,0,9,0.3333333333333333,0.93,1,0,1,0.7413408
mahata bhagirath,bhagirath mahato,1,mahata bhagirath,bhagirath mahato,mahata bhagirath,bhagirath mahato,0.8236104832434196,0.89394003,0.7738095238095237,0,0,12,0.3333333333333333,0.94,0,0,1,0.88654673
dutta mohit kumar,m dutta,1,dutta mohit kumar,m dutta,dutta mohit kumar,m dutta,0.6392434436372103,0.7225707,0.6610644257703081,0,0,14,0.25,0.83,1,1,1,0.89895767
ray ardhendu,ardhendu roy,1,ray ardhendu,ardhendu roy,ray ardhendu,ardhendu roy,0.8132648128965716,0.6611077,0.7222222222222223,0,0,8,0.3333333333333333,0.92,0,0,1,0.6747026
neogi shamik,s neogi,1,neogi shamik,s neogi,neogi shamik,s neogi,0.7753446654130417,0.7300099,0.6190476190476191,0,0,9,0.3333333333333333,0.83,1,1,1,0.89895767
chowdhary ashwin,aswin chowdhury,1,chowdhary ashwin,aswin chowdhury,chowdhary ashwin,aswin chowdhury,0.5585049824044728,0.76193213,0.655429292929293,0,0,14,0.0,0.9,0,0,1,0.84187514
ray priyatosh,priyatosh roy,1,ray priyatosh,priyatosh roy,ray priyatosh,priyatosh roy,0.805421947659988,0.67775273,0.7459207459207459,0,0,8,0.3333333333333333,0.92,0,0,1,0.6747026
mondal joni,j mondal,1,mondal joni,j mondal,mondal joni,j mondal,0.6668784162035962,0.760284,0.7651515151515151,0,0,7,0.3333333333333333,0.86,0,1,1,0.89895767
kndu sohag,sohag kundu,1,kndu sohag,sohag kundu,kndu sohag,sohag kundu,0.7712090479611136,0.7208166,0.29393939393939394,0,0,10,0.3333333333333333,0.95,0,0,1,0.88654673
debnath subal,s debnath,1,debnath subal,s debnath,debnath subal,s debnath,0.7740905221719363,0.6809576,0.772079772079772,0,0,8,0.3333333333333333,0.88,0,1,1,0.89895767
mandal manotosh,monotosh mondal,1,mandal manotosh,monotosh mondal,mandal manotosh,monotosh mondal,0.549108040325442,0.19569577,0.5638888888888889,0,0,12,0.0,0.87,0,0,1,0.8305341
pratiher biplab,biplab pratihar,1,pratiher biplab,biplab pratihar,pratiher biplab,biplab pratihar,0.8066070790586058,0.9192152,0.5851851851851851,0,0,12,0.3333333333333333,0.93,0,0,1,0.7413408
majumdar ashis,ashis mazumdar,1,majumdar ashis,ashis mazumdar,majumdar ashis,ashis mazumdar,0.5983075053337688,0.6751056,0.6761904761904761,0,0,13,0.3333333333333333,0.93,0,0,1,0.56894106
mandal pijush kanti,pijush kanti mondal,1,mandal pijush kanti,pijush kanti mondal,mandal pijush kanti,pijush kanti mondal,0.8816705342530211,0.6928673,0.704093567251462,0,0,14,0.5,0.95,1,0,1,0.88654673
dhara shree,s dhara,1,dhara shree,s dhara,dhara shree,s dhara,0.6040712894041419,0.7508251,0.6341991341991342,0,0,8,0.3333333333333333,0.83,1,1,1,0.89895767
basak sanjay,sanjoy basak,1,basak sanjay,sanjoy basak,basak sanjay,sanjoy basak,0.691562131377814,0.6290897,0.5555555555555555,0,0,9,0.3333333333333333,0.92,0,0,1,0.56464946
mandal sibnath,shibnath mondal,1,mandal sibnath,shibnath mondal,mandal sibnath,shibnath mondal,0.5952842839318718,0.27571762,0.5994708994708995,0,0,13,0.0,0.9,0,0,1,0.83672446
mirdha asit,a mirdha,1,mirdha asit,a mirdha,mirdha asit,a mirdha,0.7788100766752187,0.80929005,0.7651515151515151,0,0,7,0.3333333333333333,0.86,1,1,1,0.89895767
maiti arkadeb,arkyadeb maity,1,maiti arkadeb,arkyadeb maity,maiti arkadeb,arkyadeb maity,0.5317084752485954,0.6763959,0.6302401302401303,0,0,13,0.0,0.89,0,0,1,0.83029735
adhikary goutam,gautam adhikari,1,adhikary goutam,gautam adhikari,adhikary goutam,gautam adhikari,0.5994950827639902,0.74250615,0.5111111111111111,0,0,14,0.0,0.87,0,0,1,0.83958846
lakra robert gregory,robert gregri lakra,1,lakra robert gregory,robert gregri lakra,lakra robert gregory,robert gregri lakra,0.7386833243867641,0.8135775,0.6694235588972429,0,0,13,0.5,0.92,1,0,1,0.7301133
das amala,amal das,1,das amala,amal das,das amala,amal das,0.8019206722494996,0.86684847,0.5648148148148148,0,0,7,0.3333333333333333,0.94,0,0,1,0.7883367
chowdhury firoj,firoz chowdhury,1,chowdhury firoj,firoz chowdhury,chowdhury firoj,firoz chowdhury,0.789991645427039,0.88906425,0.7277777777777779,0,0,12,0.3333333333333333,0.93,0,0,1,0.7363431
dutta sirshak,shirshak dutta,1,dutta sirshak,shirshak dutta,dutta sirshak,shirshak dutta,0.7920403347363546,0.7227195,0.6302401302401303,0,0,13,0.3333333333333333,0.96,1,0,1,0.88654673
chakraborty bikram,b chakraborty,1,chakraborty bikram,b chakraborty,chakraborty bikram,b chakraborty,0.7935832168899334,0.88207936,0.6965811965811967,0,0,9,0.3333333333333333,0.92,0,1,1,0.89895767
kundu srija,s kundu,1,kundu srija,s kundu,kundu srija,s kundu,0.6884216681517427,0.7184375,0.6341991341991342,0,0,8,0.3333333333333333,0.83,0,1,1,0.89895767
majumdar subir,s majumdar,1,majumdar subir,s majumdar,majumdar subir,s majumdar,0.7608485491199042,0.715343,0.7904761904761904,0,0,8,0.3333333333333333,0.89,0,1,1,0.89895767
halder arup,a halder,1,halder arup,a halder,halder arup,a halder,0.7719717859425165,0.73899084,0.6942640692640693,0,0,7,0.3333333333333333,0.86,0,1,1,0.89895767
kundu chaitali,chaitali kuundu,1,kundu chaitali,chaitali kuundu,kundu chaitali,chaitali kuundu,0.7286565682584787,0.7499141,0.626984126984127,0,0,13,0.3333333333333333,0.97,1,0,1,0.88654673
dutta medha,m dutta,1,dutta medha,m dutta,dutta medha,m dutta,0.6738053498701951,0.8163047,0.6897546897546897,0,0,8,0.3333333333333333,0.83,1,1,1,0.89895767
mahato rashmi,r mahato,1,mahato rashmi,r mahato,mahato rashmi,r mahato,0.754720303332218,0.76706946,0.6616300366300366,0,0,9,0.3333333333333333,0.86,0,1,1,0.89895767
sharma rana,r sharma,1,sharma rana,r sharma,sharma rana,r sharma,0.7562435482129647,0.80441016,0.6942640692640693,0,0,7,0.3333333333333333,0.86,1,1,1,0.89895767
ray soumyadip,soumyadip roy,1,ray soumyadip,soumyadip roy,ray soumyadip,soumyadip roy,0.8297438705049025,0.67152935,0.6794871794871794,0,0,8,0.3333333333333333,0.92,0,0,1,0.68036157
peters tanushree rachel,tanushree r peters,1,peters tanushree rachel,tanushree r peters,peters tanushree rachel,tanushree r peters,0.8559987793393101,0.75716054,0.7572700577815668,0,0,13,0.5,0.94,0,1,1,0.89895767
bhattacharya jinia,j bhattacharya,1,bhattacharya jinia,j bhattacharya,bhattacharya jinia,j bhattacharya,0.7744351157702359,0.7461294,0.8412698412698413,0,0,8,0.3333333333333333,0.92,1,1,1,0.8989275
kabir anwarul,anarul kabir,1,kabir anwarul,anarul kabir,kabir anwarul,anarul kabir,0.738578028172425,0.70970225,0.5982905982905983,0,0,10,0.3333333333333333,0.96,0,0,1,0.88654673
adhya sati,s adhya,1,adhya sati,s adhya,adhya sati,s adhya,0.7788376485306178,0.7731626,0.6523809523809524,0,0,7,0.3333333333333333,0.83,1,1,1,0.89895767
biswas himadre,himadri biswas,1,biswas himadre,himadri biswas,biswas himadre,himadri biswas,0.8079954836197496,0.88382244,0.5634920634920635,0,0,12,0.3333333333333333,0.93,0,0,1,0.7413408
bhandari avijit,a bhandari,1,bhandari avijit,a bhandari,bhandari avijit,a bhandari,0.6423199261488094,0.68178123,0.6851851851851851,0,0,9,0.3333333333333333,0.89,1,1,1,0.89895767
yudon tshering,t yudon,1,yudon tshering,t yudon,yudon tshering,t yudon,0.6541573146298807,0.7339774,0.6904761904761904,0,0,11,0.3333333333333333,0.83,0,1,1,0.89895767
rai pronay bhusan,p bhusan rai,1,rai pronay bhusan,p bhusan rai,rai pronay bhusan,p bhusan rai,0.6887130688820648,0.7932617,0.5221755368814193,0,0,13,0.5,0.91,1,1,1,0.89895767
majumder amit kumar,a majumder,1,majumder amit kumar,a majumder,majumder amit kumar,a majumder,0.815964840115365,0.62681377,0.6754385964912281,0,0,13,0.25,0.89,0,1,1,0.89895767
sinha roy tapan kumar,t k sinha roy,1,sinha roy tapan kumar,t k sinha roy,sinha roy tapan kumar,t k sinha roy,0.6898873854282325,0.679264,0.6384726384726385,0,0,16,0.3333333333333333,0.82,1,1,1,0.89489216
md masud hasan,m hasan,1,md masud hasan,m hasan,md masud hasan,m hasan,0.5486545316455248,0.71718097,0.6904761904761904,0,0,7,0.25,0.83,0,1,1,0.8944135
mandal debdas,debdas mondal,1,mandal debdas,debdas mondal,mandal debdas,debdas mondal,0.8462127007190168,0.5387756,0.5854700854700855,0,0,8,0.3333333333333333,0.92,0,0,1,0.68036157
mandal sumana,sumana mondal,1,mandal sumana,sumana mondal,mandal sumana,sumana mondal,0.74443699230344,0.51964736,0.701923076923077,0,0,9,0.3333333333333333,0.92,1,0,1,0.7301133
baraik jhumee,j baraik,1,baraik jhumee,j baraik,baraik jhumee,j baraik,0.5873932425208322,0.82025623,0.6616300366300366,0,0,9,0.3333333333333333,0.86,0,1,1,0.89895767
mishra pravat kumar,p mishra,1,mishra pravat kumar,p mishra,mishra pravat kumar,p mishra,0.6046483548918633,0.6817095,0.6403508771929824,0,0,15,0.25,0.86,1,1,1,0.89895767
paul shagnik,sagnik paul,1,paul shagnik,sagnik paul,paul shagnik,sagnik paul,0.7823793167333306,0.736339,0.4823232323232323,0,0,11,0.3333333333333333,0.96,0,0,1,0.88654673
mallick debasish,debasish mullick,1,mallick debasish,debasish mullick,mallick debasish,debasish mullick,0.8142407821408729,0.62103885,0.47500000000000003,0,0,14,0.3333333333333333,0.94,0,0,1,0.88654673
malik sarif,sarif mallik,1,malik sarif,sarif mallik,malik sarif,sarif mallik,0.8080222822155989,0.6103433,0.6237373737373737,0,0,7,0.3333333333333333,0.96,0,0,1,0.7758918
rai abhishek,abhishek ray,1,rai abhishek,abhishek ray,rai abhishek,abhishek ray,0.780961563327204,0.7105521,0.6851851851851851,0,0,8,0.3333333333333333,0.92,0,0,1,0.68036157
mondal aninda,ananda mondal,1,mondal aninda,ananda mondal,mondal aninda,ananda mondal,0.7135139596935733,0.6452277,0.7207977207977208,0,0,8,0.3333333333333333,0.92,1,0,1,0.6615152
banerjee devmalya,debmalya bannerjee,1,banerjee devmalya,debmalya bannerjee,banerjee devmalya,debmalya bannerjee,0.5200979730876057,0.5534977,0.5133442265795206,0,0,17,0.0,0.91,1,0,1,0.81412446
debnath rajib,rajiv debnath,1,debnath rajib,rajiv debnath,debnath rajib,rajiv debnath,0.7416085147380567,0.87624514,0.4551282051282051,0,0,12,0.3333333333333333,0.92,0,0,1,0.7301133
biswas saranya,sharanya biswas,1,biswas saranya,sharanya biswas,biswas saranya,sharanya biswas,0.8815394095234678,0.6826576,0.6936507936507935,0,0,13,0.3333333333333333,0.97,1,0,1,0.88654673
biswas samarendra,samirendra biswas,1,biswas samarendra,samirendra biswas,biswas samarendra,samirendra biswas,0.7110397531925613,0.69259363,0.6892911010558068,0,0,15,0.3333333333333333,0.94,1,0,1,0.8841986
datta soumabha,soumabha dutta,1,datta soumabha,soumabha dutta,datta soumabha,soumabha dutta,0.7825334217007693,0.7834239,0.6761904761904761,0,0,12,0.3333333333333333,0.93,1,0,1,0.7413408
detta debashish,debasish dutta,1,detta debashish,debasish dutta,detta debashish,debasish dutta,0.5294155325191409,0.7319727,0.6365079365079365,0,0,12,0.0,0.9,1,0,1,0.8140986
biswas chandana,chandan biswas,1,biswas chandana,chandan biswas,biswas chandana,chandan biswas,0.8982528264475342,0.7749353,0.4984126984126984,0,0,13,0.3333333333333333,0.97,0,0,1,0.88654673
poddar gopal,g poddar,1,poddar gopal,g poddar,poddar gopal,g poddar,0.7642298411434584,0.75813806,0.6765873015873017,0,0,8,0.3333333333333333,0.86,0,1,1,0.89895767
pati subhasish,p subhasish,1,pati subhasish,p subhasish,pati subhasish,p subhasish,0.8573363444792622,0.68422925,0.8266233766233766,0,0,3,0.3333333333333333,0.9,0,1,1,0.89895767
mondal tamonash,tomonash mondal,1,mondal tamonash,tomonash mondal,mondal tamonash,tomonash mondal,0.7202318525935579,0.78912604,0.6222222222222222,0,0,10,0.3333333333333333,0.93,0,0,1,0.7413408
mandal jaydeb,jaydeb mondal,1,mandal jaydeb,jaydeb mondal,mandal jaydeb,jaydeb mondal,0.8354064956177101,0.5280762,0.5230769230769231,0,0,9,0.3333333333333333,0.92,0,0,1,0.7301133
majumder anik kumar,k majumder,1,majumder anik kumar,k majumder,majumder anik kumar,k majumder,0.8219448665662028,0.7234416,0.6430799220272905,0,0,13,0.25,0.89,0,1,1,0.89895767
ray kalipada,kalipada roy,1,ray kalipada,kalipada roy,ray kalipada,kalipada roy,0.802541655200583,0.6749694,0.6851851851851851,0,0,8,0.3333333333333333,0.92,1,0,1,0.68036157
mandal shanti ranjan,shanti ranjan mondal,1,mandal shanti ranjan,shanti ranjan mondal,mandal shanti ranjan,shanti ranjan mondal,0.8286772601577186,0.6549001,0.7208333333333333,0,0,14,0.5,0.95,1,0,1,0.88654673
ray supratik,supratik roy,1,ray supratik,supratik roy,ray supratik,supratik roy,0.7821080933745123,0.6280122,0.7222222222222223,0,0,8,0.3333333333333333,0.92,0,0,1,0.6747026
tribedi saurabh,s tribedi,1,tribedi saurabh,s tribedi,tribedi saurabh,s tribedi,0.7799894704035776,0.71304166,0.6407407407407407,0,0,10,0.3333333333333333,0.88,1,1,1,0.89895767
mandal amit baran,amit baran mondal,1,mandal amit baran,amit baran mondal,mandal amit baran,amit baran mondal,0.7962149336035157,0.616006,0.7394957983193278,0,0,14,0.5,0.94,0,0,1,0.8852473
ray parthajit,parthajit roy,1,ray parthajit,parthajit roy,ray parthajit,parthajit roy,0.7808123276050573,0.63662225,0.7128205128205128,0,0,8,0.3333333333333333,0.92,0,0,1,0.6747026
kar shibaji prosad,shibaji prasad kar,1,kar shibaji prosad,shibaji prasad kar,kar shibaji prosad,shibaji prasad kar,0.7394443904092606,0.71791816,0.7592592592592592,0,0,9,0.5,0.94,1,0,1,0.88654673
samajdar shampa,sampa samajder,1,samajdar shampa,sampa samajder,samajdar shampa,sampa samajder,0.6430820960516458,0.8102013,0.8616666666666666,0,0,10,0.0,0.9,1,0,1,0.85558856
bhattacharjee dulal,d bhattacharjee,1,bhattacharjee dulal,d bhattacharjee,bhattacharjee dulal,d bhattacharjee,0.8077616249543849,0.876006,0.8502923976608187,0,0,8,0.3333333333333333,0.93,0,1,1,0.8988725
chakraborti prabir kumar,prabir kumar chakroborty,1,chakraborti prabir kumar,prabir kumar chakroborty,chakraborti prabir kumar,prabir kumar chakroborty,0.6347085829251078,0.876444,0.6527777777777778,0,0,20,0.5,0.92,0,0,1,0.56464946
ghatak soumya,s ghatak,1,ghatak soumya,s ghatak,ghatak soumya,s ghatak,0.710336091131899,0.6905327,0.6616300366300366,0,0,9,0.3333333333333333,0.86,0,1,1,0.89895767
mishra suman,s mishra,1,mishra suman,s mishra,mishra suman,s mishra,0.7434032696028832,0.7816441,0.7222222222222222,0,0,8,0.3333333333333333,0.86,1,1,1,0.89895767
majumder asutosh,asutosh mazumder,1,majumder asutosh,asutosh mazumder,majumder asutosh,asutosh mazumder,0.7224625356780442,0.71058095,0.5773809523809524,0,0,12,0.3333333333333333,0.94,0,0,1,0.88654673
ray biswarup,biswarup roy,1,ray biswarup,biswarup roy,ray biswarup,biswarup roy,0.780547984338038,0.6675185,0.7222222222222223,0,0,8,0.3333333333333333,0.92,0,0,1,0.6747026
maitra sanat,s maitra,1,maitra sanat,s maitra,maitra sanat,s maitra,0.7570883163948636,0.7882116,0.6765873015873017,0,0,8,0.3333333333333333,0.86,1,1,1,0.89895767
ray biswajit,biswajit roy,1,ray biswajit,biswajit roy,ray biswajit,biswajit roy,0.7774525693691636,0.6931731,0.6851851851851851,0,0,8,0.3333333333333333,0.92,0,0,1,0.68036157
golam md moinuddin,m moinuddin,1,golam md moinuddin,m moinuddin,golam md moinuddin,m moinuddin,0.7739800170923353,0.7057058,0.7491582491582491,0,0,7,0.25,0.9,0,1,1,0.89895767
halder debapriyo,debapriyo haldar,1,halder debapriyo,debapriyo haldar,halder debapriyo,debapriyo haldar,0.8361062118506809,0.85248286,0.7211538461538461,0,0,14,0.3333333333333333,0.94,0,0,1,0.88654673
habib rahaman,h rahaman,1,habib rahaman,h rahaman,habib rahaman,h rahaman,0.6138225263026132,0.7540009,0.8076923076923077,0,0,4,0.3333333333333333,0.88,0,1,1,0.89895767
subiya jamil,s jamil,1,subiya jamil,s jamil,subiya jamil,s jamil,0.6321767586116751,0.6101902,0.7892857142857144,0,0,5,0.3333333333333333,0.83,0,1,1,0.89895767
das tripathi,d tripathi,1,das tripathi,d tripathi,das tripathi,d tripathi,0.8548674941318113,0.749756,0.86,0,0,2,0.3333333333333333,0.91,1,1,1,0.89880055
m hafizur rahman,m h rahman,1,m hafizur rahman,m h rahman,m hafizur rahman,m h rahman,0.5287262912890461,0.83206654,0.8658333333333332,0,0,6,0.5,0.89,0,1,1,0.8939444
sanoar rahaman,s rahaman,1,sanoar rahaman,s rahaman,sanoar rahaman,s rahaman,0.5683299186968458,0.7238202,0.7928571428571428,0,0,5,0.3333333333333333,0.88,0,1,1,0.89895767
md amir hossain,a hossain,1,md amir hossain,a hossain,md amir hossain,a hossain,0.7610429539154699,0.5946994,0.7555555555555555,0,0,6,0.25,0.88,0,1,1,0.89895767
barua promita,paromita barui,1,barua promita,paromita barui,barua promita,paromita barui,0.5524145414856193,0.6338595,0.7257742257742258,0,0,11,0.0,0.89,1,0,1,0.8316447
mondal atanu,atanu mandal,1,mondal atanu,atanu mandal,mondal atanu,atanu mandal,0.777901545740357,0.52266467,0.6111111111111112,0,0,11,0.3333333333333333,0.92,0,0,1,0.7301133
mazumder suchandra,suchandra majumder,1,mazumder suchandra,suchandra majumder,mazumder suchandra,suchandra majumder,0.6895731871722011,0.71813333,0.6195286195286195,0,0,16,0.3333333333333333,0.94,1,0,1,0.8468458
dutta snehangahu,snehangshu dutta,1,dutta snehangahu,snehangshu dutta,dutta snehangahu,snehangshu dutta,0.7304340700380184,0.8140084,0.6401515151515151,0,0,13,0.3333333333333333,0.94,1,0,1,0.88654673
bhowmick supriya,supriyo bhowmick,1,bhowmick supriya,supriyo bhowmick,bhowmick supriya,supriyo bhowmick,0.865124186345552,0.8648057,0.4166666666666667,0,0,14,0.3333333333333333,0.94,0,0,1,0.88654673
aktar hussain,akter hussin,1,aktar hussain,akter hussin,aktar hussain,akter hussin,0.52407495894464,0.5063572,0.9446581196581196,1,1,2,0.0,0.88,0,0,1,0.8426527
sahu mrityunjay,mrityunjoy saha,1,sahu mrityunjay,mrityunjoy saha,sahu mrityunjay,mrityunjoy saha,0.6931576763723266,0.7662224,0.6707070707070706,0,0,11,0.0,0.87,0,0,1,0.83958846
bahubalindra debansu,d bahubalindra,1,bahubalindra debansu,d bahubalindra,bahubalindra debansu,d bahubalindra,0.7781437119107163,0.8058841,0.7056776556776557,0,0,10,0.3333333333333333,0.92,1,1,1,0.89895767
poddar gautam,g poddar,1,poddar gautam,g poddar,poddar gautam,g poddar,0.7156315444581095,0.7664546,0.6616300366300366,0,0,9,0.3333333333333333,0.86,0,1,1,0.89895767
datta bhaskarjyoti,bhaskarjyoti dutta,1,datta bhaskarjyoti,bhaskarjyoti dutta,datta bhaskarjyoti,bhaskarjyoti dutta,0.8425632892247753,0.7941303,0.7555555555555555,0,0,12,0.3333333333333333,0.94,1,0,1,0.88654673
mandal krishnapada,krishnapada mondal,1,mandal krishnapada,krishnapada mondal,mandal krishnapada,krishnapada mondal,0.865288407005949,0.62604606,0.7333333333333334,0,0,14,0.3333333333333333,0.94,1,0,1,0.88654673
biswas joy,j biswas,1,biswas joy,j biswas,biswas joy,j biswas,0.7497190532291349,0.69018054,0.7833333333333333,0,0,6,0.3333333333333333,0.89,0,1,1,0.89895767
das gupta pranab,p das gupta,1,das gupta pranab,p das gupta,das gupta pranab,p das gupta,0.7219436002260486,0.881964,0.7443181818181818,0,0,9,0.5,0.9,1,1,1,0.89895767
mandal anurag,anurag mondal,1,mandal anurag,anurag mondal,mandal anurag,anurag mondal,0.8012412017129971,0.46336493,0.5854700854700855,0,0,9,0.3333333333333333,0.92,0,0,1,0.7301133
bhattacharyya debaroon,debaroon bhattacharya,1,bhattacharyya debaroon,debaroon bhattacharya,bhattacharyya debaroon,debaroon bhattacharya,0.8721875936696639,0.87613153,0.6838924963924965,0,0,19,0.3333333333333333,0.98,1,0,1,0.88654673
paul dipten,dipten pal,1,paul dipten,dipten pal,paul dipten,dipten pal,0.7999497220992008,0.64672875,0.5242424242424243,0,0,9,0.3333333333333333,0.95,0,0,1,0.88654673
md motior rahman,m rahman,1,md motior rahman,m rahman,md motior rahman,m rahman,0.5337487803044706,0.8184824,0.5791666666666667,0,0,8,0.25,0.86,0,1,1,0.8939444
modak souvik,s modak,1,modak souvik,s modak,modak souvik,s modak,0.6255702304939416,0.6255542,0.6190476190476191,0,0,9,0.3333333333333333,0.83,0,1,1,0.89895767
dash sabyasachi,sabyasachi das,1,dash sabyasachi,sabyasachi das,dash sabyasachi,sabyasachi das,0.9331673219256293,0.6750596,0.7778998778998779,0,0,9,0.3333333333333333,0.97,1,0,1,0.878585
mandal samarendra,samarendra mondal,1,mandal samarendra,samarendra mondal,mandal samarendra,samarendra mondal,0.8211498865685964,0.6428689,0.8104575163398692,0,0,13,0.3333333333333333,0.94,1,0,1,0.882302
halder pampa,p halder,1,halder pampa,p halder,halder pampa,p halder,0.6822066640763492,0.68871975,0.6765873015873017,0,0,8,0.3333333333333333,0.86,0,1,1,0.89895767
maity buddhadeb,budhadeb maity,1,maity buddhadeb,budhadeb maity,maity buddhadeb,budhadeb maity,0.8517424323758148,0.7305114,0.5603174603174603,0,0,13,0.3333333333333333,0.97,0,0,1,0.88654673
hossain kamal,kamal hussain,1,hossain kamal,kamal hussain,hossain kamal,kamal hussain,0.6454270173531235,0.6575033,0.4551282051282051,0,0,12,0.3333333333333333,0.92,0,0,1,0.56464946
bhattacharyya mom,m c bhattacharya,1,bhattacharyya mom,m c bhattacharya,bhattacharyya mom,m c bhattacharya,0.6309904416116628,0.6785392,0.7352941176470589,0,0,9,0.0,0.85,1,0,1,0.83828473
mandal susanta,sushanta mondal,1,mandal susanta,sushanta mondal,mandal susanta,sushanta mondal,0.55763377907776,0.43841654,0.5765873015873016,0,0,12,0.0,0.9,1,0,1,0.84058654
md hebjur rahaman,md h rahaman,1,md hebjur rahaman,md h rahaman,md hebjur rahaman,md h rahaman,0.5877148662435858,0.7822269,0.9245098039215687,0,0,5,0.5,0.91,0,1,1,0.89880055
adul islam,a islam,1,adul islam,a islam,adul islam,a islam,0.7139319791549225,0.6574461,0.8242857142857142,0,0,3,0.3333333333333333,0.83,0,1,1,0.89895767
s k nurul islam,s n islam,1,s k nurul islam,s n islam,s k nurul islam,s n islam,0.6600996851723191,0.70532143,0.8340740740740741,0,0,6,0.4,0.88,0,1,1,0.89895767
sen sushmita,sushmita s,1,sen sushmita,sushmita s,sen sushmita,sushmita s,0.8406116185583724,0.80745643,0.8300000000000001,0,0,6,0.3333333333333333,0.91,1,1,1,0.89895767
taneja atul,a taneja,1,taneja atul,a taneja,taneja atul,a taneja,0.7759630681142907,0.7228785,0.6942640692640693,0,0,7,0.3333333333333333,0.86,1,1,1,0.89895767
sweta malhotra,s malhotra,1,sweta malhotra,s malhotra,sweta malhotra,s malhotra,0.7797141799334463,0.7101324,0.7942857142857143,0,0,4,0.3333333333333333,0.89,1,1,1,0.89895767
parv sharma,p sharma,1,parv sharma,p sharma,parv sharma,p sharma,0.595193387065071,0.788172,0.8056818181818183,0,0,3,0.3333333333333333,0.86,1,1,1,0.89895767
lee joseph,l joseph,1,lee joseph,l joseph,lee joseph,l joseph,0.8135595523621776,0.75314176,0.865,1,1,2,0.3333333333333333,0.89,0,1,1,0.89880055
vishu bhasin,v bhasin,1,vishu bhasin,v bhasin,vishu bhasin,v bhasin,0.7171980067314359,0.72904897,0.825,0,0,4,0.3333333333333333,0.86,0,1,1,0.89895767
arun bhandari,a bhandari,1,arun bhandari,a bhandari,arun bhandari,a bhandari,0.7798699103295873,0.63752717,0.8707692307692307,0,0,3,0.3333333333333333,0.89,1,1,1,0.89880055
atul kapoor,a kapoor,1,atul kapoor,a kapoor,atul kapoor,a kapoor,0.7709599649138509,0.7554225,0.9181818181818182,0,0,3,0.3333333333333333,0.86,0,1,1,0.89880055
alok kumar yadav,k yadav,1,alok kumar yadav,k yadav,alok kumar yadav,k yadav,0.6472109390058721,0.7561663,0.5238095238095238,0,0,9,0.25,0.83,0,1,1,0.89895767
sumit chakraborty,s chakraborty,1,sumit chakraborty,s chakraborty,sumit chakraborty,s chakraborty,0.8310452826683967,0.82047534,0.814027149321267,0,0,4,0.3333333333333333,0.92,0,1,1,0.89895767
gaurav mathur,g mathur,1,gaurav mathur,g mathur,gaurav mathur,g mathur,0.6981886482498596,0.72575164,0.7721153846153846,0,0,5,0.3333333333333333,0.86,0,1,1,0.89895767
sumit khurana,s khurana,1,sumit khurana,s khurana,sumit khurana,s khurana,0.7473979574059463,0.76989293,0.841025641025641,0,0,4,0.3333333333333333,0.88,1,1,1,0.89895767
prashaant chaudhry,prashant kr chaudhary,1,prashaant chaudhry,prashant kr chaudhary,prashaant chaudhry,prashant kr chaudhary,0.5538802957354604,0.78621936,0.9492063492063492,0,1,5,0.0,0.87,0,0,1,0.84541065
ruby gupta,r gupta,1,ruby gupta,r gupta,ruby gupta,r gupta,0.5811612433361134,0.8042587,0.8671428571428571,0,0,3,0.3333333333333333,0.83,1,1,1,0.89880055
anip bansal,a bansal,1,anip bansal,a bansal,anip bansal,a bansal,0.7087781521534631,0.72717303,0.8431818181818183,0,0,3,0.3333333333333333,0.86,0,1,1,0.8989275
jones antony,antony j,1,jones antony,antony j,jones antony,antony j,0.6857014478465842,0.66167235,0.4444444444444444,0,0,8,0.3333333333333333,0.86,0,1,1,0.89895767
deep singh,d singh,1,deep singh,d singh,deep singh,d singh,0.6750771377454081,0.7788478,0.91,0,0,3,0.3333333333333333,0.83,0,1,1,0.89880055
ketan pandey,k pandey,1,ketan pandey,k pandey,ketan pandey,k pandey,0.6752899765231061,0.75954413,0.7875,0,0,4,0.3333333333333333,0.86,0,1,1,0.89895767
d radhika,radhika dua,1,d radhika,radhika dua,d radhika,radhika dua,0.7379238835641173,0.8280461,0.7053872053872053,0,0,6,0.3333333333333333,0.9,1,1,1,0.89895767
vrinda malhotra,v malhotra,1,vrinda malhotra,v malhotra,vrinda malhotra,v malhotra,0.7317145208442581,0.7355873,0.78,0,0,5,0.3333333333333333,0.89,1,1,1,0.89895767
sonal grover,s grover,1,sonal grover,s grover,sonal grover,s grover,0.7848965302243414,0.77203107,0.825,0,0,4,0.3333333333333333,0.86,0,1,1,0.89895767
mohd mohsin,m mohsin,1,mohd mohsin,m mohsin,mohd mohsin,m mohsin,0.8328546477541312,0.8473129,0.8431818181818183,0,0,3,0.3333333333333333,0.86,0,1,1,0.8989275
ashish kumar,ashish,1,ashish kumar,ashish,ashish kumar,ashish,0.8216212420964105,0.6037932,0.9,0,0,6,0.5,1.0,0,0,1,0.75421536
chetali k sharma,c k sharma,1,chetali k sharma,c k sharma,chetali k sharma,c k sharma,0.5309070443396225,0.74261427,0.7675000000000001,0,0,6,0.5,0.89,1,1,1,0.8939444
padmini das,padmini d,1,padmini das,padmini d,padmini das,padmini d,0.8705323025982521,0.7320051,0.9636363636363636,0,1,2,0.3333333333333333,0.9,1,1,1,0.89880055
bhuvan chanana,b chanana,1,bhuvan chanana,b chanana,bhuvan chanana,b chanana,0.6245873719090274,0.8373099,0.8261904761904761,0,0,5,0.3333333333333333,0.88,1,1,1,0.89895767
ritu agarwal,r agarwal,1,ritu agarwal,r agarwal,ritu agarwal,r agarwal,0.7198894989833984,0.79069424,0.9249999999999999,0,0,3,0.3333333333333333,0.88,0,1,1,0.89880055
amit kumar dubey,a dubey,1,amit kumar dubey,a dubey,amit kumar dubey,a dubey,0.7476046801383684,0.5641023,0.5386904761904762,0,0,9,0.25,0.83,0,1,1,0.89895767
kumar anupam,anupam,1,kumar anupam,anupam,kumar anupam,anupam,0.8810458037236435,0.69215596,0.5833333333333334,0,0,6,0.5,1.0,0,0,1,0.82542205
bharat chauhan,b chauhan,1,bharat chauhan,b chauhan,bharat chauhan,b chauhan,0.7509509032626333,0.7899866,0.7928571428571428,0,0,5,0.3333333333333333,0.88,0,1,1,0.89895767
mohit jhamb,m jhamb,1,mohit jhamb,m jhamb,mohit jhamb,m jhamb,0.7741605649671798,0.7594174,0.848051948051948,0,0,4,0.3333333333333333,0.83,0,1,1,0.8989275
rahul krishnamoorthi,krishnamoorthy r,1,rahul krishnamoorthi,krishnamoorthy r,rahul krishnamoorthi,krishnamoorthy r,0.7638558582250055,0.70914096,0.7402777777777777,0,0,9,0.0,0.83,0,0,1,0.83794796
ani tiwari,a tiwari,1,ani tiwari,a tiwari,ani tiwari,a tiwari,0.8778585846936297,0.8115202,0.8274999999999999,0,0,2,0.3333333333333333,0.89,1,1,1,0.89895767
neemu hage,neemu h,1,neemu hage,neemu h,neemu hage,neemu h,0.75016593829284,0.8123449,0.9400000000000001,0,0,3,0.3333333333333333,0.83,0,1,1,0.89880055
swathy a s,aswathy,1,swathy a s,aswathy,swathy a s,aswathy,0.7205775633607024,0.3348924,0.7571428571428571,0,0,5,0.0,0.82,0,0,1,0.84685117
kumar sagar,sagar,1,kumar sagar,sagar,kumar sagar,sagar,0.8391889858154682,0.6955564,0.5131313131313131,0,0,6,0.5,1.0,0,0,1,0.82542205
avinash sai,s avinash,1,avinash sai,s avinash,avinash sai,s avinash,0.8400185118832398,0.7646489,0.8047138047138048,0,0,6,0.3333333333333333,0.9,0,1,1,0.89895767
akshira adhlakha,akshara adhlikha,1,akshira adhlakha,akshara adhlikha,akshira adhlakha,akshara adhlikha,0.5308521998714745,0.8340596,0.9216666666666666,1,1,2,0.0,0.88,1,0,1,0.8579599
anil kumar gupta,anil k gupta,1,anil kumar gupta,anil k gupta,anil kumar gupta,anil k gupta,0.8700364974996437,0.91225684,0.9,0,1,4,0.5,0.91,1,1,1,0.89880055
s gayathri,gayathri soni,1,s gayathri,gayathri soni,s gayathri,gayathri soni,0.8354000742079024,0.75185084,0.8051282051282053,0,0,7,0.3333333333333333,0.89,1,1,1,0.89895767
s j vikas,vikas j sethi,1,s j vikas,vikas j sethi,s j vikas,vikas j sethi,0.714725716554041,0.7693754,0.7492877492877493,0,0,9,0.5,0.88,0,1,1,0.89895767
prekshi,preksha,1,prekshi,preksha,prekshi,preksha,0.8345120560749634,0.6419611,0.9428571428571428,1,1,1,0.0,0.86,1,0,1,0.88466895
rahul kathuria,r kathuria,1,rahul kathuria,r kathuria,rahul kathuria,r kathuria,0.8151401914939788,0.72827196,0.7942857142857143,0,0,4,0.3333333333333333,0.89,1,1,1,0.89895767
naman srivastava,a n srivastav,1,naman srivastava,a n srivastav,naman srivastava,a n srivastav,0.7033876686007542,0.7263984,0.7521367521367521,0,0,4,0.0,0.83,0,0,1,0.8554133
sakeel,shakeel,1,sakeel,shakeel,sakeel,shakeel,0.6964043952207913,0.4981171,0.9571428571428572,0,1,1,0.0,0.92,0,0,1,0.88466895
himank maheshwari,h maheshwari,1,himank maheshwari,h maheshwari,himank maheshwari,h maheshwari,0.716412167433272,0.7812917,0.8117647058823529,0,0,5,0.3333333333333333,0.91,1,1,1,0.89895767
bhanu gupta,b gupta,1,bhanu gupta,b gupta,bhanu gupta,b gupta,0.6796671829345355,0.9063493,0.7623376623376624,0,0,4,0.3333333333333333,0.83,1,1,1,0.89895767
chetan ray,chetan r,1,chetan ray,chetan r,chetan ray,chetan r,0.8319755278478499,0.75705063,0.96,1,1,2,0.3333333333333333,0.89,0,1,1,0.89880055
madhumita p,madhumita palanisyami,1,madhumita p,madhumita palanisyami,madhumita p,madhumita palanisyami,0.6303814711426411,0.78552306,0.9047619047619048,0,1,10,0.3333333333333333,0.9,1,1,1,0.89880055
kumar mihir,mihir,1,kumar mihir,mihir,kumar mihir,mihir,0.903468403948019,0.71458787,0.5131313131313131,0,0,6,0.5,1.0,0,0,1,0.8251623
milind kumar,milind,1,milind kumar,milind,milind kumar,milind,0.8886252317044705,0.629063,0.9,0,1,6,0.5,1.0,0,0,1,0.73768944
k upasana,upasana kujur,1,k upasana,upasana kujur,k upasana,upasana kujur,0.6495783028080284,0.8072822,0.772079772079772,0,0,8,0.3333333333333333,0.88,1,1,1,0.89895767
dhiraj saikia,d saikia,1,dhiraj saikia,d saikia,dhiraj saikia,d saikia,0.7445841645854797,0.7193887,0.7721153846153846,0,0,5,0.3333333333333333,0.86,1,1,1,0.89895767
nishant soni,nishanth s,1,nishant soni,nishanth s,nishant soni,nishanth s,0.5762141674087986,0.70976377,0.9299999999999999,0,1,4,0.0,0.82,0,0,1,0.8712664
samir malik,s malik,1,samir malik,s malik,samir malik,s malik,0.6836036930457017,0.7481631,0.8051948051948052,0,0,4,0.3333333333333333,0.83,0,1,1,0.89895767
moumita ghosh,m ghosh,1,moumita ghosh,m ghosh,moumita ghosh,m ghosh,0.5941957177298225,0.7126187,0.553113553113553,0,0,6,0.3333333333333333,0.83,0,1,1,0.89895767
varun swami,v swami,1,varun swami,v swami,varun swami,v swami,0.6968435420901553,0.7186196,0.8051948051948052,0,0,4,0.3333333333333333,0.83,1,1,1,0.89895767
ankur n gupta,a n gupta,1,ankur n gupta,a n gupta,ankur n gupta,a n gupta,0.6554691572261072,0.84644127,0.841025641025641,0,0,4,0.5,0.88,1,1,1,0.89895767
bhanu mittal,b mittal,1,bhanu mittal,b mittal,bhanu mittal,b mittal,0.760052786420871,0.782248,0.825,0,0,4,0.3333333333333333,0.86,0,1,1,0.89895767
bloom chadha,b chadha,1,bloom chadha,b chadha,bloom chadha,b chadha,0.5326819540194513,0.6570564,0.8999999999999999,0,0,4,0.3333333333333333,0.86,1,1,1,0.8939444
sahil bhagat,s bhagat,1,sahil bhagat,s bhagat,sahil bhagat,s bhagat,0.7202790672941801,0.780815,0.7875,0,0,4,0.3333333333333333,0.86,0,1,1,0.89895767
savi sharma,s sharma,1,savi sharma,s sharma,savi sharma,s sharma,0.656132291726918,0.83513165,0.8056818181818183,0,0,3,0.3333333333333333,0.86,1,1,1,0.89895767
anil chauhan,a chauhan,1,anil chauhan,a chauhan,anil chauhan,a chauhan,0.8139743070103193,0.63710564,0.9249999999999999,0,0,3,0.3333333333333333,0.88,0,1,1,0.89880055
swena kapoor,s kapoor,1,swena kapoor,s kapoor,swena kapoor,s kapoor,0.7142868562994223,0.7079987,0.8625,0,0,4,0.3333333333333333,0.86,0,1,1,0.89880055
puneet kumar rastogi,p rastogi,1,puneet kumar rastogi,p rastogi,puneet kumar rastogi,p rastogi,0.7005681027170216,0.6703707,0.5351851851851852,0,0,11,0.25,0.88,1,1,1,0.89895767
swati agarwal,s agarwal,1,swati agarwal,s agarwal,swati agarwal,s agarwal,0.7431716640875504,0.77363276,0.841025641025641,0,0,4,0.3333333333333333,0.88,0,1,1,0.89895767
sneha goswami,s goswami,1,sneha goswami,s goswami,sneha goswami,s goswami,0.7528605790618941,0.8512319,0.8076923076923077,0,0,4,0.3333333333333333,0.88,1,1,1,0.89895767
suraj pathak,s pathak,1,suraj pathak,s pathak,suraj pathak,s pathak,0.7025508291958987,0.6645721,0.7875,0,0,4,0.3333333333333333,0.86,0,1,1,0.89895767
priyanka patil,priyank patel,1,priyanka patil,priyank patel,priyanka patil,priyank patel,0.59562129149035,0.5965328,0.9393772893772894,1,1,2,0.0,0.89,0,0,1,0.88466895
anusuya ghosh,a ghosh,1,anusuya ghosh,a ghosh,anusuya ghosh,a ghosh,0.5569398296054543,0.7361498,0.553113553113553,0,0,6,0.3333333333333333,0.83,0,1,1,0.89855313
prakash kumar,k prakash,1,prakash kumar,k prakash,prakash kumar,k prakash,0.8223023815752025,0.81175303,0.6680911680911681,0,0,8,0.3333333333333333,0.88,0,1,1,0.89895767
sajad basheer,s basheer,1,sajad basheer,s basheer,sajad basheer,s basheer,0.7075853427645158,0.5998093,0.8743589743589743,0,0,4,0.3333333333333333,0.88,0,1,1,0.89880055
renu verma,r verma,1,renu verma,r verma,renu verma,r verma,0.6765765535988549,0.72964495,0.8671428571428571,0,0,3,0.3333333333333333,0.83,1,1,1,0.89880055
maheshwari miss archana,archna maheshwari,1,maheshwari archana,archna maheshwari,maheshwari archana,archna maheshwari,0.8032882057103623,0.9331565,0.7496732026143791,0,0,14,0.3333333333333333,0.97,1,0,1,0.88654673
jalaly tariq,tarik jalali,1,jalaly tariq,tarik jalali,jalaly tariq,tarik jalali,0.532576725901737,0.79545295,0.6111111111111112,0,0,10,0.0,0.83,0,0,1,0.84986895
agrawal gaurav,gourav agrawal,1,agrawal gaurav,gourav agrawal,agrawal gaurav,gourav agrawal,0.7272383287691766,0.87677884,0.6507936507936508,0,0,10,0.3333333333333333,0.93,0,0,1,0.7413408
shrivastava miss anjali,anjali shrivastav,1,shrivastava anjali,anjali shrivastav,shrivastava anjali,anjali shrivastav,0.9039525301110141,0.9033154,0.7242452536570184,0,0,15,0.3333333333333333,0.97,1,0,1,0.88654673
sharma anuradha miss,anuradha sarma,1,sharma anuradha,anuradha sarma,sharma anuradha,anuradha sarma,0.861918968516018,0.64081573,0.5994708994708995,0,0,11,0.3333333333333333,0.97,1,0,1,0.88654673
nema sanjay kumar,sanjay k nema,1,nema sanjay kumar,sanjay k nema,nema sanjay kumar,sanjay k nema,0.9021094789521095,0.9137751,0.737430869783811,0,0,9,0.5,0.92,1,1,1,0.89895767
tiwari ku ritu,r k tiwari,1,tiwari ku ritu,r k tiwari,tiwari ku ritu,r k tiwari,0.6609097651218951,0.7997582,0.7714285714285715,0,0,11,0.2,0.83,1,1,1,0.8983663
shukla jyoti,jeoti shukla,1,shukla jyoti,jeoti shukla,shukla jyoti,jeoti shukla,0.6854404639592546,0.8331666,0.3888888888888889,0,0,12,0.3333333333333333,0.92,1,0,1,0.56464946
kekre vandana,vandna kekre,1,kekre vandana,vandna kekre,kekre vandana,vandna kekre,0.7480896707624354,0.69774246,0.46709401709401704,0,0,13,0.3333333333333333,0.96,1,0,1,0.88654673
khare mrs shail,shaily khare,1,khare shail,shaily khare,khare shail,shaily khare,0.7275297096880785,0.84753454,0.6237373737373737,0,0,7,0.3333333333333333,0.96,0,0,1,0.77938443
dewan shant kumar,k dewan,1,dewan shant kumar,k dewan,dewan shant kumar,k dewan,0.7529672756886194,0.7474835,0.5700280112044818,0,0,14,0.25,0.83,0,1,1,0.89895767
agarwal miss sonal,sonali agarwal,1,agarwal sonal,sonali agarwal,agarwal sonal,sonali agarwal,0.8822836680471408,0.8824929,0.5842490842490843,0,0,11,0.3333333333333333,0.96,0,0,1,0.88654673
gupta dilip kumar,d gupta,1,gupta dilip kumar,d gupta,gupta dilip kumar,d gupta,0.5585930500835519,0.7632732,0.6610644257703081,0,0,14,0.25,0.83,1,1,1,0.89855313
mishra ravi kumar,r mishra,1,mishra ravi kumar,r mishra,mishra ravi kumar,r mishra,0.7106197070370859,0.74339855,0.6568627450980392,0,0,13,0.25,0.86,1,1,1,0.89895767
prajapati ajay kumar,a k prajapati,1,prajapati ajay kumar,a k prajapati,prajapati ajay kumar,a k prajapati,0.7812392167391705,0.7467404,0.6775058275058274,0,0,15,0.2,0.82,1,1,1,0.8983663
ganguli amit,amit ganguly,1,ganguli amit,amit ganguly,ganguli amit,amit ganguly,0.7197416937383659,0.7830687,0.6851851851851851,0,0,11,0.3333333333333333,0.92,0,0,1,0.7301133
gattani mrs shruti,s gattani,1,gattani shruti,s gattani,gattani shruti,s gattani,0.7219711491089653,0.76903296,0.6951058201058201,0,0,9,0.3333333333333333,0.88,1,1,1,0.89895767
panwar ashok kumar,k panwar,1,panwar ashok kumar,k panwar,panwar ashok kumar,k panwar,0.713924753105797,0.6489017,0.6117724867724867,0,0,14,0.25,0.86,0,1,1,0.89895767
goyal miss mani,m goyal,1,goyal mani,m goyal,goyal mani,m goyal,0.8495688697102358,0.7043621,0.6523809523809524,0,0,7,0.3333333333333333,0.83,0,1,1,0.89895767
raghuwanshi shiv kumar,s raghuwanshi,1,raghuwanshi shiv kumar,s raghuwanshi,raghuwanshi shiv kumar,s raghuwanshi,0.8469194074462414,0.73776734,0.7097902097902097,0,0,13,0.25,0.92,1,1,1,0.89895767
singh ku ritu,r k singh,1,singh ku ritu,r k singh,singh ku ritu,r k singh,0.5153880960392379,0.7920754,0.6680911680911681,0,0,10,0.2,0.82,0,1,1,0.8934219
chandra vimal,v chandra,1,chandra vimal,v chandra,chandra vimal,v chandra,0.6081828806820716,0.86449534,0.772079772079772,0,0,8,0.3333333333333333,0.88,1,1,1,0.89895767
meshram shyam,s meshram,1,meshram shyam,s meshram,meshram shyam,s meshram,0.7704308054467013,0.7515881,0.6680911680911681,0,0,7,0.3333333333333333,0.88,0,1,1,0.89895767
anas qureshi,a qureshi,1,anas qureshi,a qureshi,anas qureshi,a qureshi,0.8331592383362854,0.75458634,0.825,0,0,3,0.3333333333333333,0.88,1,1,1,0.89895767
patil rajesh,rajesh patel,1,patil rajesh,rajesh patel,patil rajesh,rajesh patel,0.6365912680580508,0.58600664,0.5555555555555555,0,0,9,0.3333333333333333,0.92,0,0,1,0.56464946
mandal ramu,r mandal,1,mandal ramu,r mandal,mandal ramu,r mandal,0.6653168888881653,0.7821685,0.7651515151515151,0,0,7,0.3333333333333333,0.86,0,1,1,0.89895767
irum sheikh,i sheikh,1,irum sheikh,i sheikh,irum sheikh,i sheikh,0.7494624171506082,0.6768824,0.9181818181818182,0,0,3,0.3333333333333333,0.86,0,1,1,0.89880055
sharma miss sadhana,sadhna sharma,1,sharma sadhana,sadhna sharma,sharma sadhana,sadhna sharma,0.6847064784981314,0.8760535,0.7338827838827839,0,0,8,0.3333333333333333,0.96,1,0,1,0.820555
pandey shiv kumar,s pandey,1,pandey shiv kumar,s pandey,pandey shiv kumar,s pandey,0.6737659515811854,0.6253545,0.6568627450980392,0,0,13,0.25,0.86,0,1,1,0.89895767
adhikari sachin,s adhikari,1,adhikari sachin,s adhikari,adhikari sachin,s adhikari,0.7524273379172146,0.71916413,0.7777777777777778,0,0,9,0.3333333333333333,0.89,1,1,1,0.89895767
kushwah sudarshan,sudarshan k,1,kushwah sudarshan,sudarshan k,kushwah sudarshan,sudarshan k,0.6828617183387179,0.85148084,0.5398523045581869,0,0,10,0.3333333333333333,0.9,0,1,1,0.89895767
shrivastava uma,u c shrivastav,1,shrivastava uma,u c shrivastav,shrivastava uma,u c shrivastav,0.7252602156992318,0.6257235,0.7936507936507936,0,0,9,0.0,0.83,0,0,1,0.8350604
verma hira miss,h verma,1,verma hira,h verma,verma hira,h verma,0.6981575841331837,0.7492073,0.6523809523809524,0,0,7,0.3333333333333333,0.83,1,1,1,0.89895767
dubey ku alka,a k dubey,1,dubey ku alka,a k dubey,dubey ku alka,a k dubey,0.6897920289553832,0.7305132,0.6680911680911681,0,0,11,0.2,0.82,0,1,1,0.8983663
shrivastava miss abha,abhay shrivastava,1,shrivastava abha,abhay shrivastava,shrivastava abha,abhay shrivastava,0.8962702343042115,0.8862536,0.8066176470588236,0,0,11,0.3333333333333333,0.97,1,0,1,0.88405037
singhai raj,r singhai,1,singhai raj,r singhai,singhai raj,r singhai,0.8821376890920989,0.828161,0.8047138047138048,0,0,6,0.3333333333333333,0.9,1,1,1,0.89895767
chaturvedi bina kumar,b chaturvedi,1,chaturvedi bina kumar,b chaturvedi,chaturvedi bina kumar,b chaturvedi,0.8178868818859787,0.70755076,0.661976911976912,0,0,13,0.25,0.91,1,1,1,0.89895767
gupta miss chanchal,chanchala gupta,1,gupta chanchal,chanchala gupta,gupta chanchal,chanchala gupta,0.9086658787644812,0.9441118,0.6603174603174603,0,0,13,0.3333333333333333,0.97,1,0,1,0.88654673
mujumdar mrs padma,padma majumdar,1,mujumdar padma,padma majumdar,mujumdar padma,padma majumdar,0.7546901826232095,0.7472332,0.7380952380952381,0,0,11,0.3333333333333333,0.93,1,0,1,0.7363431
satwik thareja,s thareja,1,satwik thareja,s thareja,satwik thareja,s thareja,0.6378024527713682,0.78130573,0.7928571428571428,0,0,5,0.3333333333333333,0.88,1,1,1,0.89895767
thakur dilip,d thakur,1,thakur dilip,d thakur,thakur dilip,d thakur,0.6763562488891184,0.72730905,0.6765873015873017,0,0,8,0.3333333333333333,0.86,0,1,1,0.89895767
gupta sachin,shachin gupta,1,gupta sachin,shachin gupta,gupta sachin,shachin gupta,0.7393484042443939,0.6681446,0.5644078144078144,0,0,13,0.3333333333333333,0.96,1,0,1,0.88654673
shukla ku indu,i k shukla,1,shukla ku indu,i k shukla,shukla ku indu,i k shukla,0.6832405634486939,0.7778281,0.6994708994708995,0,0,12,0.2,0.83,1,1,1,0.8983663
sthapak rajeev kumar,r sthapak,1,sthapak rajeev kumar,r sthapak,sthapak rajeev kumar,r sthapak,0.7564596972942393,0.7354163,0.6685185185185185,0,0,15,0.25,0.88,0,1,1,0.89895767
chauhan anita miss,a chauhan,1,chauhan anita,a chauhan,chauhan anita,a chauhan,0.7791043450513051,0.58156854,0.6680911680911681,0,0,8,0.3333333333333333,0.88,0,1,1,0.89895767
goyal ashish,aashish goyal,1,goyal ashish,aashish goyal,goyal ashish,aashish goyal,0.8276340387560696,0.7498622,0.6356837606837606,0,0,11,0.3333333333333333,0.96,0,0,1,0.88654673
sharma ku anu,a k sharma,1,sharma ku anu,a k sharma,sharma ku anu,a k sharma,0.6035553309003571,0.7750065,0.752991452991453,0,0,11,0.2,0.87,1,1,1,0.8983663
shrivastava jyotsna miss,jyotsna shrivastava,1,shrivastava jyotsna,jyotsna shrivastava,shrivastava jyotsna,jyotsna shrivastava,1.0000000000000002,0.98159724,0.704093567251462,0,0,16,1.0,1.0,1,1,1,0.89895767
verma alok kumar,k verma,1,verma alok kumar,k verma,verma alok kumar,k verma,0.6235186761085639,0.7088639,0.5773809523809524,0,0,13,0.25,0.83,1,1,1,0.89895767
malhotra sunil,s malhotra,1,malhotra sunil,s malhotra,malhotra sunil,s malhotra,0.8367004724177269,0.7384473,0.7904761904761904,0,0,8,0.3333333333333333,0.89,1,1,1,0.89895767
chaturvedi miss deepa,d chaturvedi,1,chaturvedi deepa,d chaturvedi,chaturvedi deepa,d chaturvedi,0.852666538806121,0.77933854,0.8194444444444445,0,0,8,0.3333333333333333,0.91,1,1,1,0.89895767
ahirwar miss swati,s ahirwar,1,ahirwar swati,s ahirwar,ahirwar swati,s ahirwar,0.8191792682151061,0.740306,0.772079772079772,0,0,8,0.3333333333333333,0.88,0,1,1,0.89895767
choubey raghvendra,raghvendra chaubey,1,choubey raghvendra,raghvendra chaubey,choubey raghvendra,raghvendra chaubey,0.7683820571743448,0.8124465,0.660968660968661,0,0,15,0.3333333333333333,0.94,1,0,1,0.88654673
shrivastava ku ritu,r k shrivastav,1,shrivastava ku ritu,r k shrivastav,shrivastava ku ritu,r k shrivastav,0.6512504026154116,0.76886153,0.6367053998632946,0,0,13,0.0,0.85,0,0,1,0.83958846
singh raj kumar,r singh,1,singh raj kumar,r singh,singh raj kumar,r singh,0.6805307400732662,0.76332474,0.6793650793650793,0,0,12,0.25,0.83,0,1,1,0.89895767
patidar ravi,r patidar,1,patidar ravi,r patidar,patidar ravi,r patidar,0.8452532590206856,0.7652808,0.7870370370370371,0,0,7,0.3333333333333333,0.88,0,1,1,0.89895767
sangtani dinesh,d sangtani,1,sangtani dinesh,d sangtani,sangtani dinesh,d sangtani,0.7933481465730969,0.7983311,0.7777777777777778,0,0,9,0.3333333333333333,0.89,1,1,1,0.89895767
sayli nagraj,s nagraj,1,sayli nagraj,s nagraj,sayli nagraj,s nagraj,0.6172624627912222,0.6410603,0.7875,0,0,4,0.3333333333333333,0.86,0,1,1,0.89895767
pathak dilip,d pathak,1,pathak dilip,d pathak,pathak dilip,d pathak,0.6231124704855113,0.70085,0.6765873015873017,0,0,8,0.3333333333333333,0.86,0,1,1,0.89895767
gupta bina miss,b gupta,1,gupta bina,b gupta,gupta bina,b gupta,0.6910954303643998,0.8056957,0.6523809523809524,0,0,7,0.3333333333333333,0.83,1,1,1,0.89895767
yeotikar girish,girish yotikar,1,yeotikar girish,girish yotikar,yeotikar girish,girish yotikar,0.776229924518585,0.6777943,0.5994708994708995,0,0,13,0.3333333333333333,0.97,0,0,1,0.88654673
dewda jagdish chandra,jagdish channdra dewda,1,dewda jagdish chandra,jagdish channdra dewda,dewda jagdish chandra,jagdish channdra dewda,0.8723593122797307,0.7720479,0.7824485456064404,0,0,13,0.5,0.98,1,0,1,0.88405037
ketkar miss arati,a ketkar,1,ketkar arati,a ketkar,ketkar arati,a ketkar,0.8220205817685793,0.7539942,0.7222222222222222,0,0,8,0.3333333333333333,0.86,0,1,1,0.89895767
malpani miss garima,g malpani,1,malpani garima,g malpani,malpani garima,g malpani,0.721294868558418,0.8176544,0.6534391534391534,0,0,9,0.3333333333333333,0.88,1,1,1,0.89895767
choudhary sourabh,saurabh choudhary,1,choudhary sourabh,saurabh choudhary,choudhary sourabh,saurabh choudhary,0.7673879857020165,0.6936988,0.6737967914438503,0,0,13,0.3333333333333333,0.94,0,0,1,0.88654673
paliwal ashok kumar,k paliwal,1,paliwal ashok kumar,k paliwal,paliwal ashok kumar,k paliwal,0.7505854050589131,0.7071264,0.6033138401559454,0,0,14,0.25,0.88,0,1,1,0.89895767
sing prabhu,s prabhu,1,sing prabhu,s prabhu,sing prabhu,s prabhu,0.7651738010220129,0.7929543,0.9181818181818182,0,0,3,0.3333333333333333,0.86,0,1,1,0.89880055
wadhwa miss pomila,p wadhwa,1,wadhwa pomila,p wadhwa,wadhwa pomila,p wadhwa,0.6845844626564682,0.82561314,0.6616300366300366,0,0,9,0.3333333333333333,0.86,1,1,1,0.89895767
gupta ku ritu,r k gupta,1,gupta ku ritu,r k gupta,gupta ku ritu,r k gupta,0.5703801261299271,0.8496649,0.6680911680911681,0,0,10,0.2,0.82,1,1,1,0.8983663
agrawal sonu,s agrawal,1,agrawal sonu,s agrawal,agrawal sonu,s agrawal,0.7457855879322305,0.8204521,0.7870370370370371,0,0,7,0.3333333333333333,0.88,0,1,1,0.89895767
sumit kumar kushwaha,s kushwaha,1,sumit kumar kushwaha,s kushwaha,sumit kumar kushwaha,s kushwaha,0.7513090494321413,0.6269022,0.6357142857142857,0,0,10,0.25,0.89,1,1,1,0.89895767
shrivastava anita,anitya srivastava,1,shrivastava anita,anitya srivastava,shrivastava anita,anitya srivastava,0.6712458094615809,0.6592127,0.8104575163398692,0,0,13,0.0,0.94,1,0,1,0.88721395
sharma mrs uma,u sharma,1,sharma uma,u sharma,sharma uma,u sharma,0.733892985206351,0.71596354,0.7833333333333333,0,0,6,0.3333333333333333,0.89,1,1,1,0.89895767
agrawal viya kumar,v agrawal,1,agrawal viya kumar,v agrawal,agrawal viya kumar,v agrawal,0.7016829119538449,0.7580006,0.6851851851851851,0,0,13,0.25,0.88,0,1,1,0.89895767
dadarya brajesh,brijesh dadariya,1,dadarya brajesh,brijesh dadariya,dadarya brajesh,brijesh dadariya,0.5200307317612537,0.64304155,0.539484126984127,0,0,14,0.0,0.9,1,0,1,0.81263393
dawar miss maya,m dawar,1,dawar maya,m dawar,dawar maya,m dawar,0.7649100764080476,0.6950996,0.6523809523809524,0,0,7,0.3333333333333333,0.83,0,1,1,0.89895767
sharma miss benu,b sharma,1,sharma benu,b sharma,sharma benu,b sharma,0.5717033506845014,0.8487033,0.7651515151515151,0,0,7,0.3333333333333333,0.86,1,1,1,0.89895767
somani aalok,alok somani,1,somani aalok,alok somani,somani aalok,alok somani,0.7910007641839719,0.7299304,0.7079124579124579,0,0,11,0.3333333333333333,0.96,1,0,1,0.88654673
chandravanshi meenal,m chandravanshi,1,chandravanshi meenal,m chandravanshi,chandravanshi meenal,m chandravanshi,0.7871727786058227,0.81022084,0.8388888888888889,0,0,9,0.3333333333333333,0.93,1,1,1,0.89895767
bais nitesh kumar,nitesh k bais,1,bais nitesh kumar,nitesh k bais,bais nitesh kumar,nitesh k bais,0.9119847955610347,0.81490606,0.7096530920060332,0,0,9,0.5,0.92,0,1,1,0.89895767
raj singh,r singh,1,raj singh,r singh,raj singh,r singh,0.7877651752151441,0.8112426,0.9333333333333333,0,0,2,0.3333333333333333,0.88,0,1,1,0.89880055
pandey sunil kumar,s pandey,1,pandey sunil kumar,s pandey,pandey sunil kumar,s pandey,0.6634186493076576,0.54892683,0.6481481481481481,0,0,14,0.25,0.86,0,1,1,0.89895767
shrivastava miss sonal,sonal shrivastva,1,shrivastava sonal,sonal shrivastva,shrivastava sonal,sonal shrivastva,0.7356204509028098,0.9249145,0.7577771493212669,0,0,12,0.3333333333333333,0.97,1,0,1,0.88654673
bagrecha ku smita,k bagrecha,1,bagrecha ku smita,k bagrecha,bagrecha ku smita,k bagrecha,0.8024102039188017,0.79345,0.6616557734204793,0,0,11,0.25,0.89,1,1,1,0.89895767
verma ashok kumar,k verma,1,verma ashok kumar,k verma,verma ashok kumar,k verma,0.6428913946209474,0.55242753,0.5700280112044818,0,0,14,0.25,0.83,1,1,1,0.89895767
pauranik mrs neerja,neerja puranik,1,pauranik neerja,neerja puranik,pauranik neerja,neerja puranik,0.8018319241786644,0.8517372,0.626984126984127,0,0,14,0.3333333333333333,0.97,1,0,1,0.88654673
rajpoot sunil kumar,s rajpoot,1,rajpoot sunil kumar,s rajpoot,rajpoot sunil kumar,s rajpoot,0.8067085917309796,0.7189045,0.6764132553606238,0,0,14,0.25,0.88,0,1,1,0.89895767
gupta bena miss,b gupta,1,gupta bena,b gupta,gupta bena,b gupta,0.65578037437695,0.8712666,0.6523809523809524,0,0,7,0.3333333333333333,0.83,1,1,1,0.89895767
sharma ku manu,m k sharma,1,sharma ku manu,m k sharma,sharma ku manu,m k sharma,0.5779147973147167,0.76274496,0.7380952380952381,0,0,11,0.2,0.83,1,1,1,0.8983663
pappu gurjar,p gurjar,1,pappu gurjar,p gurjar,pappu gurjar,p gurjar,0.6809263001401745,0.81964064,0.7875,0,0,4,0.3333333333333333,0.86,0,1,1,0.89895767
ochani rabinder s,r s ochani,1,ochani rabinder s,r s ochani,ochani rabinder s,r s ochani,0.6868316685426898,0.77714944,0.5901960784313726,0,0,15,0.5,0.89,1,1,1,0.89895767
sethi ajay,a sethi,1,sethi ajay,a sethi,sethi ajay,a sethi,0.7605478362558544,0.71984255,0.6523809523809524,0,0,7,0.3333333333333333,0.83,1,1,1,0.89895767
garg vijay kumar,vijay k garg,1,garg vijay kumar,vijay k garg,garg vijay kumar,vijay k garg,0.8897335078404205,0.85228115,0.716540404040404,0,0,8,0.5,0.91,0,1,1,0.89895767
dubey grish,g dubey,1,dubey grish,g dubey,dubey grish,g dubey,0.7132302356136527,0.759711,0.6341991341991342,0,0,8,0.3333333333333333,0.83,0,1,1,0.89895767
hussain azhar,a hussain,1,hussain azhar,a hussain,hussain azhar,a hussain,0.731695550523567,0.7662936,0.7097578347578347,0,0,8,0.3333333333333333,0.88,0,1,1,0.89895767
dhingra kumar,k dhingra,1,dhingra kumar,k dhingra,dhingra kumar,k dhingra,0.8948957141451174,0.75971484,0.772079772079772,0,0,8,0.3333333333333333,0.88,1,1,1,0.89895767
nigam gaurav,g nigam,1,nigam gaurav,g nigam,nigam gaurav,g nigam,0.6997894351969801,0.807899,0.7182539682539684,0,0,9,0.3333333333333333,0.83,0,1,1,0.89895767
patidar shanker,shankar patidar,1,patidar shanker,shankar patidar,patidar shanker,shankar patidar,0.7684644007929796,0.55806756,0.6,0,0,11,0.3333333333333333,0.93,0,0,1,0.7413408
jain sngeeta,sangeeta jain,1,jain sngeeta,sangeeta jain,jain sngeeta,sangeeta jain,0.8414553354707884,0.67114735,0.665954415954416,0,0,10,0.3333333333333333,0.96,1,0,1,0.88654673
chouhan miss swati,s chouhan,1,chouhan swati,s chouhan,chouhan swati,s chouhan,0.7754607592254767,0.7103176,0.772079772079772,0,0,8,0.3333333333333333,0.88,0,1,1,0.89895767
rao sunder d,s d rao,1,rao sunder d,s d rao,rao sunder d,s d rao,0.562147630551123,0.7276039,0.6190476190476191,0,0,9,0.5,0.83,0,1,1,0.89895767
verma ku asha,a k verma,1,verma ku asha,a k verma,verma ku asha,a k verma,0.6906068417922274,0.67262375,0.7492877492877493,0,0,9,0.2,0.82,1,1,1,0.8983663
bhardwaj vrind kumar,v bhardwaj,1,bhardwaj vrind kumar,v bhardwaj,bhardwaj vrind kumar,v bhardwaj,0.7024602485095434,0.6865504,0.6666666666666666,0,0,14,0.25,0.89,0,1,1,0.89895767
chouhan miss rashmi,rashami chouhan,1,chouhan rashmi,rashami chouhan,chouhan rashmi,rashami chouhan,0.780260474474803,0.90122813,0.5539682539682539,0,0,12,0.3333333333333333,0.97,1,0,1,0.88654673
dilip mishra,d mishra,1,dilip mishra,d mishra,dilip mishra,d mishra,0.635743577560794,0.7225667,0.8625,0,0,4,0.3333333333333333,0.86,1,1,1,0.89880055
shrivastava mrs priti,priti srivastava,1,shrivastava priti,priti srivastava,shrivastava priti,priti srivastava,0.8535739050300397,0.8897655,0.7328431372549019,0,0,13,0.3333333333333333,0.97,1,0,1,0.88654673
kumar shailesh,sailesh kumar,1,kumar shailesh,sailesh kumar,kumar shailesh,sailesh kumar,0.767393277853869,0.7020871,0.4472527472527473,0,0,12,0.3333333333333333,0.96,0,0,1,0.88654673
chaudhary sandip,sandip chaudhari,1,chaudhary sandip,sandip chaudhari,chaudhary sandip,sandip chaudhari,0.8692888411424232,0.907884,0.6944444444444445,0,0,14,0.3333333333333333,0.94,0,0,1,0.88654673
ubeja gurdeep singh,gurdeep s ubeja,1,ubeja gurdeep singh,gurdeep s ubeja,ubeja gurdeep singh,gurdeep s ubeja,0.9239359296977525,0.6648332,0.643859649122807,0,0,12,0.5,0.93,1,1,1,0.89895767
sad shri krishna,krishna sadh,1,sad krishna,krishna sadh,sad krishna,krishna sadh,0.7824042244648809,0.8709569,0.7808080808080807,0,0,9,0.3333333333333333,0.96,1,0,1,0.882302
gupta munish,monish gupta,1,gupta munish,monish gupta,gupta munish,monish gupta,0.5999525999067036,0.669333,0.4444444444444444,0,0,11,0.3333333333333333,0.92,1,0,1,0.56464946
aggarwal miss monika,monika agarwal,1,aggarwal monika,monika agarwal,aggarwal monika,monika agarwal,0.8232191831987552,0.90478325,0.6365079365079365,0,0,13,0.3333333333333333,0.97,1,0,1,0.88654673
kashyap miss arachana,archana kashyap,1,kashyap arachana,archana kashyap,kashyap arachana,archana kashyap,0.7285135735391539,0.7570329,0.6361111111111111,0,0,12,0.3333333333333333,0.97,1,0,1,0.88654673
verma anjneya kumar,anjneya k verma,1,verma anjneya kumar,anjneya k verma,verma anjneya kumar,anjneya k verma,0.9380139354068365,0.76281995,0.7472013366750208,0,0,11,0.5,0.93,1,1,1,0.89895767
agrawal miss chhavi,chavi agrawal,1,agrawal chhavi,chavi agrawal,agrawal chhavi,chavi agrawal,0.7916661606535863,0.8184086,0.6672771672771672,0,0,12,0.3333333333333333,0.96,1,0,1,0.88654673
dawani gharib,g dawani,1,dawani gharib,g dawani,dawani gharib,g dawani,0.6331682508757016,0.8620566,0.6616300366300366,0,0,9,0.3333333333333333,0.86,1,1,1,0.89895767
gupta ku moon,m k gupta,1,gupta ku moon,m k gupta,gupta ku moon,m k gupta,0.5618442359486095,0.6904781,0.6680911680911681,0,0,11,0.2,0.82,1,1,1,0.8983663
saluja ranbir singh,ranbeer singh saluja,1,saluja ranbir singh,ranbeer singh saluja,saluja ranbir singh,ranbeer singh saluja,0.7631438508363367,0.85531116,0.6694235588972429,0,0,16,0.5,0.92,1,0,1,0.7301133
choudhary prashant,prashant choudhari,1,choudhary prashant,prashant choudhari,choudhary prashant,prashant choudhari,0.870863313345191,0.85642415,0.5185185185185185,0,0,14,0.3333333333333333,0.94,0,0,1,0.88654673
chandurwala ku tabassum,tabassum chandurwala,1,chandurwala ku tabassum,tabassum chandurwala,chandurwala ku tabassum,tabassum chandurwala,0.9641220987877733,0.88393706,0.6451690821256039,0,0,18,0.6666666666666666,1.0,1,1,1,0.89895767
pal miss divya,divya p,1,pal divya,divya p,pal divya,divya p,0.8423424648022697,0.83835447,0.5026455026455027,0,0,6,0.3333333333333333,0.88,1,1,1,0.89895767
gupta shishir,shishir gupte,1,gupta shishir,shishir gupte,gupta shishir,shishir gupte,0.7831107709295211,0.5924696,0.3717948717948718,0,0,12,0.3333333333333333,0.92,0,0,1,0.7301133
thakur bhagwan singh,bhagwan s thakur,1,thakur bhagwan singh,bhagwan s thakur,thakur bhagwan singh,bhagwan s thakur,0.8970092860380037,0.86540127,0.6444444444444445,0,0,14,0.5,0.93,0,1,1,0.89895767
bansal archana miss,archna bansal,1,bansal archana,archna bansal,bansal archana,archna bansal,0.7624520210609991,0.932708,0.6318681318681318,0,0,11,0.3333333333333333,0.96,1,0,1,0.88654673
paliwal miss swati,s paliwal,1,paliwal swati,s paliwal,paliwal swati,s paliwal,0.7927951179726561,0.74192524,0.772079772079772,0,0,8,0.3333333333333333,0.88,0,1,1,0.89895767
datta rajesh,rajesh dutta,1,datta rajesh,rajesh dutta,datta rajesh,rajesh dutta,0.6193369742092056,0.7178179,0.5,0,0,11,0.3333333333333333,0.92,1,0,1,0.56464946
shukla surendra kumar,surendra k shukla,1,shukla surendra kumar,surendra k shukla,shukla surendra kumar,surendra k shukla,0.9246716022195809,0.76331055,0.7589915966386556,0,0,13,0.5,0.94,1,1,1,0.89895767
agrawal miss ankita,ankit agrawal,1,agrawal ankita,ankit agrawal,agrawal ankita,ankit agrawal,0.8851955238932679,0.9413337,0.6672771672771672,0,0,11,0.3333333333333333,0.96,0,0,1,0.88654673
shrivastava miss pooja,pooja shrivastav,1,shrivastava pooja,pooja shrivastav,shrivastava pooja,pooja shrivastav,0.9107314030452436,0.9274453,0.6797385620915034,0,0,13,0.3333333333333333,0.97,1,0,1,0.88654673
chaudhary arun kumar,a k chaudhary,1,chaudhary arun kumar,a k chaudhary,chaudhary arun kumar,a k chaudhary,0.7436050475223736,0.62777483,0.6472027972027972,0,0,15,0.2,0.82,0,1,1,0.89775467
dugaya satish kumar,s dugaya,1,dugaya satish kumar,s dugaya,dugaya satish kumar,s dugaya,0.7467184018586375,0.6766076,0.6820175438596491,0,0,15,0.25,0.86,1,1,1,0.89895767
diwaker arvind,arvind diwakar,1,diwaker arvind,arvind diwakar,diwaker arvind,arvind diwakar,0.7748449355618414,0.8136356,0.6137566137566138,0,0,14,0.3333333333333333,0.93,0,0,1,0.7413408
rao anita u m miss,u m rao,1,rao anita u m,u m rao,rao anita u m,u m rao,0.7103651339148745,0.7840742,0.4597069597069597,0,0,11,0.75,1.0,0,1,1,0.89895767
agrawal saurabh,sourabh agrawal,1,agrawal saurabh,sourabh agrawal,agrawal saurabh,sourabh agrawal,0.7555097349518164,0.8027897,0.5492063492063491,0,0,11,0.3333333333333333,0.93,0,0,1,0.7413408
shrivastava miss rachna,rachana shrivastava,1,shrivastava rachna,rachana shrivastava,shrivastava rachna,rachana shrivastava,0.837840892647369,0.87121105,0.7644980506822612,0,0,15,0.3333333333333333,0.97,1,0,1,0.88654673
rathore manish,manish rathor,1,rathore manish,manish rathor,rathore manish,manish rathor,0.8271235711404121,0.76109695,0.5744810744810745,0,0,11,0.3333333333333333,0.96,0,0,1,0.88654673
upadhyay ku abha,a k upadhyay,1,upadhyay ku abha,a k upadhyay,upadhyay ku abha,a k upadhyay,0.8069871777768652,0.85646063,0.716540404040404,0,0,12,0.2,0.86,0,1,1,0.8983663
tiwari narendra prasad,narendra p tiwari,1,tiwari narendra prasad,narendra p tiwari,tiwari narendra prasad,narendra p tiwari,0.8638458545468984,0.89221054,0.6771072065189712,0,0,13,0.5,0.94,1,1,1,0.89895767
bhargav miss swati,s bhargav,1,bhargav swati,s bhargav,bhargav swati,s bhargav,0.7799927945037237,0.7628584,0.772079772079772,0,0,8,0.3333333333333333,0.88,0,1,1,0.89895767
vijayvargiya miss ankita,a vijayvargiya,1,vijayvargiya ankita,a vijayvargiya,vijayvargiya ankita,a vijayvargiya,0.8645941037926897,0.84834075,0.7170811644495855,0,0,9,0.3333333333333333,0.92,1,1,1,0.89895767
dhoble satish k,s k dhoble,1,dhoble satish k,s k dhoble,dhoble satish k,s k dhoble,0.8400358187328972,0.8706924,0.5793650793650793,0,0,13,0.5,0.89,0,1,1,0.89895767
mishra miss sadhana,sadhna mishra,1,mishra sadhana,sadhna mishra,mishra sadhana,sadhna mishra,0.7213595958142129,0.89462095,0.6456043956043956,0,0,9,0.3333333333333333,0.96,1,0,1,0.88654673
bashu verma,b verma,1,bashu verma,b verma,bashu verma,b verma,0.6518221143985294,0.6896349,0.8909090909090909,0,0,4,0.3333333333333333,0.83,1,1,1,0.89880055
sisodiya brajesh,brijesh sisodiya,1,sisodiya brajesh,brijesh sisodiya,sisodiya brajesh,brijesh sisodiya,0.7687613047206313,0.7618612,0.48214285714285715,0,0,16,0.3333333333333333,0.94,1,0,1,0.88654673
mishra ku abha,a k mishra,1,mishra ku abha,a k mishra,mishra ku abha,a k mishra,0.6785488614826778,0.76944387,0.7714285714285715,0,0,10,0.2,0.83,1,1,1,0.8983663
thakur anupam singh,anupam s thakur,1,thakur anupam singh,anupam s thakur,thakur anupam singh,anupam s thakur,0.8855174697116893,0.85114825,0.6716374269005848,0,0,14,0.5,0.93,0,1,1,0.89895767
pipariya karunesh jolly,karunesh j pipariya,1,pipariya karunesh jolly,karunesh j pipariya,pipariya karunesh jolly,karunesh j pipariya,0.8132271884186834,0.79518735,0.7407008570018396,0,0,17,0.5,0.94,1,1,1,0.89895767
gokhali sameer,sameer gokhale,1,gokhali sameer,sameer gokhale,gokhali sameer,sameer gokhale,0.8496527699040464,0.9079647,0.5238095238095238,0,0,14,0.3333333333333333,0.93,0,0,1,0.7413408
dixit sourabh,saurabh dixit,1,dixit sourabh,saurabh dixit,dixit sourabh,saurabh dixit,0.7712518340742509,0.57677996,0.3846153846153846,0,0,13,0.3333333333333333,0.92,0,0,1,0.7301133
rawat ram awatar,ram a rawat,1,rawat ram awatar,ram a rawat,rawat ram awatar,ram a rawat,0.7865145826757726,0.8848206,0.843939393939394,0,0,8,0.5,0.9,0,1,1,0.8989275
bajpai sundeep,sandeep bajpai,1,bajpai sundeep,sandeep bajpai,bajpai sundeep,sandeep bajpai,0.8400772141071812,0.7855872,0.5634920634920635,0,0,13,0.3333333333333333,0.93,1,0,1,0.7413408
agrawal miss manisha,manish agrawal,1,agrawal manisha,manish agrawal,agrawal manisha,manish agrawal,0.9263772865737468,0.93771225,0.49682539682539684,0,0,13,0.3333333333333333,0.97,0,0,1,0.88654673
maurya ashish kumar,ashish kumar morya,1,maurya ashish kumar,ashish kumar morya,maurya ashish kumar,ashish kumar morya,0.6431734656844433,0.7444088,0.7187134502923976,0,0,13,0.5,0.92,1,0,1,0.56464946
tomar miss sujata,s tomar,1,tomar sujata,s tomar,tomar sujata,s tomar,0.6612245546819693,0.77033293,0.6190476190476191,0,0,9,0.3333333333333333,0.83,0,1,1,0.89895767
shukla archana miss,archna shukla,1,shukla archana,archna shukla,shukla archana,archna shukla,0.7837756117582692,0.9238145,0.5189255189255189,0,0,11,0.3333333333333333,0.96,1,0,1,0.88654673
shrivastava archana miss,archana shrivastav,1,shrivastava archana,archana shrivastav,shrivastava archana,archana shrivastav,0.9085139745981782,0.9017681,0.7644980506822612,0,0,15,0.3333333333333333,0.97,1,0,1,0.88654673
shukla ku renu,r k shukla,1,shukla ku renu,r k shukla,shukla ku renu,r k shukla,0.6838630124595171,0.7465843,0.6994708994708995,0,0,12,0.2,0.83,1,1,1,0.8983663
shrivastava raj kumar,r shrivastava,1,shrivastava raj kumar,r shrivastava,shrivastava raj kumar,r shrivastava,0.8668742331014437,0.7707299,0.6648351648351648,0,0,12,0.25,0.92,1,1,1,0.89895767
shrivastava shachi miss,sachi srivastava,1,shrivastava shachi,sachi srivastava,shrivastava shachi,sachi srivastava,0.6812313047479873,0.7202794,0.788690476190476,0,0,12,0.0,0.94,1,0,1,0.88721395
pounikar shobhan,shobhan paunikar,1,pounikar shobhan,shobhan paunikar,pounikar shobhan,shobhan paunikar,0.7543289064354575,0.6882845,0.5773809523809524,0,0,14,0.3333333333333333,0.94,0,0,1,0.88654673
mishra anup kumar,anup k mishra,1,mishra anup kumar,anup k mishra,mishra anup kumar,anup k mishra,0.898914966228795,0.8648672,0.7677224736048265,0,0,12,0.5,0.92,1,1,1,0.89895767
mishra miss renu,r mishra,1,mishra renu,r mishra,mishra renu,r mishra,0.6961902304237195,0.75709426,0.6942640692640693,0,0,7,0.3333333333333333,0.86,1,1,1,0.89895767
biswas soma miss,s biswas,1,biswas soma,s biswas,biswas soma,s biswas,0.7406602731630617,0.75929046,0.6942640692640693,0,0,7,0.3333333333333333,0.86,0,1,1,0.89895767
kolla venkatesh,venkatesh k,1,kolla venkatesh,venkatesh k,kolla venkatesh,venkatesh k,0.7212734623113074,0.7464474,0.7595959595959596,0,0,8,0.3333333333333333,0.9,0,1,1,0.89895767
shreya raj,shreya r,1,shreya raj,shreya r,shreya raj,shreya r,0.8840551216763382,0.76190937,0.96,0,0,2,0.3333333333333333,0.89,1,1,1,0.89880055
manoj kumar chakraborty,m chakraborty,1,manoj kumar chakraborty,m chakraborty,manoj kumar chakraborty,m chakraborty,0.791618732147611,0.6329035,0.7772575250836121,0,0,10,0.25,0.92,0,1,1,0.89895767
smita rawat,s rawat,1,smita rawat,s rawat,smita rawat,s rawat,0.6802700117789211,0.66206694,0.8051948051948052,0,0,4,0.3333333333333333,0.83,0,1,1,0.89895767
priya sachan,p sachan,1,priya sachan,p sachan,priya sachan,p sachan,0.7084242841217231,0.7635737,0.7875,0,0,4,0.3333333333333333,0.86,0,1,1,0.89895767
ashank airan,aishank airon,1,ashank airan,aishank airon,ashank airan,aishank airon,0.538200192806815,0.6224656,0.9288461538461538,1,1,2,0.0,0.88,0,0,1,0.86172086
geeta joshi,g joshi,1,geeta joshi,g joshi,geeta joshi,g joshi,0.6582696850540124,0.8066689,0.8909090909090909,0,0,4,0.3333333333333333,0.83,1,1,1,0.89880055
pandey lavkush,luvkush pandey,1,pandey lavkush,luvkush pandey,pandey lavkush,luvkush pandey,0.653029613538301,0.8647533,0.42857142857142855,0,0,13,0.3333333333333333,0.93,0,0,1,0.56894106
dinesh kumar bhandari,d bhandari,1,dinesh kumar bhandari,d bhandari,dinesh kumar bhandari,d bhandari,0.6389115367159547,0.6699592,0.6436507936507937,0,0,11,0.25,0.89,1,1,1,0.89895767
vivek kumar yadav,k yadav,1,vivek kumar yadav,k yadav,vivek kumar yadav,k yadav,0.6312975343957796,0.77086926,0.43557422969187676,0,0,10,0.25,0.83,0,1,1,0.89895767
parth jindal,p jindal,1,parth jindal,p jindal,parth jindal,p jindal,0.7478797712617173,0.7704389,0.7875,0,0,4,0.3333333333333333,0.86,0,1,1,0.89895767
yashpal singh rawat,yashpal s rawat,1,yashpal singh rawat,yashpal s rawat,yashpal singh rawat,yashpal s rawat,0.8940754484611415,0.79365087,0.9578947368421054,0,1,4,0.5,0.93,0,1,1,0.89880055
dhani chand,d chand,1,dhani chand,d chand,dhani chand,d chand,0.6735277309674639,0.7283056,0.8051948051948052,0,0,4,0.3333333333333333,0.83,0,1,1,0.89895767
mohamad akram,mohammad akaram,1,mohamad akram,mohammad akaram,mohamad akram,mohammad akaram,0.5466644448033038,0.50903547,0.9579487179487179,1,1,2,0.0,0.93,0,0,1,0.86237264
mittal nitin vinod,nitin v mittal,1,mittal nitin vinod,nitin v mittal,mittal nitin vinod,nitin v mittal,0.8223673991742989,0.8052856,0.7830687830687829,0,0,13,0.5,0.92,0,1,1,0.89895767
shrivastava kapil,p k srivastava,1,shrivastava kapil,p k srivastava,shrivastava kapil,p k srivastava,0.5970699221834008,0.69000626,0.7675070028011204,0,0,11,0.0,0.84,1,0,1,0.83828473
hafizur rahman,h rahman,1,hafizur rahman,h rahman,hafizur rahman,h rahman,0.5110698615401255,0.8172432,0.7964285714285714,0,0,6,0.3333333333333333,0.86,0,1,1,0.8939444
aftab alam,aaftab aalam,1,aftab alam,aaftab aalam,aftab alam,aaftab aalam,0.6340181342738982,0.42702198,0.8300000000000001,0,1,2,0.0,0.91,0,0,1,0.8693051
kumar deepak,deepak,1,kumar deepak,deepak,kumar deepak,deepak,0.8593214918818316,0.7038543,0.47222222222222215,0,0,6,0.5,1.0,0,0,1,0.82542205
shakil anwar,s anwar,1,shakil anwar,s anwar,shakil anwar,s anwar,0.6284372194800344,0.6881315,0.7892857142857144,0,0,5,0.3333333333333333,0.83,0,1,1,0.89895767
sahil garewal,s garewal,1,sahil garewal,s garewal,sahil garewal,s garewal,0.7933515551462275,0.75866735,0.7743589743589744,0,0,4,0.3333333333333333,0.88,0,1,1,0.89895767
madhu chawla,m chawla,1,madhu chawla,m chawla,madhu chawla,m chawla,0.7844046452520754,0.729478,0.7875,0,0,4,0.3333333333333333,0.86,1,1,1,0.89895767
grover sudha,s grover,1,grover sudha,s grover,grover sudha,s grover,0.8352268652036657,0.74798167,0.6765873015873017,0,0,8,0.3333333333333333,0.86,0,1,1,0.89895767
ratna kalsi,r kalsi,1,ratna kalsi,r kalsi,ratna kalsi,r kalsi,0.7725185064228068,0.6790943,0.848051948051948,0,0,4,0.3333333333333333,0.83,1,1,1,0.8989275
goyal raj,r goyal,1,goyal raj,r goyal,goyal raj,r goyal,0.8740412336227019,0.7731769,0.7566137566137566,0,0,6,0.3333333333333333,0.88,0,1,1,0.89895767
serat narula,s narula,1,serat narula,s narula,serat narula,s narula,0.6949053450791403,0.6728577,0.7875,0,0,4,0.3333333333333333,0.86,1,1,1,0.89895767
knanna yoginder,yoginder khanna,1,knanna yoginder,yoginder khanna,knanna yoginder,yoginder khanna,0.7432190284611081,0.6731872,0.42777777777777776,0,0,14,0.3333333333333333,0.93,1,0,1,0.7413408
sharma daya mrs,d sharma,1,sharma daya,d sharma,sharma daya,d sharma,0.6582392190712582,0.7287873,0.7651515151515151,0,0,7,0.3333333333333333,0.86,1,1,1,0.89895767
batra rita,r batra,1,batra rita,r batra,batra rita,r batra,0.773486265254288,0.6287831,0.7571428571428571,0,0,7,0.3333333333333333,0.83,1,1,1,0.89895767
sharda vijay kumar,v sharda,1,sharda vijay kumar,v sharda,sharda vijay kumar,v sharda,0.6852601485514543,0.5637658,0.6481481481481481,0,0,14,0.25,0.86,1,1,1,0.89895767
puja monga,p monga,1,puja monga,p monga,puja monga,p monga,0.7243812040097781,0.71346056,0.7814285714285714,0,0,3,0.3333333333333333,0.83,1,1,1,0.89895767
parveen kumar nath,parveen k nath,1,parveen kumar nath,parveen k nath,parveen kumar nath,parveen k nath,0.9061624337388163,0.7402742,0.9412698412698414,0,1,4,0.5,0.92,0,1,1,0.89880055
ginni nakra,g nakra,1,ginni nakra,g nakra,ginni nakra,g nakra,0.6286980104610234,0.7194755,0.848051948051948,0,0,4,0.3333333333333333,0.83,1,1,1,0.8989275
vishal k sharma,v k sharma,1,vishal k sharma,v k sharma,vishal k sharma,v k sharma,0.6746442408962242,0.7910876,0.78,0,0,5,0.5,0.89,1,1,1,0.89895767
bajaj raj kumar,r bajaj,1,bajaj raj kumar,r bajaj,bajaj raj kumar,r bajaj,0.8306388362868896,0.6949708,0.7269841269841271,0,0,11,0.25,0.83,0,1,1,0.89895767
calton rakesh kumar,r calton,1,calton rakesh kumar,r calton,calton rakesh kumar,r calton,0.8088107089272321,0.5659091,0.6403508771929824,0,0,15,0.25,0.86,0,1,1,0.89895767
gulati sudha,s gulati,1,gulati sudha,s gulati,gulati sudha,s gulati,0.7993829004523509,0.7354617,0.6765873015873017,0,0,8,0.3333333333333333,0.86,1,1,1,0.89895767
bhatia renu,r bhatia,1,bhatia renu,r bhatia,bhatia renu,r bhatia,0.7312527794639883,0.7249286,0.7651515151515151,0,0,7,0.3333333333333333,0.86,1,1,1,0.89895767
mahajan jai kumar,j mahajan,1,mahajan jai kumar,j mahajan,mahajan jai kumar,j mahajan,0.7352924766223934,0.8296051,0.7320261437908496,0,0,12,0.25,0.88,0,1,1,0.89895767
dhilon manmohan,manmohan dhillon,1,dhilon manmohan,manmohan dhillon,dhilon manmohan,manmohan dhillon,0.775519392052827,0.732552,0.7388888888888889,0,0,13,0.3333333333333333,0.97,0,0,1,0.88654673
gauri nakra,g nakra,1,gauri nakra,g nakra,gauri nakra,g nakra,0.7025377617906191,0.7715956,0.7623376623376624,0,0,4,0.3333333333333333,0.83,1,1,1,0.89895767
chawla satya,s chawla,1,chawla satya,s chawla,chawla satya,s chawla,0.7670208658837065,0.66742694,0.6765873015873017,0,0,8,0.3333333333333333,0.86,1,1,1,0.89895767
sidak dhillon,s dhillon,1,sidak dhillon,s dhillon,sidak dhillon,s dhillon,0.7810183396888556,0.7476591,0.8743589743589743,0,0,4,0.3333333333333333,0.88,0,1,1,0.89880055
narang ram lal,r l narang,1,narang ram lal,r l narang,narang ram lal,r l narang,0.7281190457884539,0.6063701,0.6654761904761904,0,0,11,0.2,0.83,0,1,1,0.89775467
bakshi prem,p bakshi,1,bakshi prem,p bakshi,bakshi prem,p bakshi,0.7403846001842758,0.8756799,0.7651515151515151,0,0,7,0.3333333333333333,0.86,1,1,1,0.89895767
dhawan sat pal,p s dhawan,1,dhawan sat pal,p s dhawan,dhawan sat pal,p s dhawan,0.7264932709789726,0.78381926,0.6654761904761904,0,0,12,0.2,0.83,0,1,1,0.8983663
gill harpreet singh,harpreet s gill,1,gill harpreet singh,harpreet s gill,gill harpreet singh,harpreet s gill,0.9150448197445228,0.7638128,0.6964462438146648,0,0,10,0.5,0.93,0,1,1,0.89895767
sudhir kant khurana,sudhir k khurana,1,sudhir kant khurana,sudhir k khurana,sudhir kant khurana,sudhir k khurana,0.8936759909903711,0.8342265,0.9309210526315789,0,1,3,0.5,0.93,1,1,1,0.89880055
gupta sunil kumar,sunil k gupta,1,gupta sunil kumar,sunil k gupta,gupta sunil kumar,sunil k gupta,0.8872562487411326,0.9020673,0.6524886877828054,0,0,11,0.5,0.92,1,1,1,0.89895767
mankaran singh arora,mankaran s arora,1,mankaran singh arora,mankaran s arora,mankaran singh arora,mankaran s arora,0.8747693181301064,0.8769017,0.96,0,1,4,0.5,0.93,1,1,1,0.89880055
aggarwal aruna mrs,arun aggarwal,1,aggarwal aruna,arun aggarwal,aggarwal aruna,arun aggarwal,0.8856404041695012,0.9394467,0.8077422577422577,0,0,10,0.3333333333333333,0.96,0,0,1,0.882302
bharat kumar mahajan,b mahajan,1,bharat kumar mahajan,b mahajan,bharat kumar mahajan,b mahajan,0.6815319558518576,0.87017035,0.614021164021164,0,0,11,0.25,0.88,0,1,1,0.89895767
navneet kumar arora,navneet k arora,1,navneet kumar arora,navneet k arora,navneet kumar arora,navneet k arora,0.9348330949521936,0.8079008,0.9312280701754385,0,1,4,0.5,0.93,1,1,1,0.89880055
mehra yash paul,yash p mehra,1,mehra yash paul,yash p mehra,mehra yash paul,yash p mehra,0.8163343406606622,0.79439163,0.6351851851851852,0,0,12,0.5,0.91,1,1,1,0.89895767
mahajan kall,k mahajan,1,mahajan kall,k mahajan,mahajan kall,k mahajan,0.724796791045932,0.9000063,0.7870370370370371,0,0,7,0.3333333333333333,0.88,0,1,1,0.89895767
nanda suresh kumar,suresh k nanda,1,nanda suresh kumar,suresh k nanda,nanda suresh kumar,suresh k nanda,0.8764915701466527,0.72010916,0.7023809523809524,0,0,11,0.5,0.92,1,1,1,0.89895767
kajal chawla,k chawla,1,kajal chawla,k chawla,kajal chawla,k chawla,0.7382733973889161,0.7755108,0.7875,0,0,4,0.3333333333333333,0.86,1,1,1,0.89895767
jasjot singh garcha,jasjot s garcha,1,jasjot singh garcha,jasjot s garcha,jasjot singh garcha,jasjot s garcha,0.9216034607267017,0.78887534,0.9178947368421053,0,1,4,0.5,0.93,1,1,1,0.89880055
ahuja vijay kumar,vijay k ahuja,1,ahuja vijay kumar,vijay k ahuja,ahuja vijay kumar,vijay k ahuja,0.9105909675657231,0.89497626,0.7096530920060332,0,0,11,0.5,0.92,1,1,1,0.89895767
kul bhushan garg,bhushan k garg,1,kul bhushan garg,bhushan k garg,kul bhushan garg,bhushan k garg,0.8772125018103969,0.8963729,0.8111263736263736,0,0,6,0.5,0.93,0,1,1,0.89895767
ravi kant sidana,ravi k sidana,1,ravi kant sidana,ravi k sidana,ravi kant sidana,ravi k sidana,0.8625338698825626,0.77812487,0.9163461538461538,0,0,3,0.5,0.92,1,1,1,0.89880055
gupta munvir,manvir gupta,1,gupta munvir,manvir gupta,gupta munvir,manvir gupta,0.726109454805844,0.7641609,0.5,0,0,11,0.3333333333333333,0.92,1,0,1,0.7301133
gupta samir k,s k gupta,1,gupta samir k,s k gupta,gupta samir k,s k gupta,0.6773376881064787,0.82253504,0.5427350427350427,0,0,12,0.5,0.88,1,1,1,0.89895767
girdhar prem nath,prem n girdhar,1,girdhar prem nath,prem n girdhar,girdhar prem nath,prem n girdhar,0.9008865452965026,0.8446485,0.6008403361344538,0,0,14,0.5,0.92,0,1,1,0.89895767
sonam bhatia,s bhatia,1,sonam bhatia,s bhatia,sonam bhatia,s bhatia,0.6995559034556175,0.7494352,0.7875,0,0,4,0.3333333333333333,0.86,1,1,1,0.89895767
karishna,karishma,1,karishna,karishma,karishna,karishma,0.5570444789927493,0.91894376,0.95,0,1,1,0.0,0.88,1,0,1,0.88833296
manmohan singh bedi,manmohan s bedi,1,manmohan singh bedi,manmohan s bedi,manmohan singh bedi,manmohan s bedi,0.8930565075220448,0.77507734,0.9312280701754385,0,1,4,0.5,0.93,1,1,1,0.89880055
sandeep kumar sahu,sandeep s,1,sandeep kumar sahu,sandeep s,sandeep kumar sahu,sandeep s,0.6920136314825754,0.5978682,0.9,0,1,9,0.25,0.88,0,1,1,0.89880055
mansi chatterjee,m chaterjee,1,mansi chatterjee,m chaterjee,mansi chatterjee,m chaterjee,0.5873586827188786,0.6679977,0.8517045454545455,0,0,5,0.0,0.81,0,0,1,0.8566805
biswajit biswas,b biswas,1,biswajit biswas,b biswas,biswajit biswas,b biswas,0.8076271557101176,0.76451296,0.745,0,0,7,0.3333333333333333,0.86,0,1,1,0.89895767
raj kumar singh,r singh,1,raj kumar singh,r singh,raj kumar singh,r singh,0.6805307400732662,0.77756965,0.47301587301587295,0,0,8,0.25,0.83,0,1,1,0.89895767
sat pal,s pal,1,sat pal,s pal,sat pal,s pal,0.6101283913003777,0.6062937,0.8542857142857143,0,0,2,0.3333333333333333,0.83,0,1,1,0.8988725
patel satish m,satish patel,1,patel satish m,satish patel,patel satish m,satish patel,0.9773917756403288,0.86964595,0.6494708994708994,0,0,10,0.6666666666666666,1.0,0,1,1,0.89895767
hissaria suresh,suresh hisaria,1,hissaria suresh,suresh hisaria,hissaria suresh,suresh hisaria,0.7168856182836539,0.6128162,0.6603174603174603,0,0,13,0.3333333333333333,0.97,1,0,1,0.8844992
sharma miss shalini,shalin sharma,1,sharma shalini,shalin sharma,sharma shalini,shalin sharma,0.8463969329139714,0.86527926,0.6456043956043956,0,0,7,0.3333333333333333,0.96,1,0,1,0.77938443
agrawal akhil,akhil aggrawal,1,agrawal akhil,akhil aggrawal,agrawal akhil,akhil aggrawal,0.7607732370647778,0.8142686,0.6456043956043956,0,0,11,0.3333333333333333,0.96,0,0,1,0.88654673
mathur rabindra,ravindra mathur,1,mathur rabindra,ravindra mathur,mathur rabindra,ravindra mathur,0.7064117467246701,0.627863,0.5015873015873016,0,0,12,0.3333333333333333,0.93,1,0,1,0.654875
gupta miss divya,d gupta,1,gupta divya,d gupta,gupta divya,d gupta,0.6256804544542435,0.8026825,0.6341991341991342,0,0,8,0.3333333333333333,0.83,1,1,1,0.89895767
mohd iqbal,m iqbal,1,mohd iqbal,m iqbal,mohd iqbal,m iqbal,0.7773839505634261,0.8576921,0.91,0,0,3,0.3333333333333333,0.83,0,1,1,0.89880055
gupta shri ram,r gupta,1,gupta ram,r gupta,gupta ram,r gupta,0.8362041375561075,0.80932283,0.7566137566137566,0,0,6,0.3333333333333333,0.88,1,1,1,0.89895767
chaturvedi shailesh,shaylesh chturvedi,1,chaturvedi shailesh,shaylesh chturvedi,chaturvedi shailesh,shaylesh chturvedi,0.6210266382246795,0.60931313,0.695349484823169,0,0,14,0.0,0.92,1,0,1,0.8649133
brijesh saroj kumar,saroj k brijesh,1,brijesh saroj kumar,saroj k brijesh,brijesh saroj kumar,saroj k brijesh,0.9321276613963746,0.82553595,0.7742690058479532,0,0,15,0.5,0.93,0,1,1,0.89895767
tolambiya sanjay,sanjai tolambia,1,tolambiya sanjay,sanjai tolambia,tolambiya sanjay,sanjai tolambia,0.6769717422280036,0.5842283,0.6857323232323232,0,0,14,0.0,0.9,1,0,1,0.83672446
sharma miss aradhana,aradhna sharma,1,sharma aradhana,aradhna sharma,sharma aradhana,aradhna sharma,0.7001465443688193,0.9421106,0.6603174603174603,0,0,10,0.3333333333333333,0.97,1,0,1,0.8578603
gunasekaran vimal kumar,gunasekaran k,1,gunasekaran vimal kumar,gunasekaran k,gunasekaran vimal kumar,gunasekaran k,0.7508019554878951,0.76147866,0.9130434782608695,0,1,10,0.25,0.92,0,1,1,0.89880055
soni mrs kannchan,kanchan soni,1,soni kannchan,kanchan soni,soni kannchan,kanchan soni,0.821974475202997,0.82667017,0.5427350427350427,0,0,10,0.3333333333333333,0.96,1,0,1,0.88654673
kinker mrinal,mrinal kinkar,1,kinker mrinal,mrinal kinkar,kinker mrinal,mrinal kinkar,0.7801225922818646,0.80715245,0.6467236467236467,0,0,9,0.3333333333333333,0.92,0,0,1,0.7301133
aggarwal mrs pratibha,pratibha agarwal,1,aggarwal pratibha,pratibha agarwal,aggarwal pratibha,pratibha agarwal,0.851013898856618,0.9524928,0.5318627450980392,0,0,15,0.3333333333333333,0.97,1,0,1,0.88654673
vaishnav shiv kumar,s vaishnav,1,vaishnav shiv kumar,s vaishnav,vaishnav shiv kumar,s vaishnav,0.7691538547369887,0.62207615,0.6754385964912281,0,0,13,0.25,0.89,0,1,1,0.89895767
grover karan,k grover,1,grover karan,k grover,grover karan,k grover,0.8681673445577941,0.8238127,0.6765873015873017,0,0,8,0.3333333333333333,0.86,0,1,1,0.89895767
chaudhary miss manisha,manish chaudhary,1,chaudhary manisha,manish chaudhary,chaudhary manisha,manish chaudhary,0.9276048301163885,0.8923247,0.6797385620915034,0,0,15,0.3333333333333333,0.97,0,0,1,0.88118315
dagur pradeep singh,pradeep s dagur,1,dagur pradeep singh,pradeep s dagur,dagur pradeep singh,pradeep s dagur,0.8924794949726471,0.6307926,0.723391812865497,0,0,11,0.5,0.93,0,1,1,0.89895767
ranga dau lal,d l ranga,1,ranga dau lal,d l ranga,ranga dau lal,d l ranga,0.5667110593112477,0.6487164,0.5427350427350427,0,0,10,0.2,0.82,1,1,1,0.8983663
shastri rajan,r shastri,1,shastri rajan,r shastri,shastri rajan,r shastri,0.8483705167858826,0.73508906,0.6680911680911681,0,0,8,0.3333333333333333,0.88,1,1,1,0.89895767
bhola singh,s bhola,1,bhola singh,s bhola,bhola singh,s bhola,0.8104771040828149,0.55980086,0.6341991341991342,0,0,8,0.3333333333333333,0.83,1,1,1,0.89895767
agrawal miss renu,r agrawal,1,agrawal renu,r agrawal,agrawal renu,r agrawal,0.7709021500116084,0.81034434,0.6851851851851851,0,0,7,0.3333333333333333,0.88,0,1,1,0.89895767
kamble prateek,p kamble,1,kamble prateek,p kamble,kamble prateek,p kamble,0.7050165637748759,0.7588574,0.6488095238095238,0,0,10,0.3333333333333333,0.86,0,1,1,0.89895767
kum singh miss,k singh,1,kum singh,k singh,kum singh,k singh,0.705589479451916,0.88949764,0.9333333333333333,0,0,2,0.3333333333333333,0.88,0,1,1,0.89880055
gupta lovish,lavish gupta,1,gupta lovish,lavish gupta,gupta lovish,lavish gupta,0.6007565308580031,0.62850606,0.4444444444444444,0,0,12,0.3333333333333333,0.92,1,0,1,0.56464946
mittal mrs seema,seema mittal,1,mittal seema,seema mittal,mittal seema,seema mittal,1.0,0.9634589,0.5555555555555555,0,0,10,1.0,1.0,1,1,1,0.89895767
pandey sudhanshu,sudhanshu panday,1,pandey sudhanshu,sudhanshu panday,pandey sudhanshu,sudhanshu panday,0.7632523434233858,0.7323401,0.7467948717948718,0,0,12,0.3333333333333333,0.94,0,0,1,0.88654673
yogesh,yogesh kumar,1,yogesh,yogesh kumar,yogesh,yogesh kumar,0.885483393375973,0.6316757,0.9,0,0,6,0.5,1.0,0,0,1,0.76373917
panwar ravi,r panwar,1,panwar ravi,r panwar,panwar ravi,r panwar,0.8181503986508118,0.74853253,0.7651515151515151,0,0,7,0.3333333333333333,0.86,0,1,1,0.89895767
mathuriya mrs pushpa,puspa mathuriya,1,mathuriya pushpa,puspa mathuriya,mathuriya pushpa,puspa mathuriya,0.6843652708752331,0.7173902,0.7392094017094016,0,0,13,0.3333333333333333,0.97,1,0,1,0.85457784
prajapati mrs manju,manju prajapat,1,prajapati manju,manju prajapat,prajapati manju,manju prajapat,0.8795106215152005,0.882379,0.6881673881673881,0,0,13,0.3333333333333333,0.97,0,0,1,0.88654673
bajaj mrs seema,s bajaj,1,bajaj seema,s bajaj,bajaj seema,s bajaj,0.7226008619960715,0.7838598,0.6341991341991342,0,0,8,0.3333333333333333,0.83,0,1,1,0.89895767
agarwal miss nirmal,nirmala agarwal,1,agarwal nirmal,nirmala agarwal,agarwal nirmal,nirmala agarwal,0.911609714235894,0.895589,0.6365079365079365,0,0,9,0.3333333333333333,0.97,0,0,1,0.88654673
gupta satish kumar,satish k gupta,1,gupta satish kumar,satish k gupta,gupta satish kumar,satish k gupta,0.8936325029061756,0.8884303,0.7023809523809524,0,0,11,0.5,0.92,1,1,1,0.89895767
bamaniya mrs aruna,aruna bamania,1,bamaniya aruna,aruna bamania,bamaniya aruna,aruna bamania,0.7772601059331087,0.862378,0.7257742257742258,0,0,9,0.3333333333333333,0.96,1,0,1,0.88654673
aggarwal miss anupriya,anupriya agarwal,1,aggarwal anupriya,anupriya agarwal,aggarwal anupriya,anupriya agarwal,0.8475916035029286,0.94888085,0.573529411764706,0,0,12,0.3333333333333333,0.97,1,0,1,0.88654673
bhargava charu,c bhargava,1,bhargava charu,c bhargava,bhargava charu,c bhargava,0.7915637270589689,0.79589397,0.7904761904761904,0,0,8,0.3333333333333333,0.89,1,1,1,0.89895767
sharma miss ria,r sharma,1,sharma ria,r sharma,sharma ria,r sharma,0.6897554015701243,0.83920264,0.7154761904761905,0,0,6,0.3333333333333333,0.89,1,1,1,0.89895767
karnawat mrs shellu,shelu karnawat,1,karnawat shellu,shelu karnawat,karnawat shellu,shelu karnawat,0.7754756089730968,0.74263394,0.5994708994708995,0,0,13,0.3333333333333333,0.97,0,0,1,0.88654673
dhanadia vimla mrs,vimala dhanadia,1,dhanadia vimla,vimala dhanadia,dhanadia vimla,vimala dhanadia,0.7102865303428167,0.9261089,0.5765873015873016,0,0,11,0.3333333333333333,0.97,1,0,1,0.8841986
gupta miss ila,i gupta,1,gupta ila,i gupta,gupta ila,i gupta,0.7131588766160142,0.81808484,0.7566137566137566,0,0,6,0.3333333333333333,0.88,1,1,1,0.89895767
choudhary raj,r choudhary,1,choudhary raj,r choudhary,choudhary raj,r choudhary,0.8975160562889927,0.76000446,0.8368298368298368,0,0,6,0.3333333333333333,0.92,0,1,1,0.89895767
srivastava mrs swati,swati shrivastava,1,srivastava swati,swati shrivastava,srivastava swati,swati shrivastava,0.8505935804021899,0.8532858,0.8459558823529412,0,0,12,0.3333333333333333,0.97,1,0,1,0.8568403
bhatra varun,varun batra,1,bhatra varun,varun batra,bhatra varun,varun batra,0.7279526044707546,0.6766402,0.6446608946608947,0,0,9,0.3333333333333333,0.96,1,0,1,0.88654673
khanna alok,a khanna,1,khanna alok,a khanna,khanna alok,a khanna,0.6984137267530961,0.7257587,0.7418831168831169,0,0,7,0.3333333333333333,0.86,1,1,1,0.89895767
bhandari sidh raj,s r bhandari,1,bhandari sidh raj,s r bhandari,bhandari sidh raj,s r bhandari,0.645425443977873,0.6510551,0.6405228758169935,0,0,13,0.2,0.83,1,1,1,0.8983663
asif khilji,a khilji,1,asif khilji,a khilji,asif khilji,a khilji,0.7979650861420189,0.7372209,0.8056818181818183,0,0,3,0.3333333333333333,0.86,1,1,1,0.89895767
gpta puneet,puneet gupta,1,gpta puneet,puneet gupta,gpta puneet,puneet gupta,0.803970117276734,0.5125593,0.7449494949494949,0,0,11,0.3333333333333333,0.96,1,0,1,0.88408244
sharma dron,d sharma,1,sharma dron,d sharma,sharma dron,d sharma,0.525492581630822,0.76955265,0.7651515151515151,0,0,7,0.3333333333333333,0.86,1,1,1,0.8939444
iqbal mrs arshi,aarshi iqbal,1,iqbal arshi,aarshi iqbal,iqbal arshi,aarshi iqbal,0.8237938316132021,0.84312284,0.672979797979798,0,0,11,0.3333333333333333,0.96,1,0,1,0.88654673
sankhla ravi,r sankhla,1,sankhla ravi,r sankhla,sankhla ravi,r sankhla,0.8735565202359741,0.80588937,0.7870370370370371,0,0,7,0.3333333333333333,0.88,1,1,1,0.89895767
meena mrs mamta,mammta meena,1,meena mamta,mammta meena,meena mamta,mammta meena,0.8445647626570774,0.8365871,0.7431818181818182,0,0,7,0.3333333333333333,0.96,1,0,1,0.77455264
sinha pinku miss,p sinha,1,sinha pinku,p sinha,sinha pinku,p sinha,0.5828939298413547,0.7098485,0.6341991341991342,0,0,8,0.3333333333333333,0.83,1,1,1,0.89895767
patidar bharat,b patidar,1,patidar bharat,b patidar,patidar bharat,b patidar,0.7855291444138414,0.77094185,0.6534391534391534,0,0,9,0.3333333333333333,0.88,0,1,1,0.89895767
agarwal miss sudha,sudha aggarwal,1,agarwal sudha,sudha aggarwal,agarwal sudha,sudha aggarwal,0.7823921144895276,0.95111233,0.5744810744810745,0,0,13,0.3333333333333333,0.96,1,0,1,0.88654673
chugh mrs kalpana,kalpana chug,1,chugh kalpana,kalpana chug,chugh kalpana,kalpana chug,0.7823904024748102,0.89571893,0.3803418803418803,0,0,11,0.3333333333333333,0.96,1,0,1,0.88654673
agarwal rajesh,rakesh agarwal,1,agarwal rajesh,rakesh agarwal,agarwal rajesh,rakesh agarwal,0.6715891401383093,0.75691247,0.6190476190476191,0,0,12,0.3333333333333333,0.93,0,0,1,0.57878923
sachdev rajendra prasad,rajendra p sachdev,1,sachdev rajendra prasad,rajendra p sachdev,sachdev rajendra prasad,rajendra p sachdev,0.8882338272081001,0.8896328,0.6729468599033815,0,0,14,0.5,0.94,1,1,1,0.89895767
mittal dilip,d mittal,1,mittal dilip,d mittal,mittal dilip,d mittal,0.6946889453258429,0.59180266,0.6765873015873017,0,0,8,0.3333333333333333,0.86,0,1,1,0.89895767
choudhary vipul,vipul chowdhary,1,choudhary vipul,vipul chowdhary,choudhary vipul,vipul chowdhary,0.7370818319346633,0.6698668,0.611111111111111,0,0,13,0.3333333333333333,0.93,0,0,1,0.7413408
surana kan mal,m k surana,1,surana kan mal,m k surana,surana kan mal,m k surana,0.6964618450231554,0.6759112,0.6654761904761904,0,0,11,0.2,0.83,1,1,1,0.8983663
shah chirag k,c k shah,1,shah chirag k,c k shah,shah chirag k,c k shah,0.5091525935530067,0.7448658,0.6260683760683761,0,0,10,0.5,0.86,0,1,1,0.8939444
disania nand lal,n l disania,1,disania nand lal,n l disania,disania nand lal,n l disania,0.7835698134126898,0.7591646,0.6454124579124579,0,0,12,0.2,0.81,1,1,1,0.8983663
gouri rizwan,rizwan gauri,1,gouri rizwan,rizwan gauri,gouri rizwan,rizwan gauri,0.7327359193882669,0.86889005,0.6111111111111112,0,0,12,0.3333333333333333,0.92,1,0,1,0.7301133
garg deepandra,deependra garg,1,garg deepandra,deependra garg,garg deepandra,deependra garg,0.644508777639366,0.68210375,0.7056277056277057,0,0,11,0.3333333333333333,0.93,1,0,1,0.56894106
bairwa jitendra kumar,jitendra k bairwa,1,bairwa jitendra kumar,jitendra k bairwa,bairwa jitendra kumar,jitendra k bairwa,0.941301364413309,0.88353455,0.7099906629318394,0,0,12,0.5,0.94,1,1,1,0.89895767
shanker varnit,varnit shankar,1,shanker varnit,varnit shankar,shanker varnit,varnit shankar,0.7640749232213527,0.5636835,0.5714285714285715,0,0,12,0.3333333333333333,0.93,0,0,1,0.7413408
bakiwala churchit,charchit bakliwala,1,bakiwala churchit,charchit bakliwala,bakiwala churchit,charchit bakliwala,0.5919504400932404,0.7683344,0.5283224400871459,0,0,17,0.0,0.91,1,0,1,0.83958846
karol mrs sonu mukesh,sonu m karol,1,karol sonu mukesh,sonu m karol,karol sonu mukesh,sonu m karol,0.8041016979695002,0.8264475,0.7352941176470589,0,0,11,0.5,0.91,0,1,1,0.89895767
kumbhat miss payal,payal khumbhat,1,kumbhat payal,payal khumbhat,kumbhat payal,payal khumbhat,0.7891392712774704,0.7735919,0.5189255189255189,0,0,13,0.3333333333333333,0.96,0,0,1,0.88654673
dixit shailesh,sailesh dixit,1,dixit shailesh,sailesh dixit,dixit shailesh,sailesh dixit,0.8643749841315076,0.57123446,0.5189255189255189,0,0,11,0.3333333333333333,0.96,0,0,1,0.88408244
maheshwari bhawani shankar,bhawani shanker maheshwari,1,maheshwari bhawani shankar,bhawani shanker maheshwari,maheshwari bhawani shankar,bhawani shanker maheshwari,0.8576453179047946,0.6925641,0.80982905982906,0,0,18,0.5,0.96,1,0,1,0.882302
sharma mag lal,m l sharma,1,sharma mag lal,m l sharma,sharma mag lal,m l sharma,0.5589939563760051,0.7107498,0.6238095238095238,0,0,12,0.2,0.83,1,1,1,0.89795965
vaishnava mrs richa,richa vaishnav,1,vaishnava richa,richa vaishnav,vaishnava richa,richa vaishnav,0.8929981799729875,0.93310046,0.719047619047619,0,0,10,0.3333333333333333,0.97,1,0,1,0.88654673
soni jain mrs sweety,sweety soni,1,soni jain sweety,sweety soni,soni jain sweety,sweety soni,0.9065329870864638,0.58382165,0.529040404040404,0,0,13,0.6666666666666666,1.0,1,1,1,0.89895767
choudhary ashok,ashok choudhari,1,choudhary ashok,ashok choudhari,choudhary ashok,ashok choudhari,0.8677269323975997,0.9025475,0.7555555555555555,0,0,13,0.3333333333333333,0.93,0,0,1,0.7298264
sonkhya mrs nishi,nishi sonkhiya,1,sonkhya nishi,nishi sonkhiya,sonkhya nishi,nishi sonkhiya,0.7007822350745775,0.9407855,0.7560772560772561,0,0,12,0.3333333333333333,0.96,1,0,1,0.8502723
choudhary miss sunita,sunita choudhari,1,choudhary sunita,sunita choudhari,choudhary sunita,sunita choudhari,0.8731574897161947,0.85684884,0.6666666666666666,0,0,14,0.3333333333333333,0.94,1,0,1,0.88654673
khandelwal nivedita mrs,nivedita khendelwal,1,khandelwal nivedita,nivedita khendelwal,khandelwal nivedita,nivedita khendelwal,0.8492996819900345,0.82097375,0.5980861244019139,0,0,16,0.3333333333333333,0.95,1,0,1,0.88654673
tikkiwal sharad,sarad tikkiwal,1,tikkiwal sharad,sarad tikkiwal,tikkiwal sharad,sarad tikkiwal,0.92293646032829,0.70535207,0.626984126984127,0,0,13,0.3333333333333333,0.97,0,0,1,0.88654673
shrivastava miss preeti,preeti shrivastav,1,shrivastava preeti,preeti shrivastav,shrivastava preeti,preeti shrivastav,0.9086716657582202,0.8939023,0.7004357298474946,0,0,15,0.3333333333333333,0.97,1,0,1,0.88654673
khuteta sarla miss,s khuteta,1,khuteta sarla,s khuteta,khuteta sarla,s khuteta,0.8062370581433622,0.77913594,0.772079772079772,0,0,8,0.3333333333333333,0.88,1,1,1,0.89895767
vijayvergia raj kumar,r k vijayvergiya,1,vijayvergia raj kumar,r k vijayvergiya,vijayvergia raj kumar,r k vijayvergiya,0.7289572126683441,0.77792776,0.6566697191697192,0,0,14,0.0,0.81,1,0,1,0.83794796
shankhla deepak,deepak sankhla,1,shankhla deepak,deepak sankhla,shankhla deepak,deepak sankhla,0.9072430574935713,0.7704624,0.5994708994708995,0,0,13,0.3333333333333333,0.97,1,0,1,0.88654673
prem singh,p singh,1,prem singh,p singh,prem singh,p singh,0.6138378098631544,0.8287215,0.91,0,0,3,0.3333333333333333,0.83,0,1,1,0.89880055
saxena dhirendra kumar,dheerendra kumar saxena,1,saxena dhirendra kumar,dheerendra kumar saxena,saxena dhirendra kumar,dheerendra kumar saxena,0.7180377068639597,0.85442436,0.7386797032105957,0,0,16,0.5,0.93,1,0,1,0.7363431
vijaywargiya,n k vijaywargia,1,vijaywargiya,n k vijaywargia,vijaywargiya,n k vijaywargia,0.7671828002825244,0.78523403,0.8833333333333333,0,0,5,0.0,0.81,1,0,1,0.86473435
rahdu manoj kumar,manoj kumar rehdu,1,rahdu manoj kumar,manoj kumar rehdu,rahdu manoj kumar,manoj kumar rehdu,0.73045248140231,0.90804785,0.6892911010558068,0,0,12,0.5,0.94,0,0,1,0.88654673
chauhan miss arunbala,arunbala chouhan,1,chauhan arunbala,arunbala chouhan,chauhan arunbala,arunbala chouhan,0.764237525812472,0.85778445,0.6833333333333332,0,0,14,0.3333333333333333,0.94,1,0,1,0.88654673
parasher vivek,vivek parashar,1,parasher vivek,vivek parashar,parasher vivek,vivek parashar,0.7891024335128802,0.8165164,0.6137566137566138,0,0,13,0.3333333333333333,0.93,0,0,1,0.7413408
kaushik miss sonam,s kaushik,1,kaushik sonam,s kaushik,kaushik sonam,s kaushik,0.7472501289150855,0.79308015,0.6680911680911681,0,0,8,0.3333333333333333,0.88,0,1,1,0.89895767
dungarwal chandra lala,c l dungarwal,1,dungarwal chandra lala,c l dungarwal,dungarwal chandra lala,c l dungarwal,0.7433736322282045,0.7292992,0.6839549339549339,0,0,16,0.2,0.82,0,1,1,0.8983663
meena sau lal,s l meena,1,meena sau lal,s l meena,meena sau lal,s l meena,0.6105518822639384,0.6954247,0.5982905982905983,0,0,11,0.2,0.82,1,1,1,0.8983663
dadhich arvind,arvind dhadhich,1,dadhich arvind,arvind dhadhich,dadhich arvind,arvind dhadhich,0.80473724406008,0.71334165,0.6603174603174603,0,0,11,0.3333333333333333,0.97,0,0,1,0.88654673
kunjan prajapati,k prajapati,1,kunjan prajapati,k prajapati,kunjan prajapati,k prajapati,0.7373806520683581,0.79889476,0.8244318181818183,0,0,5,0.3333333333333333,0.9,1,1,1,0.89895767
sharma raj pal,r p sharma,1,sharma raj pal,r p sharma,sharma raj pal,r p sharma,0.6465779506142816,0.77695537,0.6238095238095238,0,0,11,0.2,0.83,1,1,1,0.8983663
mahawer jaswant,jaswant mahawar,1,mahawer jaswant,jaswant mahawar,mahawer jaswant,jaswant mahawar,0.7255019827996937,0.8595485,0.5492063492063491,0,0,11,0.3333333333333333,0.93,0,0,1,0.7413408
gupta miss shashi kanta,shashi kant gupta,1,gupta shashi kanta,shashi kant gupta,gupta shashi kanta,shashi kant gupta,0.8816680761179996,0.939535,0.7242452536570184,0,0,11,0.5,0.97,1,0,1,0.88654673
gupta lata mrs,l gupta,1,gupta lata,l gupta,gupta lata,l gupta,0.712916085160447,0.85668445,0.6523809523809524,0,0,7,0.3333333333333333,0.83,1,1,1,0.89895767
bansal miss priya,p bansal,1,bansal priya,p bansal,bansal priya,p bansal,0.7555011595069453,0.72939515,0.6765873015873017,0,0,8,0.3333333333333333,0.86,0,1,1,0.89895767
vedi kamal kumar,kamal k vedi,1,vedi kamal kumar,kamal k vedi,vedi kamal kumar,kamal k vedi,0.8926453641858649,0.8674109,0.5555555555555555,0,0,10,0.5,0.91,1,1,1,0.89895767
verma miss tanya o p,o p verma,1,verma tanya o p,o p verma,verma tanya o p,o p verma,0.7412421279302596,0.71401215,0.5222222222222223,0,0,13,0.75,1.0,1,1,1,0.89895767
katara rajiv kumar,r katara,1,katara rajiv kumar,r katara,katara rajiv kumar,r katara,0.6591883072961305,0.6622807,0.6898148148148149,0,0,14,0.25,0.86,1,1,1,0.89895767
choudhary miss ranu,r choudhary,1,choudhary ranu,r choudhary,choudhary ranu,r choudhary,0.8104447528215111,0.7131583,0.8203463203463204,0,0,7,0.3333333333333333,0.9,0,1,1,0.89895767
choudhary miss urmila,urmila chaudhary,1,choudhary urmila,urmila chaudhary,choudhary urmila,urmila chaudhary,0.8047259628170144,0.79802704,0.6944444444444445,0,0,15,0.3333333333333333,0.94,1,0,1,0.88654673
singhi manisha miss,manisha singh,1,singhi manisha,manisha singh,singhi manisha,manisha singh,0.7709859588211581,0.92900413,0.7278388278388279,0,0,10,0.3333333333333333,0.96,1,0,1,0.88654673
rathore miss aakanksha,akanksha rathore,1,rathore aakanksha,akanksha rathore,rathore aakanksha,akanksha rathore,0.863205440650036,0.64252794,0.6232298474945533,0,0,14,0.3333333333333333,0.97,1,0,1,0.88654673
charan miss manisha,manish charan,1,charan manisha,manish charan,charan manisha,manish charan,0.8858814241381782,0.9158786,0.6039377289377289,0,0,13,0.3333333333333333,0.96,0,0,1,0.88654673
menawat jyoti a mrs,jyoti a meenawat,1,menawat jyoti a,jyoti a meenawat,menawat jyoti a,jyoti a meenawat,0.8509693593703231,0.7369778,0.49186507936507934,0,0,14,0.5,0.97,1,0,1,0.88654673
kuvera sourabh,saurabh kuvera,1,kuvera sourabh,saurabh kuvera,kuvera sourabh,saurabh kuvera,0.7913497669268292,0.6855768,0.6190476190476191,0,0,12,0.3333333333333333,0.93,1,0,1,0.7413408
agrawal miss smita,sumita agrawal,1,agrawal smita,sumita agrawal,agrawal smita,sumita agrawal,0.7502214314727426,0.83529556,0.513919413919414,0,0,12,0.3333333333333333,0.96,1,0,1,0.88654673
sarraf arvind,arvind saraf,1,sarraf arvind,arvind saraf,sarraf arvind,arvind saraf,0.7671141736754706,0.66580236,0.5427350427350427,0,0,10,0.3333333333333333,0.96,0,0,1,0.88654673
chaudhary jagdish,jagdish choudhary,1,chaudhary jagdish,jagdish choudhary,chaudhary jagdish,jagdish choudhary,0.7944120824134847,0.85278964,0.4803921568627451,0,0,15,0.3333333333333333,0.94,0,0,1,0.88654673
bhatia gopal,g bhatia,1,bhatia gopal,g bhatia,bhatia gopal,g bhatia,0.7095014284760326,0.75237906,0.6765873015873017,0,0,8,0.3333333333333333,0.86,1,1,1,0.89895767
mali manoj kumar,m manoj,1,mali manoj kumar,m manoj,mali manoj kumar,m manoj,0.6923793776982019,0.5354081,0.7883928571428572,0,0,9,0.25,0.83,0,1,1,0.89895767
choudhary miss sangeeta,sangeeta chowdhary,1,choudhary sangeeta,sangeeta chowdhary,choudhary sangeeta,sangeeta chowdhary,0.7471770116721547,0.6996658,0.4518518518518519,0,0,18,0.3333333333333333,0.94,1,0,1,0.88654673
jai shree,shree ji,1,jai shree,shree ji,jai shree,shree ji,0.6767425658935555,0.6995008,0.32407407407407407,0,0,7,0.3333333333333333,0.94,1,0,1,0.7778753
nand bhaskara,bhaskar nandi,1,nand bhaskara,bhaskar nandi,nand bhaskara,bhaskar nandi,0.7492075601847371,0.8630892,0.6467236467236467,0,0,10,0.0,0.92,1,0,1,0.87298673
dhruv talwar,d talwar,1,dhruv talwar,d talwar,dhruv talwar,d talwar,0.6750016825892522,0.7147746,0.7875,0,0,4,0.3333333333333333,0.86,0,1,1,0.89895767
bawa singh,b singh,1,bawa singh,b singh,bawa singh,b singh,0.5622791101504947,0.87907743,0.91,0,1,3,0.3333333333333333,0.83,0,1,1,0.89880055
lalit singh,s lalit,1,lalit singh,s lalit,lalit singh,s lalit,0.797359032467153,0.62993276,0.6341991341991342,0,0,8,0.3333333333333333,0.83,0,1,1,0.89895767
chauhan vinod,v chauhan,1,chauhan vinod,v chauhan,chauhan vinod,v chauhan,0.7160888394512833,0.73557067,0.772079772079772,0,0,8,0.3333333333333333,0.88,0,1,1,0.89895767
aggarwal km dolly,d k aggarwal,1,aggarwal km dolly,d k aggarwal,aggarwal km dolly,d k aggarwal,0.6329563733013962,0.6254258,0.6405228758169935,0,0,13,0.2,0.83,0,1,1,0.89775467
gaurav goyal,g goyal,1,gaurav goyal,g goyal,gaurav goyal,g goyal,0.694097052891663,0.7833121,0.7892857142857144,0,0,5,0.3333333333333333,0.83,0,1,1,0.89895767
kanchi khurana,k khurana,1,kanchi khurana,k khurana,kanchi khurana,k khurana,0.6949347051153819,0.7686128,0.7928571428571428,0,0,5,0.3333333333333333,0.88,1,1,1,0.89895767
agarwal santosh mrs,santosh aggarwal,1,agarwal santosh,santosh aggarwal,agarwal santosh,santosh aggarwal,0.8241778529929458,0.95559084,0.48055555555555557,0,0,15,0.3333333333333333,0.97,0,0,1,0.88654673
nitu singh,n singh,1,nitu singh,n singh,nitu singh,n singh,0.596909343411869,0.87063336,0.8671428571428571,0,0,3,0.3333333333333333,0.83,0,1,1,0.89880055
sapna rathee,s rathee,1,sapna rathee,s rathee,sapna rathee,s rathee,0.6623083494215862,0.6143539,0.8625,0,0,4,0.3333333333333333,0.86,0,1,1,0.89880055
sharma maya,m sharma,1,sharma maya,m sharma,sharma maya,m sharma,0.6843105943994254,0.6836898,0.6942640692640693,0,0,7,0.3333333333333333,0.86,1,1,1,0.89895767
swati mehta,s mehta,1,swati mehta,s mehta,swati mehta,s mehta,0.7479642399220455,0.7122308,0.7623376623376624,0,0,4,0.3333333333333333,0.83,1,1,1,0.89895767
prem kumar singla,p singla,1,prem kumar singla,p singla,prem kumar singla,p singla,0.6989023570214111,0.5807728,0.5171568627450981,0,0,9,0.25,0.86,1,1,1,0.89895767
gupta raj kumar,r gupta,1,gupta raj kumar,r gupta,gupta raj kumar,r gupta,0.7279505022088876,0.8014592,0.6793650793650793,0,0,12,0.25,0.83,1,1,1,0.89895767
abhishek kathuria,a kathuria,1,abhishek kathuria,a kathuria,abhishek kathuria,a kathuria,0.7246223593259803,0.7411641,0.7564705882352942,0,0,7,0.3333333333333333,0.89,1,1,1,0.89895767
manoj kumar talwar,m talwar,1,manoj kumar talwar,m talwar,manoj kumar talwar,m talwar,0.7337635400408012,0.6325452,0.5675925925925926,0,0,10,0.25,0.86,0,1,1,0.89895767
karan verma,k verma,1,karan verma,k verma,karan verma,k verma,0.7629363066529773,0.7392348,0.7623376623376624,0,0,4,0.3333333333333333,0.83,1,1,1,0.89895767
bugga anjali,anjali bagga,1,bugga anjali,anjali bagga,bugga anjali,anjali bagga,0.6911969672222549,0.7873541,0.47222222222222215,0,0,11,0.3333333333333333,0.92,1,0,1,0.56464946
sachin k bansal,s k bansal,1,sachin k bansal,s k bansal,sachin k bansal,s k bansal,0.7073057744120195,0.7552427,0.8099999999999998,0,0,5,0.5,0.89,0,1,1,0.89895767
rohit khurana,r khurana,1,rohit khurana,r khurana,rohit khurana,r khurana,0.7385483921328203,0.811813,0.8743589743589743,0,0,4,0.3333333333333333,0.88,1,1,1,0.89880055
gupta mala,m gupta,1,gupta mala,m gupta,gupta mala,m gupta,0.759057873847135,0.81055295,0.6523809523809524,0,0,7,0.3333333333333333,0.83,1,1,1,0.89895767
gulati satish kumar,s gulati,1,gulati satish kumar,s gulati,gulati satish kumar,s gulati,0.733644308477222,0.64573544,0.6403508771929824,0,0,15,0.25,0.86,1,1,1,0.89895767
chhabra promila,promila chabra,1,chhabra promila,promila chabra,chhabra promila,promila chabra,0.849278558984255,0.5689967,0.4984126984126984,0,0,12,0.3333333333333333,0.97,1,0,1,0.88408244
sachdev rekha,r sachdev,1,sachdev rekha,r sachdev,sachdev rekha,r sachdev,0.8035184625191439,0.7314371,0.772079772079772,0,0,8,0.3333333333333333,0.88,0,1,1,0.89895767
aggarwal ku sumi,s k aggarwal,1,aggarwal ku sumi,s k aggarwal,aggarwal ku sumi,s k aggarwal,0.7423501605348143,0.8003866,0.6527777777777778,0,0,12,0.2,0.86,0,1,1,0.8983663
deepak kumar mishra,k mishra,1,deepak kumar mishra,k mishra,deepak kumar mishra,k mishra,0.6257265987822331,0.7373132,0.49605263157894736,0,0,11,0.25,0.86,1,1,1,0.89895767
yash pal,yash pal ahuja,1,yash pal,yash pal ahuja,yash pal,yash pal ahuja,0.6718554571293097,0.61125785,0.9142857142857143,0,1,6,0.6666666666666666,1.0,0,1,1,0.89880055
anamika s kumari,k s anamika,1,anamika s kumari,k s anamika,anamika s kumari,k s anamika,0.8327753632787692,0.7900039,0.7443181818181818,0,0,12,0.5,0.9,1,1,1,0.89895767
attiquc vasdev,attique vasudev,1,attiquc vasdev,attique vasudev,attiquc vasdev,attique vasudev,0.5484645084562001,0.7157647,0.9128937728937729,0,0,2,0.0,0.9,0,0,1,0.86351377
kunal bajaj,k bajaj,1,kunal bajaj,k bajaj,kunal bajaj,k bajaj,0.7220418902830472,0.75833476,0.8051948051948052,0,0,4,0.3333333333333333,0.83,0,1,1,0.89895767
jain mahaveer prasad,mahaveer p jain,1,jain mahaveer prasad,mahaveer p jain,jain mahaveer prasad,mahaveer p jain,0.8486075020618745,0.8858819,0.6611111111111111,0,0,10,0.5,0.93,0,1,1,0.89895767
yadav sonia,s yadav,1,yadav sonia,s yadav,yadav sonia,s yadav,0.6678956950722367,0.67627436,0.6341991341991342,0,0,8,0.3333333333333333,0.83,0,1,1,0.89895767
puppala venkata,p venkata,1,puppala venkata,p venkata,puppala venkata,p venkata,0.6056183825886089,0.6704401,0.7466666666666668,0,0,6,0.3333333333333333,0.88,1,1,1,0.89895767
narula rajinder pertap,rajinder p narula,1,narula rajinder pertap,rajinder p narula,narula rajinder pertap,rajinder p narula,0.7603557938285224,0.81800205,0.6991681521093285,0,0,13,0.5,0.94,1,1,1,0.89895767
yadav sunil kumar,s yadav,1,yadav sunil kumar,s yadav,yadav sunil kumar,s yadav,0.6562900721548167,0.64209545,0.6610644257703081,0,0,14,0.25,0.83,0,1,1,0.89895767
mittal surender mohan,surender mittal,1,mittal surender mohan,surender mittal,mittal surender mohan,surender mittal,0.9007637591388961,0.61840636,0.7492063492063492,0,0,11,0.6666666666666666,1.0,0,1,1,0.89895767
nagar kishor kumar,k nagar,1,nagar kishor kumar,k nagar,nagar kishor kumar,k nagar,0.5787769622131218,0.77046144,0.6534391534391534,0,0,14,0.25,0.83,0,1,1,0.89895767
dahiya sonia,s dahiya,1,dahiya sonia,s dahiya,dahiya sonia,s dahiya,0.750908840632348,0.6225885,0.6765873015873017,0,0,8,0.3333333333333333,0.86,1,1,1,0.89895767
manvi talwar,m talwar,1,manvi talwar,m talwar,manvi talwar,m talwar,0.730413273047442,0.6558936,0.7875,0,0,4,0.3333333333333333,0.86,0,1,1,0.89895767
prabhu dayal,p dayal,1,prabhu dayal,p dayal,prabhu dayal,p dayal,0.6856714853526968,0.5789511,0.7892857142857144,0,0,5,0.3333333333333333,0.83,0,1,1,0.89895767
wishard navin jonathan,navin j wishard,1,wishard navin jonathan,navin j wishard,wishard navin jonathan,navin j wishard,0.779961043430721,0.8357415,0.7383838383838383,0,0,14,0.5,0.93,0,1,1,0.89895767
kanchan gulati,k gulati,1,kanchan gulati,k gulati,kanchan gulati,k gulati,0.7071728629216388,0.75288403,0.7964285714285714,0,0,6,0.3333333333333333,0.86,1,1,1,0.89895767
saini sandeep,sandeep sahni,1,saini sandeep,sandeep sahni,saini sandeep,sandeep sahni,0.5759165438001546,0.67392164,0.6602564102564102,0,0,10,0.3333333333333333,0.92,1,0,1,0.56464946
s rajesh,rajesh sidana,1,s rajesh,rajesh sidana,s rajesh,rajesh sidana,0.5894358973379323,0.7218233,0.7051282051282052,0,0,9,0.3333333333333333,0.86,0,1,1,0.89895767
gupta sunil,s gupta,1,gupta sunil,s gupta,gupta sunil,s gupta,0.687777250967505,0.7549132,0.6341991341991342,0,0,8,0.3333333333333333,0.83,1,1,1,0.89895767
amitava biswas,a biswas,1,amitava biswas,a biswas,amitava biswas,a biswas,0.6743921651516873,0.7368432,0.7589285714285714,0,0,6,0.3333333333333333,0.86,0,1,1,0.89895767
sat vir singh,s v singh,1,sat vir singh,s v singh,sat vir singh,s v singh,0.551688778360168,0.63934696,0.8743589743589743,0,0,4,0.2,0.82,0,1,1,0.8938584
ajit kumar mandal,a mandal,1,ajit kumar mandal,a mandal,ajit kumar mandal,a mandal,0.6175276806323351,0.6155624,0.6397058823529412,0,0,9,0.25,0.86,0,1,1,0.89895767
kriti sinha,k sinha,1,kriti sinha,k sinha,kriti sinha,k sinha,0.6707344235968176,0.75727654,0.848051948051948,0,0,4,0.3333333333333333,0.83,1,1,1,0.8989275
reena sinha,r sinha,1,reena sinha,r sinha,reena sinha,r sinha,0.698456978962897,0.5805229,0.7623376623376624,0,0,4,0.3333333333333333,0.83,1,1,1,0.89895767
anuj kr choudhary,a k choudhary,1,anuj kr choudhary,a k choudhary,anuj kr choudhary,a k choudhary,0.6947325237641104,0.6926183,0.814027149321267,0,0,4,0.2,0.87,0,1,1,0.8983663
subho banerjee,s banerjee,1,subho banerjee,s banerjee,subho banerjee,s banerjee,0.730722432399847,0.75432706,0.8842857142857143,0,0,4,0.3333333333333333,0.89,0,1,1,0.89880055
sudeshna dasgupta,s dasgupta,1,sudeshna dasgupta,s dasgupta,sudeshna dasgupta,s dasgupta,0.72656083357203,0.7427572,0.7564705882352942,0,0,7,0.3333333333333333,0.89,1,1,1,0.89895767
anita goswami,a goswami,1,anita goswami,a goswami,anita goswami,a goswami,0.8280089267159169,0.5851939,0.8076923076923077,0,0,4,0.3333333333333333,0.88,1,1,1,0.89895767
rimpi dutta,r dutta,1,rimpi dutta,r dutta,rimpi dutta,r dutta,0.5719315157655377,0.70196086,0.8909090909090909,0,0,4,0.3333333333333333,0.83,1,1,1,0.89880055
ruchi sharan,r sharan,1,ruchi sharan,r sharan,ruchi sharan,r sharan,0.5223825719615299,0.7744792,0.8625,0,0,4,0.3333333333333333,0.86,0,1,1,0.8939444
shahid anwar,s anwar,1,shahid anwar,s anwar,shahid anwar,s anwar,0.6634048920766776,0.7450134,0.7892857142857144,0,0,5,0.3333333333333333,0.83,0,1,1,0.89895767
vikas kumar sinha,v sinha,1,vikas kumar sinha,v sinha,vikas kumar sinha,v sinha,0.6165771216173306,0.60710734,0.5361344537815126,0,0,10,0.25,0.83,1,1,1,0.89895767
akash kumar verma,k verma,1,akash kumar verma,k verma,akash kumar verma,k verma,0.6405499793718867,0.6298288,0.5361344537815126,0,0,10,0.25,0.83,1,1,1,0.89895767
mahjabin yamani,mahajabin yamini,1,mahjabin yamani,mahajabin yamini,mahjabin yamani,mahajabin yamini,0.5495982107118761,0.63970506,0.8920833333333333,0,1,2,0.0,0.9,1,0,1,0.8574862
mukul pandey,m pandey,1,mukul pandey,m pandey,mukul pandey,m pandey,0.6527774851675429,0.5990468,0.8999999999999999,0,0,4,0.3333333333333333,0.86,0,1,1,0.89880055
pooja mishra,p mishra,1,pooja mishra,p mishra,pooja mishra,p mishra,0.6227922555439784,0.74934083,0.7875,0,0,4,0.3333333333333333,0.86,1,1,1,0.89895767
poonam toppo,p toppo,1,poonam toppo,p toppo,poonam toppo,p toppo,0.7744977142975357,0.7021732,0.7892857142857144,0,0,5,0.3333333333333333,0.83,0,1,1,0.89895767
kapil deo choudhary,d k choudhary,1,kapil deo choudhary,d k choudhary,kapil deo choudhary,d k choudhary,0.6226756904523674,0.6500459,0.8178137651821862,0,0,8,0.2,0.82,0,1,1,0.8983663
arya pranav chaitanya,a p chaitanya,1,arya pranav chaitanya,a p chaitanya,arya pranav chaitanya,a p chaitanya,0.7232193655394211,0.6017344,0.7703296703296704,0,0,8,0.2,0.82,1,1,1,0.89775467
kajol verma,k verma,1,kajol verma,k verma,kajol verma,k verma,0.5703434710587455,0.7735876,0.8909090909090909,0,0,4,0.3333333333333333,0.83,1,1,1,0.89880055
mukesh kumar kanaujia,m kanaujia,1,mukesh kumar kanaujia,m kanaujia,mukesh kumar kanaujia,m kanaujia,0.7783159062943585,0.65061486,0.6301587301587301,0,0,11,0.25,0.89,1,1,1,0.89895767
rajan kumar sinha,r sinha,1,rajan kumar sinha,r sinha,rajan kumar sinha,r sinha,0.6968758345769963,0.5816022,0.5189075630252101,0,0,10,0.25,0.83,1,1,1,0.89895767
rajiv sharma,r sharma,1,rajiv sharma,r sharma,rajiv sharma,r sharma,0.6109068278748339,0.7950151,0.7875,0,0,4,0.3333333333333333,0.86,1,1,1,0.89895767
sudha bindu bhattacharjee,s bhattacharjee,1,sudha bindu bhattacharjee,s bhattacharjee,sudha bindu bhattacharjee,s bhattacharjee,0.7648207581652754,0.6865331,0.78,0,0,10,0.25,0.93,0,1,1,0.89895767
malina chaudhuri,m chaudhuri,1,malina chaudhuri,m chaudhuri,malina chaudhuri,m chaudhuri,0.7626176166012386,0.781999,0.7698863636363635,0,0,5,0.3333333333333333,0.9,1,1,1,0.89895767
m shiraz ali,m s ali,1,m shiraz ali,m s ali,m shiraz ali,m s ali,0.51476993646803,0.7889039,0.8694444444444446,0,0,5,0.5,0.83,1,1,1,0.8939444
anil kumar choudhary,a k choudhary,1,anil kumar choudhary,a k choudhary,anil kumar choudhary,a k choudhary,0.7685962037850248,0.60764885,0.8026923076923076,0,0,7,0.2,0.82,0,1,1,0.89775467
gargi mishra,g mishra,1,gargi mishra,g mishra,gargi mishra,g mishra,0.6196773356321357,0.81670594,0.7875,0,0,4,0.3333333333333333,0.86,1,1,1,0.89895767
pranab krishna chaudhuri,p k chaudhuri,1,pranab krishna chaudhuri,p k chaudhuri,pranab krishna chaudhuri,p k chaudhuri,0.6454114862364511,0.71052754,0.7701923076923076,0,0,11,0.2,0.82,1,1,1,0.8983663
bhupes sil,bhupesh shil,1,bhupes sil,bhupesh shil,bhupes sil,bhupesh shil,0.635171038951394,0.7506145,0.9666666666666667,0,1,2,0.0,0.91,0,0,1,0.88564974
susmita chaudhuri,s chaudhuri,1,susmita chaudhuri,s chaudhuri,susmita chaudhuri,s chaudhuri,0.684131189577819,0.78841144,0.7577540106951872,0,0,6,0.3333333333333333,0.9,1,1,1,0.89895767
naik rajeshwar vishnudas,rajeshwar v naik,1,naik rajeshwar vishnudas,rajeshwar v naik,naik rajeshwar vishnudas,rajeshwar v naik,0.6863223466220991,0.7440806,0.6986111111111111,0,0,12,0.5,0.93,0,1,1,0.89895767
pai raikar anil venktesh,anil v pai raikar,1,pai raikar anil venktesh,anil v pai raikar,pai raikar anil venktesh,anil v pai raikar,0.707547230066228,0.76954424,0.7851307189542484,0,0,18,0.6,0.94,1,1,1,0.89895767
naik raghunath l,r l naik,1,naik raghunath l,r l naik,naik raghunath l,r l naik,0.5713888591434862,0.6385948,0.5416666666666666,0,0,13,0.5,0.86,0,1,1,0.89895767
pednecar ratna g,ratna g pednekar,1,pednecar ratna g,ratna g pednekar,pednecar ratna g,ratna g pednekar,0.749080271047872,0.8316459,0.65,0,0,14,0.5,0.94,1,0,1,0.88654673
proenca joaquim,joquim proanca,1,proenca joaquim,joquim proanca,proenca joaquim,joquim proanca,0.6978375324549146,0.8802157,0.49682539682539684,0,0,12,0.0,0.9,1,0,1,0.83958846
jaiswal amarnath,a jaiswal,1,jaiswal amarnath,a jaiswal,jaiswal amarnath,a jaiswal,0.664842252189312,0.70868033,0.7060185185185185,0,0,11,0.3333333333333333,0.88,0,1,1,0.89895767
srivastava ashish,ashis srivastav,1,srivastava ashish,ashis srivastav,srivastava ashish,ashis srivastav,0.7916701452823732,0.83612525,0.799906629318394,0,0,12,0.0,0.94,0,0,1,0.8921022
dubhashi avinash nagesh,avinash n dubhashi,1,dubhashi avinash nagesh,avinash n dubhashi,dubhashi avinash nagesh,avinash n dubhashi,0.8534216791678777,0.8659716,0.7979066022544283,0,0,16,0.5,0.94,1,1,1,0.89895767
mahesh xembu amoncar,mahesh x amoncar,1,mahesh xembu amoncar,mahesh x amoncar,mahesh xembu amoncar,mahesh x amoncar,0.7602483781283993,0.8938024,0.9475,0,1,4,0.5,0.93,0,1,1,0.89880055
sinai singbal uday laximan,uday singbal,1,sinai singbal uday laximan,uday singbal,sinai singbal uday laximan,uday singbal,0.702993384086795,0.568252,0.6246438746438746,0,0,17,0.5,1.0,0,1,1,0.89895767
naik vijay raghunath,vijay r naik,1,naik vijay raghunath,vijay r naik,naik vijay raghunath,vijay r naik,0.6685013798677141,0.82593834,0.7000000000000001,0,0,11,0.5,0.91,0,1,1,0.89895767
kadam rameshwar piraji,rameshwar p kadam,1,kadam rameshwar piraji,rameshwar p kadam,kadam rameshwar piraji,rameshwar p kadam,0.7721894682647155,0.81598556,0.7213903743315507,0,0,11,0.5,0.94,0,1,1,0.89895767
narvekar kiran ganesh,kiran g narvekar,1,narvekar kiran ganesh,kiran g narvekar,narvekar kiran ganesh,kiran g narvekar,0.8524647692181972,0.9050083,0.7748015873015873,0,0,16,0.5,0.93,0,1,1,0.89895767
kini anant shinivas,anant s kini,1,kini anant shinivas,anant s kini,kini anant shinivas,anant s kini,0.7619698910137966,0.71368253,0.7105263157894738,0,0,10,0.5,0.91,1,1,1,0.89895767
arawattigi suyog samuel,s samuel arawattigi,1,arawattigi suyog samuel,s samuel arawattigi,arawattigi suyog samuel,s samuel arawattigi,0.82708242825549,0.85854673,0.6583269768624459,0,0,21,0.5,0.94,1,1,1,0.89895767
kamat sonu vaikunt,sonu v kamat,1,kamat sonu vaikunt,sonu v kamat,kamat sonu vaikunt,sonu v kamat,0.6897084545482556,0.80818313,0.7222222222222222,0,0,11,0.5,0.91,0,1,1,0.89895767
dichen doma bhutia,dichen d bhutia,1,dichen doma bhutia,dichen d bhutia,dichen doma bhutia,dichen d bhutia,0.8493270475967719,0.86416054,0.9266666666666667,0,1,3,0.5,0.93,1,1,1,0.89880055
kincho lhasong bhutia,kincho l bhutia,1,kincho lhasong bhutia,kincho l bhutia,kincho lhasong bhutia,kincho l bhutia,0.7527920323249266,0.89366746,0.9028571428571429,0,1,6,0.5,0.93,1,1,1,0.89880055
Anil K Gupta,Gupta Anil K,1,anil k gupta,gupta anil k,anil k gupta,gupta anil k,1.0000000000000002,0.9767347,0.47222222222222215,0,0,12,1.0,1.0,1,1,1,0.89895767
v kumar yadav,vinay kumar yadav,0,v kumar yadav,vinay kumar yadav,v kumar yadav,vinay kumar yadav,0.771589455774991,0.8589331,0.814027149321267,0,0,4,0.5,0.92,0,1,1,0.89895767
ashok p,p ashok kumar,0,ashok p,p ashok kumar,ashok p,p ashok kumar,0.8458208657688515,0.85818326,0.6062271062271062,0,0,7,0.6666666666666666,1.0,0,1,1,0.89895767
ramnath s,s ramnath,0,ramnath s,s ramnath,ramnath s,s ramnath,1.0,0.96849245,0.8518518518518517,0,0,4,1.0,1.0,0,1,1,0.8988725
hameed,abdul hameed,0,hameed,abdul hameed,hameed,abdul hameed,0.7192810446532725,0.73484206,0.47222222222222215,0,0,6,0.5,1.0,0,0,1,0.82542205
priya varma,p varma,0,priya varma,p varma,priya varma,p varma,0.6990880076366975,0.7226601,0.7623376623376624,0,0,4,0.3333333333333333,0.83,1,1,1,0.89895767
rajendra p yadav,rajendra y,0,rajendra p yadav,rajendra y,rajendra p yadav,rajendra y,0.6936907309249359,0.76914734,0.925,0,1,6,0.25,0.89,1,1,1,0.89880055
kumar gaurav mishra,gaurav mishra k,0,kumar gaurav mishra,gaurav mishra k,kumar gaurav mishra,gaurav mishra k,0.9123215256733568,0.8503214,0.7472013366750208,0,0,8,0.5,0.93,1,1,1,0.89895767
sakshi,sakshi singh,0,sakshi,sakshi singh,sakshi,sakshi singh,0.810567398593909,0.83213055,0.9,0,0,6,0.5,1.0,1,0,1,0.7612751
rohini chandran,r chandran,0,rohini chandran,r chandran,rohini chandran,r chandran,0.6297911889404663,0.8191373,0.78,0,0,5,0.3333333333333333,0.89,0,1,1,0.89895767
manish p,manish prasad,0,manish p,manish prasad,manish p,manish prasad,0.6621295951310572,0.70033646,0.9230769230769231,0,1,5,0.3333333333333333,0.86,0,1,1,0.89880055
rohit k saxena,rohit kumar saxena,0,rohit k saxena,rohit kumar saxena,rohit k saxena,rohit kumar saxena,0.9228285320514533,0.8528707,0.9126984126984127,0,0,4,0.5,0.92,1,1,1,0.89880055
arun reddy,a reddy,0,arun reddy,a reddy,arun reddy,a reddy,0.7356720367795284,0.74388826,0.8671428571428571,0,0,3,0.3333333333333333,0.83,0,1,1,0.89880055
pavan kumar m,pavan m,0,pavan kumar m,pavan m,pavan kumar m,pavan m,0.8463805981659688,0.7993212,0.9076923076923077,0,0,6,0.6666666666666666,1.0,0,1,1,0.89880055
sanjay b,sanjay kumar bhatia,0,sanjay b,sanjay kumar bhatia,sanjay b,sanjay kumar bhatia,0.5703292606259883,0.8161732,0.8842105263157894,0,0,11,0.25,0.86,0,1,1,0.89880055
afroz ahemad,afroza ahad,0,afroz ahemad,afroza ahad,afroz ahemad,afroza ahad,0.571218266412133,0.798387,0.9084848484848485,0,1,3,0.0,0.87,0,0,1,0.88236624
manju govil,govila manoj,0,manju govil,govila manoj,manju govil,govila manoj,0.5455916033174458,0.76375276,0.5075757575757576,0,0,11,0.0,0.87,0,0,1,0.83188784
siddharath hirani,siddharth rai,0,siddharath hirani,siddharth rai,siddharath hirani,siddharth rai,0.5174094730407249,0.80489445,0.9067873303167421,0,1,4,0.0,0.87,1,0,1,0.7138914
a d rama,adrama,0,a d rama,a d rama,a d rama,a d rama,1.0000000000000002,0.99999994,1.0,1,1,0,1.0,1.0,1,1,1,0.89880055
h rajkumar,ch rajkumari,0,h rajkumar,ch rajkumari,h rajkumar,ch rajkumari,0.7599276588244623,0.8321639,0.9444444444444445,0,0,2,0.0,0.91,0,0,1,0.8848276
veena jagadeesh,reena jagadeesha,0,veena jagadeesh,reena jagadeesha,veena jagadeesh,reena jagadeesha,0.7835032074303416,0.8182819,0.9361111111111112,0,0,2,0.0,0.9,1,0,1,0.8848276
asim alim,nasim ali,0,asim alim,nasim ali,asim alim,nasim ali,0.6248472220200634,0.71623695,0.9259259259259259,0,0,2,0.0,0.89,0,0,1,0.8848276
justin mathew,austin mathews,0,justin mathew,austin mathews,justin mathew,austin mathews,0.5868879938205254,0.52061427,0.9267399267399267,0,0,2,0.0,0.89,0,0,1,0.8838407
ayana,nayana,0,ayana,nayana,ayana,nayana,0.6050041885988454,0.47899675,0.9444444444444445,0,0,1,0.0,0.91,1,0,1,0.8838407
nishika,ishika,0,nishika,ishika,nishika,ishika,0.7204539190501748,0.60098165,0.9523809523809524,0,0,1,0.0,0.92,1,0,1,0.8838407
julekha,sulekha,0,julekha,sulekha,julekha,sulekha,0.6837187137086649,0.56703174,0.9047619047619048,0,0,1,0.0,0.86,1,0,1,0.8838407
kshitiz aggarwal,shitiz agarwal,0,kshitiz aggarwal,shitiz agarwal,kshitiz aggarwal,shitiz agarwal,0.773520996118933,0.6255914,0.9583333333333334,0,0,2,0.0,0.93,0,0,1,0.8838407
nidhi chabra,ridhi chhabra,0,nidhi chabra,ridhi chhabra,nidhi chabra,ridhi chhabra,0.5949089917622404,0.41071537,0.9209401709401709,0,0,2,0.0,0.88,1,0,1,0.8838407
mehani,ummehani,0,mehani,ummehani,mehani,ummehani,0.648612119275038,0.42745164,0.9166666666666666,0,0,2,0.0,0.86,1,0,1,0.8838407
arshad,harshad,0,arshad,harshad,arshad,harshad,0.774312460480093,0.38489264,0.9523809523809524,0,0,1,0.0,0.92,0,0,1,0.8838407
shavneet,avneet,0,shavneet,avneet,shavneet,avneet,0.7565662748502523,0.34453362,0.9166666666666666,0,0,2,0.0,0.86,0,0,1,0.8838407
zamaluddin,jamaluddin,0,zamaluddin,jamaluddin,zamaluddin,jamaluddin,0.7673379460029114,0.6968987,0.9333333333333332,0,0,1,0.0,0.9,0,0,1,0.8838407
jalpesh majumdar,kalpesh majumder,0,jalpesh majumdar,kalpesh majumder,jalpesh majumdar,kalpesh majumder,0.707032153671524,0.7743556,0.9166666666666666,0,0,2,0.0,0.88,0,0,1,0.8848276
s sathasivasubramanian,santha sivasubramanian,0,s sathasivasubramanian,santha sivasubramanian,s sathasivasubramanian,santha sivasubramanian,0.7569575491148106,0.26857644,0.9012987012987013,0,0,4,0.0,0.91,0,0,1,0.8688796
urvish doshi,purvish joshi,0,urvish doshi,purvish joshi,urvish doshi,purvish joshi,0.6006681422304447,0.3172154,0.9209401709401709,0,0,2,0.0,0.88,1,0,1,0.8838407
aiyaz ahemed,faiyaz ahmed,0,aiyaz ahemed,faiyaz ahmed,aiyaz ahemed,faiyaz ahmed,0.5826514035875723,0.45615533,0.914141414141414,0,0,2,0.0,0.92,0,0,1,0.8838407
bharman,harman,0,bharman,harman,bharman,harman,0.7513561305482686,0.4042498,0.9523809523809524,0,0,1,0.0,0.92,0,0,1,0.8838407
anjani rai,ranjani ravi,0,anjani rai,ranjani ravi,anjani rai,ranjani ravi,0.584727159883439,0.65659946,0.9444444444444445,0,0,2,0.0,0.91,1,0,1,0.8838407
gananthan,ananthan,0,gananthan,ananthan,gananthan,ananthan,0.7928115418939826,0.53790087,0.9629629629629629,0,0,1,0.0,0.94,0,0,1,0.7515178
badri dass,adri das,0,badri dass,adri das,badri dass,adri das,0.5465221227065655,0.65180147,0.9333333333333332,0,0,2,0.0,0.89,1,0,1,0.86237264
oishika,rishika,0,oishika,rishika,oishika,rishika,0.6192505613034579,0.48320046,0.9047619047619048,0,0,1,0.0,0.86,1,0,1,0.8838407
kishwar,ishwar,0,kishwar,ishwar,kishwar,ishwar,0.676639727272214,0.36454833,0.9523809523809524,0,0,1,0.0,0.92,0,0,1,0.8838407
hainath,sainath,0,hainath,sainath,hainath,sainath,0.7041663434072053,0.71804476,0.9047619047619048,0,0,1,0.0,0.86,0,0,1,0.8848276
pavneet,ravneet,0,pavneet,ravneet,pavneet,ravneet,0.7396367914557843,0.60079443,0.9047619047619048,0,0,1,0.0,0.86,0,0,1,0.8838407
athish,sathish,0,athish,sathish,athish,sathish,0.7047104358112262,0.60412145,0.9523809523809524,0,0,1,0.0,0.92,0,0,1,0.8838407
dhanshu,sudhanshu,0,dhanshu,sudhanshu,dhanshu,sudhanshu,0.7804898210329805,0.4946985,0.9259259259259259,0,0,2,0.0,0.88,0,0,1,0.8838407
arijith,srijith,0,arijith,srijith,arijith,srijith,0.7254677924110634,0.55743587,0.9047619047619048,0,0,1,0.0,0.86,0,0,1,0.8838407
jivanandham,sivanandham,0,jivanandham,sivanandham,jivanandham,sivanandham,0.7209258525399029,0.71603036,0.9393939393939394,0,0,1,0.0,0.91,0,0,1,0.8848276
mohit upadhaya,rohit upadhayay,0,mohit upadhaya,rohit upadhayay,mohit upadhaya,rohit upadhayay,0.7718203733032497,0.8336572,0.9317460317460317,0,0,2,0.0,0.9,0,0,1,0.8848276
honisha,mhonisha,0,honisha,mhonisha,honisha,mhonisha,0.6412832233136041,0.62123114,0.9583333333333334,0,0,1,0.0,0.93,1,0,1,0.8838407
zuveria,juveria,0,zuveria,juveria,zuveria,juveria,0.6910026783910657,0.6869905,0.9047619047619048,0,0,1,0.0,0.86,1,0,1,0.8838407
harathi,bharathi,0,harathi,bharathi,harathi,bharathi,0.7673390828515942,0.44949922,0.9583333333333334,0,0,1,0.0,0.93,1,0,1,0.8838407
ishapreet,dikshapreet,0,ishapreet,dikshapreet,ishapreet,dikshapreet,0.6827138232898993,0.60811436,0.9393939393939394,0,0,2,0.0,0.9,0,0,1,0.8838407
mohit upadhyay,rohit upadhyaya,0,mohit upadhyay,rohit upadhyaya,mohit upadhyay,rohit upadhyaya,0.7644982887780559,0.8614218,0.9317460317460317,0,0,2,0.0,0.9,0,0,1,0.8848276
haja nazimuddin,khaja naziruddin,0,haja nazimuddin,khaja naziruddin,haja nazimuddin,khaja naziruddin,0.5897749216682023,0.64979947,0.9361111111111112,0,0,2,0.0,0.9,1,0,1,0.8838407
neha kamat,sneha kamath,0,neha kamat,sneha kamath,neha kamat,sneha kamath,0.6481455980476551,0.6219534,0.9444444444444445,0,0,2,0.0,0.91,1,0,1,0.8838407
b ashwinkumar,m ashwin kumar,0,b ashwinkumar,m ashwin kumar,b ashwinkumar,m ashwin kumar,0.6706209822282944,0.7002251,0.9267399267399267,0,0,2,0.0,0.89,0,0,1,0.8838407
arindam,varinda,0,arindam,varinda,arindam,varinda,0.5322700882319247,0.3749603,0.9047619047619048,0,0,2,0.0,0.86,0,0,1,0.85678
harlin,charlin,0,harlin,charlin,harlin,charlin,0.8386907040271476,0.33364862,0.9523809523809524,0,0,1,0.0,0.92,0,0,1,0.8838407
haneesha,aneesha,0,haneesha,aneesha,haneesha,aneesha,0.7672145478607442,0.6213628,0.9583333333333334,0,0,1,0.0,0.93,1,0,1,0.8838407
aruna suman,baruna sumana,0,aruna suman,baruna sumana,aruna suman,baruna sumana,0.7457226881497704,0.4883478,0.9487179487179488,0,0,2,0.0,0.92,1,0,1,0.8838407
imthias,mathias,0,imthias,mathias,imthias,mathias,0.54600376197625,0.29224974,0.9047619047619048,0,0,2,0.0,0.86,0,0,1,0.86237264
v balakrishanan,n balakrishnan,0,v balakrishanan,n balakrishnan,v balakrishanan,n balakrishnan,0.7543163499619411,0.5666164,0.9061050061050061,0,0,2,0.0,0.9,0,0,1,0.8838407
anchit thukral,sanchit thakral,0,anchit thukral,sanchit thakral,anchit thukral,sanchit thakral,0.6146935642327032,0.53951734,0.9061050061050061,0,0,2,0.0,0.9,0,0,1,0.8838407
beena rajan,heena rajani,0,beena rajan,heena rajani,beena rajan,heena rajani,0.5175014301778703,0.6499622,0.914141414141414,0,0,2,0.0,0.87,1,0,1,0.7301792
m gururaghavendran,k gururaghavendra,0,m gururaghavendran,k gururaghavendra,m gururaghavendran,k gururaghavendra,0.933261875330132,0.79649645,0.943355119825708,0,0,2,0.0,0.91,0,0,1,0.88458633
leelama,aleelam,0,leelama,aleelam,leelama,aleelam,0.6033140233339921,0.28651962,0.9047619047619048,0,0,2,0.0,0.86,0,0,1,0.8838407
pathiventhan,mathiventhan,0,pathiventhan,mathiventhan,pathiventhan,mathiventhan,0.8625730155910516,0.76761436,0.9444444444444443,0,0,1,0.0,0.92,0,0,1,0.8848276
sreevani,psreevani,0,sreevani,psreevani,sreevani,psreevani,0.8464838858481928,0.612201,0.9629629629629629,0,0,1,0.0,0.94,1,0,1,0.7495756
ameena,sameena,0,ameena,sameena,ameena,sameena,0.753479154198216,0.4044742,0.9523809523809524,0,0,1,0.0,0.92,1,0,1,0.8838407
mukaram,tukaram,0,mukaram,tukaram,mukaram,tukaram,0.5969147906288225,0.7475819,0.9047619047619048,0,0,1,0.0,0.86,0,0,1,0.8848276
b chakradhar reddy,chakradhar reddy,0,b chakradhar reddy,chakradhar reddy,b chakradhar reddy,chakradhar reddy,0.9760782043676863,0.94917417,0.9629629629629629,0,0,2,0.6666666666666666,1.0,0,1,1,0.89880055
jinisha,minisha,0,jinisha,minisha,jinisha,minisha,0.589664898400443,0.4598276,0.9047619047619048,0,0,1,0.0,0.86,1,0,1,0.8838407
jaffarullah,zafarullah,0,jaffarullah,zafarullah,jaffarullah,zafarullah,0.577046893300935,0.4956582,0.9060606060606061,0,0,2,0.0,0.86,0,0,1,0.8838407
hanisha,anisha,0,hanisha,anisha,hanisha,anisha,0.7152749263870795,0.733166,0.9523809523809524,0,0,1,0.0,0.92,1,0,1,0.8848276
moneet agarwal,soneet aggarwal,0,moneet agarwal,soneet aggarwal,moneet agarwal,soneet aggarwal,0.6952901698699604,0.80473566,0.9317460317460317,0,0,2,0.0,0.9,0,0,1,0.8848276
rohini mali,mohini malik,0,rohini mali,mohini malik,rohini mali,mohini malik,0.6325458030446824,0.4503019,0.914141414141414,0,0,2,0.0,0.87,1,0,1,0.8838407
bijith,abijith,0,bijith,abijith,bijith,abijith,0.7725050410140271,0.51555884,0.9523809523809524,0,0,1,0.0,0.92,0,0,1,0.8838407
dola srinivas,kola srinivasu,0,dola srinivas,kola srinivasu,dola srinivas,kola srinivasu,0.6065971916696873,0.79360306,0.9267399267399267,0,0,2,0.0,0.89,1,0,1,0.8848276
dakshman,lakshman,0,dakshman,lakshman,dakshman,lakshman,0.653691880467965,0.7524253,0.9166666666666666,0,0,1,0.0,0.88,0,0,1,0.8848276
crajendra prasad,rajendraprasad,0,crajendra prasad,rajendraprasad,crajendra prasad,rajendraprasad,0.6879484413703771,0.68686056,0.9583333333333334,0,0,2,0.0,0.93,0,0,1,0.8838407
chalapathi,thalapathi,0,chalapathi,thalapathi,chalapathi,thalapathi,0.8118255953143508,0.7762482,0.9333333333333332,0,0,1,0.0,0.9,1,0,1,0.8848276
amiruddin,zamiruddin,0,amiruddin,zamiruddin,amiruddin,zamiruddin,0.8201123274270831,0.7928958,0.9666666666666667,0,0,1,0.0,0.95,0,0,1,0.7495756
b rajeshkanna,g rajeshkannan,0,b rajeshkanna,g rajeshkannan,b rajeshkanna,g rajeshkannan,0.8675056458649338,0.81882745,0.9267399267399267,0,0,2,0.0,0.89,0,0,1,0.8848276
tharanipriya,dharanipriya,0,tharanipriya,dharanipriya,tharanipriya,dharanipriya,0.8407793897186343,0.49198267,0.9444444444444443,0,0,1,0.0,0.92,1,0,1,0.8838407
p nagarjuna reddy,nagarjuna reddy,0,p nagarjuna reddy,nagarjuna reddy,p nagarjuna reddy,nagarjuna reddy,0.9836479044286366,0.94442695,0.9607843137254902,0,0,2,0.6666666666666666,1.0,1,1,1,0.89880055
lateesh,sateesh,0,lateesh,sateesh,lateesh,sateesh,0.6719015796434076,0.3395297,0.9047619047619048,0,0,1,0.0,0.86,0,0,1,0.8838407
aseem ahemad,waseem ahmad,0,aseem ahemad,waseem ahmad,aseem ahemad,waseem ahmad,0.5297876151518299,0.48706585,0.9444444444444443,0,0,2,0.0,0.92,0,0,1,0.8426527
rathan,prathan,0,rathan,prathan,rathan,prathan,0.7361389900408215,0.19443646,0.9523809523809524,0,0,1,0.0,0.92,0,0,1,0.8838407
juneesh,muneesh,0,juneesh,muneesh,juneesh,muneesh,0.5951599769901467,0.22880158,0.9047619047619048,0,0,1,0.0,0.86,0,0,1,0.8838407
anzila,tanzila,0,anzila,tanzila,anzila,tanzila,0.8689169840705597,0.7425958,0.9523809523809524,0,0,1,0.0,0.92,1,0,1,0.8848276
janeesh,aneesh,0,janeesh,aneesh,janeesh,aneesh,0.7258158909519429,0.34261167,0.9523809523809524,0,0,1,0.0,0.92,0,0,1,0.8838407
rajuddin,sirajuddin,0,rajuddin,sirajuddin,rajuddin,sirajuddin,0.8213683977294983,0.49618623,0.9333333333333332,0,0,2,0.0,0.89,0,0,1,0.8838407
yashwini,ashwini,0,yashwini,ashwini,yashwini,ashwini,0.8073793597476148,0.61509734,0.9583333333333334,0,0,1,0.0,0.93,1,0,1,0.8838407
d bandyopadhyay,andyopadhyay,0,d bandyopadhyay,andyopadhyay,d bandyopadhyay,andyopadhyay,0.8976496919261335,0.3924147,0.8222222222222223,0,0,3,0.0,0.89,0,0,1,0.8646388
d bandyopadhyay,andyopadhyay,0,d bandyopadhyay,andyopadhyay,d bandyopadhyay,andyopadhyay,0.8976496919261335,0.3924147,0.8222222222222223,0,0,3,0.0,0.89,0,0,1,0.8646388
satish rathi,arathi satish,0,satish rathi,arathi satish,satish rathi,arathi satish,0.8682073275839572,0.54545397,0.7675213675213675,0,0,9,0.3333333333333333,0.96,1,0,1,0.88408244
amritendu mondal,mandal amritendu,0,amritendu mondal,mandal amritendu,amritendu mondal,mandal amritendu,0.8632829277969418,0.5555153,0.7738095238095237,0,0,14,0.3333333333333333,0.94,0,0,1,0.88408244
anita tripathi,tripathi nita,0,anita tripathi,tripathi nita,anita tripathi,tripathi nita,0.8926564950519207,0.4999513,0.76007326007326,0,0,10,0.3333333333333333,0.96,1,0,1,0.88408244
r govindarajulu,govinda rajulu v,0,r govindarajulu,govinda rajulu v,r govindarajulu,govinda rajulu v,0.8736650118282137,0.592199,0.8408730158730159,0,0,5,0.0,0.9,0,0,1,0.84685117
tanveer ansar,ansari tanveer,0,tanveer ansar,ansari tanveer,tanveer ansar,ansari tanveer,0.9175220383547859,0.597476,0.7413512413512414,0,0,9,0.3333333333333333,0.96,0,0,1,0.88408244
md aleemuddin,kaleemuddin md,0,md aleemuddin,kaleemuddin md,md aleemuddin,kaleemuddin md,0.9080140863860938,0.45565385,0.76007326007326,0,0,6,0.3333333333333333,0.96,0,0,1,0.7699671
